hip,proper,ra,dec,mag,ci,spect,con,bayer,flam
32349,Sirius,6.752481,-16.716116,-1.44,0.009,A0m...,CMa,Alp,9
30438,Canopus,6.399195,-52.69566,-0.62,0.164,F0Ib,Car,Alp,
69673,Arcturus,14.26103,19.18241,-0.05,1.239,K2IIIp,Boo,Alp,16
71683,Rigil Kentaurus,14.660765,-60.833976,-0.01,0.71,G2V,Cen,Alp-1,
91262,Vega,18.61564,38.783692,0.03,-0.001,A0Vvar,Lyr,Alp,3
24608,Capella,5.27815,45.997991,0.08,0.795,M1: comp,Aur,Alp,13
24436,Rigel,5.242298,-8.20164,0.18,-0.03,B8Ia,Ori,Bet,19
37279,Procyon,7.655033,5.224993,0.4,0.432,F5IV-V,CMi,Alp,10
7588,Achernar,1.628556,-57.236757,0.45,-0.158,B3Vp,Eri,Alp,
27989,Betelgeuse,5.919529,7.407063,0.45,1.5,M2Ib,Ori,Alp,58
68702,Hadar,14.063729,-60.373039,0.61,-0.231,B1III,Cen,Bet,
97649,Altair,19.846388,8.868322,0.76,0.221,A7IV-V,Aql,Alp,53
60718,Acrux,12.443311,-63.099092,0.77,-0.243,B0.5IV,Cru,Alp-1,
21421,Aldebaran,4.598677,16.509301,0.87,1.538,K5III,Tau,Alp,87
,,5.277926,46.000842,0.96,,G0 III,Aur,,
65474,Spica,13.419883,-11.161322,0.98,-0.235,B1V,Vir,Alp,67
80763,Antares,16.490128,-26.432002,1.06,1.865,M1Ib + B2.5V,Sco,Alp,21
37826,Pollux,7.755277,28.026199,1.16,0.991,K0IIIvar,Gem,Bet,78
113368,Fomalhaut,22.960838,-29.622236,1.17,0.145,A3V,PsA,Alp,24
62434,Mimosa,12.795359,-59.688764,1.25,-0.238,B0.5III,Cru,Bet,
102098,Deneb,20.690532,45.280338,1.25,0.092,A2Ia,Cyg,Alp,50
71681,Toliman,14.660346,-60.8383,1.35,0.9,K1V,Cen,Alp-2,
49669,Regulus,10.139532,11.967207,1.36,-0.087,B7V,Leo,Alp,32
33579,Adhara,6.977097,-28.972084,1.5,-0.211,B2II,CMa,Eps,21
36850,Castor,7.576634,31.888276,1.58,0.034,A2Vm,Gem,Alp,66
61084,Gacrux,12.519429,-57.113212,1.59,1.6,M4III,Cru,Gam,
85927,Shaula,17.560145,-37.103821,1.62,-0.231,B1.5IV+...,Sco,Lam,35
25336,Bellatrix,5.418851,6.349702,1.64,-0.224,B2III,Ori,Gam,24
25428,Elnath,5.438198,28.60745,1.65,-0.13,B7III,Tau,Bet,112
45238,Miaplacidus,9.220041,-69.717208,1.67,0.07,A2IV,Car,Bet,
26311,Alnilam,5.603559,-1.20192,1.69,-0.184,B0Ia,Ori,Eps,46
109268,Alnair,22.137209,-46.960975,1.73,-0.07,B7IV,Gru,Alp,
26727,Alnitak,5.679313,-1.942572,1.74,-0.199,O9.5Ib SB,Ori,Zet,50
39953,,8.158876,-47.336588,1.75,-0.145,WC8 + O9I,Vel,Gam-2,
62956,Alioth,12.900472,55.959821,1.76,-0.022,A0p,UMa,Eps,77
90185,Kaus Australis,18.402868,-34.384616,1.79,-0.031,B9.5III,Sgr,Eps,20
15863,Mirfak,3.405378,49.86118,1.79,0.481,F5Ib,Per,Alp,33
54061,Dubhe,11.062155,61.751033,1.81,1.061,F7V comp,UMa,Alp,50
34444,Wezen,7.139857,-26.3932,1.83,0.671,F8Ia,CMa,Del,25
67301,Alkaid,13.792354,49.313265,1.85,-0.099,B3V SB,UMa,Eta,85
86228,Sargas,17.62198,-42.997824,1.86,0.406,F1II,Sco,The,
41037,Avior,8.375236,-59.509483,1.86,1.196,K3III+B2V,Car,Eps,
28360,Menkalinan,5.992149,44.947433,1.9,0.077,A2V,Aur,Bet,34
82273,Atria,16.811077,-69.027715,1.91,1.447,K2IIb-IIIa,TrA,Alp,
31681,Alhena,6.628528,16.399252,1.93,0.001,A0IV,Gem,Gam,24
42913,Alsephina,8.745059,-54.708821,1.93,0.043,A1V,Vel,Del,
100751,Peacock,20.427459,-56.73509,1.94,-0.118,B2IV,Pav,Alp,
11767,Polaris,2.52975,89.264109,1.97,0.636,F7:Ib-IIv SB,UMi,Alp,1
30324,Mirzam,6.378329,-17.955918,1.98,-0.24,B1II/III,CMa,Bet,2
46390,Alphard,9.45979,-8.658603,1.99,1.44,K3III,Hya,Alp,30
50583,Algieba,10.332873,19.841489,2.01,1.128,K0III,Leo,Gam-1,41
9884,Hamal,2.119555,23.462423,2.01,1.151,K2III,Ari,Alp,13
3419,Diphda,0.72649,-17.986605,2.04,1.019,K0III,Cet,Bet,16
92855,Nunki,18.92109,-26.296722,2.05,-0.134,B2.5V,Sgr,Sig,34
68933,Menkent,14.111395,-36.369954,2.06,1.011,K0IIIb,Cen,The,5
677,Alpheratz,0.139791,29.090432,2.07,-0.038,B9p,And,Alp,21
5447,Mirach,1.162194,35.620558,2.07,1.576,M0IIIvar,And,Bet,43
72607,Kochab,14.845105,74.155505,2.07,1.465,K4IIIvar,UMi,Bet,7
112122,Tiaki,22.711115,-46.884577,2.07,1.61,M5III,Gru,Bet,
27366,Saiph,5.795941,-9.669605,2.07,-0.168,B0.5Iavar,Ori,Kap,53
86032,Rasalhague,17.582241,12.560035,2.08,0.155,A5III,Oph,Alp,55
14576,Algol,3.136148,40.955648,2.09,-0.003,B8V,Per,Bet,26
9640,Almach,2.064984,42.329725,2.1,1.37,B8V,And,Gam-1,57
57632,Denebola,11.817663,14.57206,2.14,0.09,A3Vvar,Leo,Bet,94
4427,Cih,0.945143,60.71674,2.15,-0.046,B0IV:evar,Cas,Gam,27
61932,,12.691971,-48.959888,2.2,-0.023,A1IV,Cen,Gam,
39429,Naos,8.059737,-40.003148,2.21,-0.269,O5IAf,Pup,Zet,
45556,Aspidiske,9.284838,-59.275229,2.21,0.189,A8Ib,Car,Iot,
76267,Alphecca,15.578128,26.714693,2.22,0.032,A0V,CrB,Alp,5
65378,Mizar,13.398747,54.925362,2.23,0.057,A2V,UMa,Zet,79
100453,Sadr,20.370473,40.256679,2.23,0.673,F8Ib,Cyg,Gam,37
44816,Suhail,9.133268,-43.432589,2.23,1.665,K4Ib-II,Vel,Lam,
3179,Schedar,0.675116,56.537331,2.24,1.17,K0II-IIIvar,Cas,Alp,18
87833,Eltanin,17.943437,51.488895,2.24,1.521,K5III,Dra,Gam,33
25930,Mintaka,5.533445,-0.299092,2.25,-0.175,O9.5II,Ori,Del,34
746,Caph,0.152887,59.14978,2.28,0.38,F2III-IV,Cas,Bet,11
66657,,13.664796,-53.466394,2.29,-0.171,B1III,Cen,Eps,
78401,Dschubba,16.005557,-22.62171,2.29,-0.117,B0.2IV,Sco,Del,7
82396,Larawag,16.83608,-34.293232,2.29,1.144,K2IIIb,Sco,Eps,26
71860,,14.698823,-47.3882,2.3,-0.154,B1.5III,Lup,Alp,
71352,,14.591786,-42.157824,2.33,-0.157,B1Vn + A,Cen,Eta,
53910,Merak,11.030677,56.382427,2.34,0.033,A1V,UMa,Bet,48
72105,Izar,14.749784,27.074222,2.35,0.966,A0,Boo,Eps,36
107315,Enif,21.736433,9.875011,2.38,1.52,K2Ibvar,Peg,Eps,8
86670,,17.708132,-39.029983,2.39,-0.171,B1.5III,Sco,Kap,
2081,Ankaa,0.438056,-42.305981,2.4,1.083,K0III...,Phe,Alp,
58001,Phecda,11.897168,53.69476,2.41,0.044,A0V SB,UMa,Gam,64
84012,Sabik,17.172968,-15.72491,2.43,0.059,A2.5Va,Oph,Eta,35
113881,Scheat,23.062901,28.082789,2.44,1.655,M2II-IIIvar,Peg,Bet,53
105199,Alderamin,21.30963,62.585573,2.45,0.257,A7IV-V,Cep,Alp,5
35904,Aludra,7.401584,-29.303104,2.45,-0.083,B5Ia,CMa,Eta,31
45941,Markeb,9.368562,-55.010668,2.47,-0.141,B2IV,Vel,Kap,
102488,Aljanah,20.770178,33.970256,2.48,1.021,K0III,Cyg,Eps,53
113963,Markab,23.079348,15.205264,2.49,-0.002,B9.5III,Peg,Alp,54
81377,,16.619316,-10.56709,2.54,0.038,O9.5V,Oph,Zet,13
14135,Menkar,3.037992,4.089734,2.54,1.63,M2III,Cet,Alp,92
68002,,13.925667,-47.288375,2.55,-0.176,B2.5IV,Cen,Zet,
54872,Zosma,11.235138,20.523717,2.56,0.128,A4V,Leo,Del,68
78820,Acrab,16.09062,-19.805453,2.56,-0.065,B0.5V,Sco,Bet-1,8
59196,,12.13931,-50.722425,2.58,-0.128,B2IVne,Cen,Del,
59803,Gienah,12.263437,-17.541929,2.58,-0.107,B8III,Crv,Gam,4
25985,Arneb,5.545504,-17.822289,2.58,0.211,F0Ib,Lep,Alp,11
93506,Ascella,19.043532,-29.880105,2.6,0.062,A3IV,Sgr,Zet,38
74785,Zubeneschamali,15.283449,-9.382917,2.61,-0.071,B8V,Lib,Bet,27
77070,Unukalhai,15.737798,6.425627,2.63,1.167,K2III,Ser,Alp,24
8903,Sheratan,1.910668,20.808035,2.64,0.165,A5V...,Ari,Bet,6
61359,Kraz,12.573121,-23.396759,2.65,0.893,G5II,Crv,Bet,9
26634,Phact,5.660817,-34.074108,2.65,-0.12,B7IV,Col,Alp,
28380,Mahasim,5.995351,37.212585,2.65,-0.083,A0p Si,Aur,The,37
6686,Ruchbah,1.430216,60.235283,2.66,0.16,A5Vv SB,Cas,Del,37
67927,Muphrid,13.911411,18.397717,2.68,0.58,G0IV,Boo,Eta,8
73273,,14.975537,-43.13396,2.68,-0.184,B2III,Lup,Bet,
52727,,10.779488,-49.420255,2.69,0.901,G5III SB,Vel,Mu,
61585,,12.619739,-69.135564,2.69,-0.176,B2IV-V,Mus,Alp,
23015,Hassaleh,4.949894,33.16609,2.69,1.49,K3IIvar,Aur,Iot,3
85696,Lesath,17.512732,-37.295811,2.7,-0.179,B2IV,Sco,Ups,34
35264,,7.285711,-37.09747,2.71,1.616,K3Ib,Pup,Pi,
89931,Kaus Media,18.3499,-29.828103,2.72,1.38,K3III,Sgr,Del,19
97278,Tarazed,19.770994,10.613261,2.72,1.507,K3II,Aql,Gam,50
79593,Yed Prior,16.239094,-3.694323,2.73,1.584,M1III,Oph,Del,1
80331,Athebyne,16.39986,61.514213,2.73,0.91,G8III,Dra,Eta,14
52419,,10.715949,-64.39445,2.74,-0.22,B0Vp,Car,The,
61941,Porrima,12.694345,-1.449375,2.74,0.368,F0V+...,Vir,Gam,29
65109,,13.343296,-36.712295,2.75,0.068,A2V,Cen,Iot,
72622,Zubenelgenubi,14.847977,-16.041778,2.75,0.147,A3IV,Lib,Alp-2,9
26241,Hatysa,5.590551,-5.909901,2.75,-0.21,O9III,Ori,Iot,44
86742,Cebalrai,17.724543,4.567303,2.76,1.168,K2III,Oph,Bet,60
80816,Kornephoros,16.503668,21.489613,2.78,0.947,G8III,Her,Bet,27
84345,Rasalgethi,17.244127,14.390333,2.78,1.164,M5IIvar,Her,Alp-1,64
23875,Cursa,5.130829,-5.086446,2.78,0.161,A3IIIvar,Eri,Bet,67
59747,Imai,12.252427,-58.748928,2.79,-0.193,B2IV,Cru,Del,
85670,Rastaban,17.507213,52.301387,2.79,0.954,G2II,Dra,Bet,23
76297,,15.585681,-41.166757,2.8,-0.216,B2IV,Lup,Gam,
81693,,16.688113,31.602726,2.81,0.65,F9IV,Her,Zet,40
25606,Nihal,5.470756,-20.759441,2.81,0.807,G5II,Lep,Bet,9
2021,,0.427916,-77.254247,2.82,0.618,G2IV,Hyi,Bet,
81266,Paikauhale,16.598043,-28.216016,2.82,-0.206,B0V,Sco,Tau,23
90496,Kaus Borealis,18.466179,-25.4217,2.82,1.025,K1IIIb,Sgr,Lam,22
1067,Algenib,0.220598,15.183596,2.83,-0.19,B2IV,Peg,Gam,88
77952,,15.919083,-63.430727,2.83,0.315,F2III,TrA,Bet,
39757,Tureis,8.125737,-24.304324,2.83,0.458,F2mF5IIp,Pup,Rho,15
85258,,17.421665,-55.529884,2.84,1.479,K3Ib-II,Ara,Bet,
85792,,17.530695,-49.876145,2.84,-0.136,B2Vne,Ara,Alp,
18246,,3.9022,31.883635,2.84,0.271,B1Ib,Per,Zet,44
63608,Vindemiatrix,13.036278,10.95915,2.85,0.934,G8IIIvar,Vir,Eps,47
107556,Deneb Algedi,21.784011,-16.127286,2.85,0.18,A5mF2 (IV),Cap,Del,49
17702,Alcyone,3.79141,24.105137,2.85,-0.086,B7III,Tau,Eta,25
,Castor B,7.576827,31.89052,2.85,,A m,Gem,Alp,66
9236,,1.979451,-61.569859,2.86,0.29,F0V,Hyi,Alp,
97165,Fawaris,19.749574,45.13081,2.86,-0.002,B9.5III,Cyg,Del,18
74946,,15.315181,-68.679545,2.87,0.014,A1V,TrA,Gam,
110130,,22.308371,-60.259587,2.87,1.39,K3III,Tuc,Alp,
30343,Tejat,6.382673,22.513586,2.87,1.621,M3IIIvar,Gem,Mu,13
94141,Albaldah,19.162731,-21.023615,2.88,0.377,F2II/III,Sgr,Pi,41
13847,Acamar,2.971023,-40.304672,2.88,0.128,A4III+...,Eri,The-1,
63125,Cor Caroli,12.933807,38.31838,2.89,-0.115,A0spe...,CVn,Alp-2,12
78265,Fang,15.980865,-26.114105,2.89,-0.18,B1V + B2V,Sco,Pi,6
36188,Gomeisa,7.452512,8.289315,2.89,-0.097,B8Vvar,CMi,Bet,3
80112,Alniyat,16.353143,-25.592796,2.9,0.299,B1III,Sco,Sig,20
106278,Sadalsuud,21.525982,-5.571172,2.9,0.828,G0Ib,Aqr,Bet,22
18532,,3.96423,40.010215,2.9,-0.199,B0.5V,Per,Eps,45
14328,,3.079942,53.50644,2.91,0.716,G8III+...,Per,Gam,23
48002,,9.785036,-65.072007,2.92,0.273,A9,Car,Ups,
112158,Matar,22.716704,30.221245,2.93,0.852,G2II-III..,Peg,Eta,44
60965,Algorab,12.497739,-16.515432,2.94,-0.012,B9.5V,Crv,Del,7
32768,,6.832266,-50.61456,2.94,1.207,K0III...,Pup,Tau,
109074,Sadalmelik,22.096399,-0.319851,2.95,0.969,G2Ib,Aqr,Alp,34
18543,Zaurak,3.967157,-13.508515,2.97,1.588,M1IIIb Ca-1,Eri,Gam,34
26451,Tianguan,5.627413,21.142549,2.97,-0.148,B4IIIp,Tau,Zet,123
47908,Ras Elased Australis,9.764188,23.774255,2.97,0.808,G0II,Leo,Eps,17
88635,Alnasl,18.096803,-30.424091,2.98,0.981,K0III,Sgr,Gam-2,10
64962,,13.315359,-23.171512,2.99,0.92,G8III,Hya,Gam,46
87073,,17.793078,-40.126997,2.99,0.509,F3Ia,Sco,Iot-1,
93747,Okab,19.090169,13.863478,2.99,0.014,A0Vn,Aql,Zet,17
54539,,11.161062,44.498487,3.0,1.144,K1III,UMa,Psi,52
75097,Pherkad,15.345483,71.834016,3.0,0.058,A3II-III,UMi,Gam,13
82514,Xamidimura,16.864509,-38.04738,3.0,-0.2,B1.5IV + B,Sco,Mu-1,
10064,,2.159058,34.987297,3.0,0.14,A5III,Tri,Bet,4
108085,Aldhanab,21.898808,-37.364852,3.0,-0.084,B8III,Gru,Gam,
17358,,3.715416,47.787551,3.01,-0.125,B5III SB,Per,Del,39
59316,,12.168746,-22.619766,3.02,1.326,K2III,Crv,Eps,2
30122,Furud,6.338553,-30.063367,3.02,-0.16,B2.5V,CMa,Zet,1
33977,,7.050409,-23.833291,3.02,-0.077,B3Ia,CMa,Omi-2,24
23416,Almaaz,5.032815,43.823308,3.03,0.537,F0Ia,Aur,Eps,7
62322,,12.771346,-68.108119,3.04,-0.178,B2V,Mus,Bet,
71075,Seginus,14.534636,38.308253,3.04,0.191,A7IIIvar,Boo,Gam,27
95947,Albireo,19.512023,27.959681,3.05,1.088,K3II+...,Cyg,Bet-1,6
100345,Dabih,20.350187,-14.781367,3.05,0.79,A5:n,Cap,Bet,9
50801,Tania Australis,10.372155,41.499516,3.06,1.603,M0III SB,UMa,Mu,34
32246,Mebsuta,6.732202,25.131124,3.06,1.377,A3mA6-A9,Gem,Eps,27
94376,Altais,19.209225,67.661541,3.07,0.99,G9III,Dra,Del,57
89642,,18.293793,-36.761686,3.1,1.582,M2III,Sgr,Eta,
52943,,10.827079,-16.193648,3.11,1.232,K0/K1III,Hya,Nu,
56561,,11.596363,-63.019841,3.11,-0.044,B9II:,Cen,Lam,
101772,,20.626116,-47.291502,3.11,0.998,K0III,Ind,Alp,
43813,,8.92323,5.945563,3.11,0.978,G8III-IV,Hya,Zet,16
83081,,16.977006,-55.990141,3.12,1.552,K5III,Ara,Zet,
84379,Sarin,17.250531,24.839204,3.12,0.08,A3IVv SB,Her,Del,65
27628,Wazn,5.849329,-35.768309,3.12,1.146,K1.5III,Col,Bet,
44127,Talitha,8.986828,48.041826,3.12,0.223,A7IV,UMa,Iot,9
73334,,14.986025,-42.104194,3.13,-0.208,B2IV,Cen,Kap,
45860,,9.350925,34.392562,3.14,1.55,M0IIIvar,Lyn,Alp,40
84380,,17.250788,36.809162,3.16,1.437,K3IIvar,Her,Pi,67
46701,,9.520371,-57.034377,3.16,1.538,K5III,Vel,,
83895,Aldhibah,17.146448,65.714683,3.17,-0.12,B6III,Dra,Zet,22
92041,,18.76094,-26.990778,3.17,-0.107,B8.5III,Sgr,Phi,27
31685,,6.629353,-43.195934,3.17,-0.103,B8III SB,Pup,Nu,
46853,,9.547715,51.6773,3.17,0.475,F6IV,UMa,The,25
71908,,14.708492,-64.975138,3.18,0.256,F1Vp,Cir,Alp,
23767,Haedus,5.10858,41.234474,3.18,-0.148,B3V,Aur,Eta,10
83000,,16.961139,9.375033,3.19,1.16,K2IIIvar,Oph,Kap,27
87261,Fuyue,17.830965,-37.043304,3.19,1.192,K0/K1III,Sco,,
22449,Tabit,4.830669,6.961276,3.19,0.484,F6V,Ori,Pi-3,1
23685,,5.091018,-22.371032,3.19,1.46,K4III,Lep,Eps,2
104732,,21.215607,30.226916,3.21,0.99,G8II SB,Cyg,Zet,64
116727,Errai,23.65582,77.632276,3.21,1.031,K1IV,Cep,Gam,35
75141,,15.356201,-40.647518,3.22,-0.227,B1.5IV,Lup,Del,
79882,Yed Posterior,16.305358,-4.692511,3.23,0.966,G8III,Oph,Eps,2
89962,,18.355167,-2.898825,3.23,0.941,K0III-IV,Ser,Eta,58
106032,Alfirk,21.477662,70.560716,3.23,-0.201,B2IIIv SB,Cep,Bet,8
99473,,20.188413,-0.821461,3.24,-0.066,B9.5III,Aql,The,65
32607,,6.803194,-61.941391,3.24,0.225,A7IV,Pic,Alp,
68895,,14.106193,-26.682361,3.25,1.091,K2III,Hya,Pi,49
73714,Brachium,15.067839,-25.281965,3.25,1.674,M3/M4III,Lib,Sig,20
93194,Sulafat,18.982395,32.689557,3.25,-0.049,B9III,Lyr,Gam,14
36377,,7.487179,-43.301432,3.25,1.509,K5III SB,Pup,Sig,
17678,,3.787295,-74.238962,3.26,1.59,M2III,Hyi,Gam,
3092,,0.655462,30.861024,3.27,1.268,K3III...,And,Del,31
84970,,17.366827,-24.999545,3.27,-0.186,B2IV,Oph,The,42
113136,Skat,22.910837,-15.82082,3.27,0.066,A3V,Aqr,Del,76
50099,,10.228961,-70.037903,3.29,-0.074,B8III,Car,Ome,
75458,Edasich,15.415494,58.966065,3.29,1.166,K2III,Dra,Iot,12
24305,,5.215528,-16.205468,3.29,-0.11,B9IV: HgMn,Lep,Mu,5
51576,,10.533743,-61.685332,3.3,-0.089,B4Vne,Car,,
21281,,4.566598,-55.044975,3.3,-0.079,A0V:,Dor,Alp,
85267,,17.423239,-56.377727,3.31,-0.15,B1Ib,Ara,Gam,
29655,Propus,6.247961,22.506799,3.31,1.6,M3III,Gem,Eta,7
5165,,1.101407,-46.718414,3.32,0.885,G8IIIvar,Phe,Bet,
59774,Megrez,12.257086,57.032617,3.32,0.077,A3Vvar,UMa,Del,69
84143,,17.202552,-43.239189,3.32,0.441,F3p,Sco,Eta,
88048,,17.983775,-9.773632,3.32,0.987,K0III,Oph,Nu,64
93864,,19.11567,-27.670423,3.32,1.169,K1/K2III,Sgr,Tau,40
14354,,3.08627,38.840274,3.32,1.528,M3IIIvar,Per,Rho,25
54879,Chertan,11.237335,15.42957,3.33,-0.003,A2V,Leo,The,70
19780,,4.240404,-62.473858,3.33,0.915,G7III,Ret,Alp,
38170,Azmidi,7.821571,-24.859786,3.34,1.218,G6Ia,Pup,Xi,7
8886,Segin,1.906584,63.670101,3.35,-0.15,B2pvar,Cas,Eps,45
25281,,5.407949,-2.397146,3.35,-0.24,B1V + B2,Ori,Eta,28
32362,Alzirr,6.754824,12.895591,3.35,0.443,F5IV,Gem,Xi,31
41704,Muscida,8.504431,60.718169,3.35,0.856,G4II-III,UMa,Omi,1
95501,,19.424972,3.114775,3.36,0.319,F0IV,Aql,Del,30
75264,,15.378021,-44.689622,3.37,-0.191,B2IV-V,Lup,Eps,
66249,Heze,13.57822,-0.59582,3.38,0.114,A3V,Vir,Zet,79
43109,Ashlesha,8.779587,6.418809,3.38,0.685,G0III-IV,Hya,Eps,11
50371,,10.28472,-61.332304,3.39,1.541,K3II,Car,,
63090,Minelauva,12.926725,3.39747,3.39,1.571,M3III,Vir,Del,43
109492,,22.180908,58.201261,3.39,1.558,K1Ibv SB,Cep,Zet,21
26207,Meissa,5.585633,9.934158,3.39,-0.16,O...,Ori,Lam,39
,,17.172783,-15.726921,3.4,,A3 V,Oph,,
20894,Chamukuy,4.477705,15.870883,3.4,0.179,A7III,Tau,The-2,78
6867,,1.472759,-43.318234,3.41,1.542,K5II-III,Phe,Gam,
67464,,13.825078,-41.687709,3.41,-0.225,B2IV,Cen,Nu,
74395,,15.20476,-52.099247,3.41,0.918,G8III,Lup,Zet,
102422,,20.754811,61.838782,3.41,0.912,K0IV,Cep,Eta,3
112029,Homam,22.691033,10.831364,3.41,-0.086,B8.5V,Peg,Zet,42
18724,,4.011338,12.490347,3.41,-0.099,B3V + A,Tau,Lam,35
8796,Mothallah,1.884696,29.578829,3.42,0.488,F6IV,Tri,Alp,2
78384,,16.002036,-38.396706,3.42,-0.206,B2.5IV,Lup,Eta,
86974,,17.774319,27.720676,3.42,0.75,G5IV,Her,Mu,86
102395,,20.749314,-66.203212,3.42,0.163,A5IV,Pav,Bet,
50335,Adhafera,10.278171,23.417311,3.43,0.307,F0III,Leo,Zet,36
93805,,19.10415,-4.882554,3.43,-0.096,B9Vn,Aql,Lam,16
45080,,9.182804,-58.966896,3.43,-0.19,B2IV,Car,,
50372,Tania Borealis,10.284952,42.914365,3.45,0.029,A2IV,UMa,Lam,33
3821,Achird,0.81826,57.815187,3.46,0.587,G0V SB,Cas,Eta,24
5364,,1.143164,-10.182264,3.46,1.161,K2III,Cet,Eta,31
74666,,15.258376,33.314833,3.46,0.961,G8III,Boo,Del,49
38827,,7.946313,-52.98236,3.46,-0.177,B3IVp,Car,Chi,
67472,,13.826943,-42.473732,3.47,-0.17,B2IV-Ve,Cen,Mu,
12706,Kaffaljidhma,2.721678,3.235818,3.47,0.093,A3V,Cet,Gam,86
49583,,10.122209,16.762664,3.48,-0.031,A0Ib,Leo,Eta,30
81833,,16.714933,38.922254,3.48,0.916,G8III-IV,Her,Eta,44
8102,,1.734479,-15.93748,3.49,0.727,G8V,Cet,Tau,52
55219,Alula Borealis,11.307983,33.094306,3.49,1.4,K3III SB,UMa,Nu,54
73555,Nekkar,15.032436,40.390566,3.49,0.956,G8III,Boo,Bet,42
90422,,18.449561,-45.968459,3.49,-0.179,B3IV,Tel,Alp,
112623,,22.809239,-51.316864,3.49,0.083,A3V,Gru,Eps,
33856,Nganurganity,7.028652,-27.93483,3.49,1.729,K4III,CMa,Sig,22
112724,,22.82802,66.200408,3.5,1.053,K0III,Cep,Iot,32
32759,,6.830683,-32.508478,3.5,-0.116,B1.5IVne,CMa,Kap,13
35550,Wasat,7.335383,21.98232,3.5,0.374,F0IV...,Gem,Del,55
98337,,19.979285,19.492148,3.51,1.571,K5III,Sge,Gam,12
112748,Sadalbari,22.833385,24.601579,3.51,0.933,M2III,Peg,Mu,48
,,12.694171,-1.449235,3.52,,F0 V,Vir,Gam,29
92420,Sheliak,18.834665,33.362667,3.52,0.003,A8:V comp SB,Lyr,Bet,10
93085,,18.962167,-21.106654,3.52,1.151,G8/K0II/III,Sgr,Xi-2,37
109427,Biham,22.169996,6.197865,3.52,0.086,A2V,Peg,The,26
17378,Rana,3.720806,-9.763395,3.52,0.915,K0IV,Eri,Del,23
47508,Subra,9.685843,9.892308,3.52,0.516,A5V+...,Leo,Omi,14
48774,,9.947708,-54.56779,3.52,-0.067,B5Ib,Vel,Phi,
20889,Ain,4.476943,19.180431,3.53,1.014,K0III,Tau,Eps,74
40526,Tarf,8.275256,9.185545,3.53,1.481,K4III,Cnc,Bet,17
56343,,11.550038,-31.857625,3.54,0.947,G8III,Hya,Xi,
77516,,15.827002,-3.430208,3.54,-0.036,A0V,Ser,Mu,32
86263,,17.626445,-15.398557,3.54,0.262,F0IIIp,Ser,Xi,55
69996,,14.323396,-46.058093,3.55,-0.184,B2.5IV,Lup,Iot,
89937,,18.350736,72.732843,3.55,0.489,F7Vvar,Dra,Chi,44
99240,,20.145157,-66.182068,3.55,0.751,G5IV-Vvar,Pav,Del,
20042,,4.298237,-33.798348,3.55,-0.108,B9V,Eri,Ups-4,41
27288,,5.782595,-14.82195,3.55,0.104,A2Vann,Lep,Zet,14
1562,,0.323799,-8.823921,3.56,1.214,K2III,Cet,Iot,8
55282,,11.322347,-14.778541,3.56,1.112,K0III,Crt,Del,12
82545,Pipirima,16.872263,-38.017536,3.56,-0.21,B2IV,Sco,Mu-2,
10602,,2.275154,-51.512165,3.56,-0.12,B8IV-V,Eri,Phi,
71053,,14.5305,30.371437,3.57,1.298,K3III,Boo,Rho,25
75177,,15.36344,-36.261376,3.57,1.534,K5III,Lup,Phi-1,
37740,,7.740793,24.397993,3.57,0.932,G8III,Gem,Kap,77
44471,Alkaphrah,9.060427,47.156525,3.57,0.007,A1Vn,UMa,Kap,12
100064,Algedi,20.300904,-12.544852,3.58,0.883,G6/G8III,Cap,Alp-2,6
35350,,7.30155,16.540383,3.58,0.106,A3V...,Gem,Lam,54
7607,Nembus,1.633205,48.628213,3.59,1.275,K3III,And,,51
57757,Zavijava,11.844922,1.764718,3.59,0.518,F8V,Vir,Bet,5
60260,Ginan,12.356031,-60.401147,3.59,1.389,K3/K4III,Cru,Eps,
24674,,5.293442,-6.844409,3.59,-0.115,B5III,Ori,Tau,20
27072,,5.741057,-22.448382,3.59,0.481,F7V,Lep,Gam,13
6537,,1.40039,-8.183257,3.6,1.065,K0III,Cet,The,45
76470,,15.61707,-28.135079,3.6,1.361,K3III,Lib,Ups,39
85727,,17.518318,-60.683848,3.6,-0.104,B8V,Ara,Del,
33018,,6.879816,33.961254,3.6,0.102,A3III,Gem,The,34
42536,,8.671554,-52.921887,3.6,-0.168,B3IV,Vel,Omi,
46651,,9.511674,-40.466769,3.6,0.371,F2IV,Vel,Psi,
49841,,10.176467,-12.354083,3.61,1.007,K0III,Hya,Lam,41
63613,,13.037759,-71.548855,3.61,1.19,K2III,Mus,Del,
86929,,17.762221,-64.723871,3.61,1.161,K1III,Pav,Eta,
13209,Bharani,2.833063,27.260507,3.61,-0.1,B8Vn,Ari,,41
15900,,3.413554,9.02887,3.61,0.887,G8III,Tau,Omi,1
7097,Alpherg,1.524725,15.345823,3.62,0.974,G8III,Psc,Eta,99
82729,,16.909731,-42.361313,3.62,1.393,K4III,Sco,Zet-2,
113726,,23.032017,42.325979,3.62,-0.099,B6pv SB,And,Omi,1
17847,Atlas,3.819373,24.053415,3.62,-0.07,B8III,Tau,,27
37819,,7.754249,-37.968584,3.62,1.706,K4III,Pup,,
57363,,11.760141,-66.728763,3.63,0.16,A7III,Mus,Lam,
101769,Rotanev,20.625816,14.595087,3.64,0.425,F5IV,Del,Bet,6
77233,,15.769793,15.421826,3.65,0.073,A3V,Ser,Bet,28
88714,,18.11052,-50.091477,3.65,-0.101,B2Ib,Ara,The,
110960,,22.480531,-0.019972,3.65,0.406,F3III-IV,Aqr,Zet-1,55
20205,Prima Hyadum,4.329889,15.627642,3.65,0.981,G8III,Tau,Gam,54
46733,,9.525453,63.061861,3.65,0.36,F0IV,UMa,,23
75695,Nusakan,15.463818,29.105703,3.66,0.319,F0p,CrB,Bet,3
76600,,15.64427,-29.777754,3.66,-0.177,B2.5V,Lib,Tau,40
68756,Thuban,14.073165,64.37585,3.67,-0.049,A0III SB,Dra,Alp,11
103227,,20.913498,-58.454155,3.67,1.25,K0III,Ind,Bet,
97365,,19.789795,18.534286,3.68,1.313,M2II + B6,Sge,Del,7
114341,,23.157443,-21.17241,3.68,1.202,K1III,Aqr,,88
22549,,4.853434,5.605104,3.68,-0.157,B2III SB,Ori,Pi-4,3
42828,,8.726539,-33.186385,3.68,-0.18,B1.5III,Pyx,Alp,
2920,Fulu,0.616188,53.896909,3.69,-0.196,B2IV,Cas,Zet,17
9007,,1.932564,-51.608896,3.69,0.844,G5IV,Eri,Chi,
57399,Taiyangshou,11.767515,47.779406,3.69,1.181,K0III,UMa,Chi,63
106985,Nashira,21.668181,-16.662308,3.69,0.32,A7III:mp...,Cap,Gam,40
23453,Saclateni,5.041301,41.075837,3.69,1.154,K4II comp,Aur,Zet,8
47854,,9.754117,-62.507903,3.69,1.01,G5Iab/Ib,Car,,
87933,,17.962744,29.24788,3.7,0.935,K0III,Her,Xi,92
114971,,23.286094,3.282289,3.7,0.916,G7III,Psc,Gam,6
15474,,3.325278,-21.757864,3.7,1.614,M3/M4III,Eri,Tau-4,16
77622,,15.846935,4.47773,3.71,0.147,A2m,Ser,Eps,37
88771,,18.122496,9.563847,3.71,0.159,A4IVs,Oph,,72
98036,Alshain,19.921887,6.406763,3.71,0.855,G8IVvar,Aql,Bet,60
22797,,4.904193,2.440672,3.71,-0.179,B2III SB,Ori,Pi-5,8
28103,,5.940082,-14.1677,3.71,0.337,F1V,Lep,Eta,16
38414,,7.870288,-40.575786,3.71,1.012,G5III...,Pup,,
104060,,21.082184,43.927852,3.72,1.609,K5Ibv SB,Cyg,Xi,62
16537,Ran,3.548848,-9.458262,3.72,0.881,K2V,Eri,Eps,18
17499,Electra,3.747927,24.113339,3.72,-0.105,B6III,Tau,,17
28358,,5.992111,54.284656,3.72,1.01,K0III,Aur,Del,33
72220,,14.770812,1.892885,3.73,-0.005,A0V,Vir,,109
87585,Grumium,17.892134,56.872643,3.73,1.177,K2III,Dra,Xi,32
107089,,21.691253,-77.390046,3.73,1.008,K0III,Oct,Nu,
112961,,22.87691,-7.579599,3.73,1.626,M2IIIvar,Aqr,Lam,73
16083,,3.45282,9.73268,3.73,-0.082,B9Vn,Tau,Xi,2
8645,Baten Kaitos,1.857676,-10.335038,3.74,1.136,K2III,Cet,Zet,55
80170,,16.365338,19.15313,3.74,0.299,A9III,Her,Gam,20
104887,,21.246517,38.045317,3.74,0.393,F1IV,Cyg,Tau,65
87108,,17.798211,2.707276,3.75,0.043,A0V,Oph,Gam,62
44511,,9.069248,-47.097737,3.75,1.174,K2III,Vel,,
93683,,19.07805,-21.741496,3.76,1.012,K0III,Sgr,Omi,39
95853,,19.495098,51.729779,3.76,0.148,A5Vn,Cyg,Iot-2,10
111169,,22.521515,50.282491,3.76,0.031,A1V,Lac,Alp,7
26069,,5.560421,-62.489825,3.76,0.64,F6Ia,Dor,Bet,
27654,,5.855357,-20.879089,3.76,0.984,G8III/IV,Lep,Del,15
30867,,6.480297,-7.033062,3.76,-0.113,B3Ve,Mon,Bet,11
82363,,16.82976,-59.041378,3.77,1.562,K5III,Ara,Eta,
13268,Miram,2.844945,55.895496,3.77,1.69,K3Ib comp SB,Per,Eta,15
101958,Sualocin,20.660635,15.912072,3.77,-0.057,B9V,Del,Alp,9
105881,,21.444452,-22.411332,3.77,1.002,G4Ibp...,Cap,Zet,34
109176,,22.116847,25.345112,3.77,0.435,F5V,Peg,Iot,24
17529,,3.753232,42.578549,3.77,0.425,F5IIvar,Per,Nu,41
20455,Secunda Hyadum,4.382247,17.542514,3.77,0.983,G8III,Tau,Del-1,61
26549,,5.645769,-2.600069,3.77,-0.19,O9.5V...,Ori,Sig,48
41312,,8.428951,-66.13689,3.77,1.132,K2IIIvar,Vol,Bet,
42570,,8.677103,-46.648744,3.77,0.67,F3Ia,Vel,,
53253,,10.891559,-58.853171,3.78,0.945,K0III-IV...,Car,,
71795,,14.68582,13.7283,3.78,0.044,A3IVn,Boo,Zet,30
102618,Albali,20.794598,-9.495776,3.78,0.0,A1V,Aqr,Eps,2
34481,,7.145788,-70.498932,3.78,1.006,G8IIIvar,Vol,Gam-2,
36046,,7.428779,27.79808,3.78,1.024,G9III+...,Gem,Iot,60
48319,,9.849867,59.038735,3.78,0.291,F0IV,UMa,Ups,29
53229,Praecipua,10.888526,34.214871,3.79,1.04,K0III-IV,LMi,,46
14668,Misam,3.158258,44.857544,3.79,0.98,K0III,Per,Kap,27
76276,,15.580041,10.538867,3.8,0.268,F0IV,Ser,Del,13
94779,,19.28504,53.368459,3.8,0.95,K0III,Cyg,Kap,1
99675,,20.227196,46.741329,3.8,1.27,K2II+...,Cyg,,31
14879,Dalim,3.201249,-28.987618,3.8,0.543,F8V,For,Alp,
37229,,7.647186,-26.803836,3.8,-0.159,B5IV,Pup,,
51232,,10.464649,-58.739403,3.81,0.317,F2II,Car,,
76952,,15.712381,26.295637,3.81,0.02,A1Vs,CrB,Gam,8
116584,,23.626056,46.458152,3.81,0.984,G8III-IV,And,Lam,16
21393,Theemin,4.592512,-30.562341,3.81,0.957,G8III,Eri,Ups-2,52
56211,Giausar,11.523407,69.331076,3.82,1.613,M0IIIvar,Dra,Lam,1
80883,Marfik,16.515229,1.983923,3.82,0.022,A2V,Oph,Lam,10
86414,,17.657747,46.006332,3.82,-0.179,B3V SB,Her,Iot,85
9487,Alrescha,2.034117,2.763759,3.82,0.024,A2,Psc,Alp,113
45688,,9.314069,36.802597,3.82,0.066,A1V,Lyn,,38
51069,,10.434842,-16.83629,3.83,1.456,K4III,Hya,Mu,42
68245,,13.971186,-42.100753,3.83,-0.224,B2IV,Cen,Phi,
72370,,14.797701,-79.044751,3.83,1.433,K5III,Aps,Alp,
51624,,10.546853,9.306586,3.84,-0.148,B1Ib SB,Leo,Rho,47
51986,,10.621717,-48.22562,3.84,0.3,A3m+...,Vel,,
61199,,12.541134,-72.132988,3.84,-0.157,B5V,Mus,Gam,
88794,,18.125708,28.762488,3.84,-0.018,B9.5V,Her,Omi,103
89341,Polis,18.229392,-21.058834,3.84,0.195,B2III:,Sgr,Mu,13
97433,,19.80285,70.26793,3.84,0.888,G8III,Dra,Eps,63
17440,,3.736593,-64.806903,3.84,1.133,K0IV SB,Ret,Bet,
17448,Atik,3.738648,32.288248,3.84,0.022,B1III,Per,Omi,38
20885,,4.476248,15.962181,3.84,0.952,G7III,Tau,The-1,77
43783,,8.917457,-60.644609,3.84,-0.104,B8III,Car,,
50191,,10.245607,-42.121942,3.85,0.051,A2V,Vel,,
61281,,12.558058,69.788238,3.85,-0.116,B6IIIp,Dra,Kap,5
61622,,12.628394,-48.541304,3.85,0.049,A2V,Cen,Tau,
78072,,15.940882,15.661617,3.85,0.478,F6V,Ser,Gam,41
90139,,18.394967,21.769752,3.85,1.168,K2III,Her,,109
91117,,18.586785,-8.244073,3.85,1.317,K2III,Sct,Alp,
19747,,4.233363,-42.294368,3.85,1.085,K1III,Hor,Alp,
27321,,5.788079,-51.066514,3.85,0.171,A3V,Pic,Bet,
30277,,6.368564,-33.4364,3.85,0.858,G7II,Col,Del,
4436,,0.945885,38.499345,3.86,0.13,A5V,And,Mu,37
79664,,16.257297,-63.685682,3.86,1.105,G5II,TrA,Del,
81065,,16.557609,-78.897148,3.86,0.923,K0IV SB,Aps,Gam,
87808,,17.93755,37.250539,3.86,1.35,K1IIvar,Her,The,91
110395,Sadachbia,22.360938,-1.387331,3.86,-0.057,A0V,Aqr,Gam,48
21594,Sceptrum,4.63634,-14.30402,3.86,1.082,K1III,Eri,,53
25859,,5.520209,-35.470519,3.86,1.13,K1II/III,Col,Eps,
68282,,13.977987,-44.803584,3.87,-0.208,B2IV-V,Cen,Ups-1,
71957,,14.717673,-5.658207,3.87,0.385,F2III,Vir,Mu,107
78104,Iklil,15.948077,-29.214073,3.87,-0.199,B2IV/V,Sco,Rho,5
97804,,19.874547,1.005661,3.87,0.63,F6Ibv SB,Aql,Eta,55
17573,Maia,3.763779,24.367748,3.87,-0.063,B8III,Tau,,20
43023,,8.767124,-46.041527,3.87,0.015,A1III,Vel,,
765,,0.156836,-45.747426,3.88,1.013,K0III,Phe,Eps,
8832,Mesarthim,1.89217,19.293852,3.88,-0.047,A1p Si,Ari,Gam-2,5
74376,,15.198918,-48.737819,3.88,-0.029,B9V,Lup,Kap-1,
114421,,23.17264,-45.246711,3.88,0.998,K0III SB,Gru,Iot,
48455,Rasalas,9.879398,26.006951,3.88,1.222,K0III,Leo,Mu,24
60129,Zaniah,12.331766,-0.666803,3.89,0.026,A2IV,Vir,Eta,15
98110,,19.938438,35.083424,3.89,1.019,K0IIIvar,Cyg,Eta,21
13701,Azha,2.940458,-8.898144,3.89,1.088,K1III-IV,Eri,Eta,3
33152,,6.902209,-24.184211,3.89,1.74,K3Iab,CMa,Omi-1,16
45336,,9.239405,2.31428,3.89,-0.06,B9.5V,Hya,The,22
55425,,11.350117,-54.491019,3.9,-0.157,B5Vn,Cen,Pi,
65936,,13.517405,-39.407307,3.9,1.186,G8II/III,Cen,,
47431,Ukdah,9.664267,-1.14281,3.9,1.313,K3IIIvar,Hya,Iot,35
60823,,12.467331,-50.230635,3.91,-0.192,B3V,Cen,Sig,
73807,,15.085303,-47.051245,3.91,-0.144,B5,Lup,Pi,
76333,Zubenelhakrabi,15.592105,-14.789537,3.91,1.007,K0III,Lib,Gam,38
79992,,16.329011,46.313366,3.91,-0.151,B5IV,Her,Tau,22
18907,,4.052606,5.989305,3.91,0.032,A1V,Tau,Nu,38
41307,,8.427676,-3.906424,3.91,-0.012,A0V,Hya,,
83207,,17.004827,30.926405,3.92,-0.018,A0V,Her,Eps,58
95168,,19.361211,-17.847197,3.92,0.228,F0III/IV,Sgr,Rho-1,44
104987,Kitalpha,21.263731,5.247845,3.92,0.549,G0III+...,Equ,Alp,8
2072,,0.436716,-43.679829,3.93,0.175,A7V,Phe,Kap,
7083,,1.520851,-49.072702,3.93,0.972,K0III-IV,Phe,Del,
54463,,11.143165,-58.975037,3.93,1.225,G0Ia0,Car,,
78933,,16.113452,-20.669192,3.93,-0.046,B1V,Sco,Ome-1,9
88192,,18.010754,2.931568,3.93,0.029,B5Ib,Oph,,67
13531,,2.904295,52.762479,3.93,0.758,G4III...,Per,Tau,18
21444,,4.605317,-3.352459,3.93,-0.21,B2III SB,Eri,Nu,48
37504,,7.697004,-72.606098,3.93,1.033,K0III,Vol,Zet,
5348,Wurren,1.139742,-55.24576,3.94,-0.12,B6V + B0V,Phe,Zet,
103413,,20.952893,41.167136,3.94,0.027,A1Vn,Cyg,Nu,58
37447,,7.687454,-9.551131,3.94,1.022,K0III,Mon,Alp,26
37677,,7.73013,-28.954826,3.94,0.16,A2Iab,Pup,,3
42911,Asellus Australis,8.74475,18.154309,3.94,1.083,K0III,Cnc,Del,47
,,13.398996,54.920471,3.95,0.13,A1 m,UMa,Zet,79
9598,,2.057268,72.421294,3.95,-0.002,A2V,Cas,,50
31592,,6.611399,-19.255879,3.95,1.037,K1III+...,CMa,Nu-2,7
95241,Arkab Prior,19.377303,-44.458965,3.96,-0.085,B9V,Sgr,Bet-1,
95347,Rukbat,19.398103,-40.61594,3.96,-0.105,B8V,Sgr,Alp,
99848,,20.257867,47.714208,3.96,1.451,K3Ib-II comp,Cyg,,32
115438,,23.382842,-20.10058,3.96,1.082,K0III,Aqr,,98
19343,,4.144357,47.712513,3.96,-0.025,B3Ve,Per,,48
28328,,5.985778,-42.815135,3.96,1.146,K0III,Col,Eta,
44248,,9.010685,41.782911,3.96,0.463,F5V,Lyn,,
45101,,9.187985,-62.316977,3.96,-0.18,B3IV,Car,,
59449,,12.194202,-52.36846,3.97,-0.156,B3V,Cen,Rho,
77634,,15.849316,-33.627165,3.97,-0.045,B9.5III-IV,Lup,Chi,5
98495,,20.009845,-72.910504,3.97,-0.032,A0V,Pav,Eps,
110997,,22.487825,-43.495565,3.97,1.022,G6/G8III,Gru,Del-1,
112440,,22.775521,23.565654,3.97,1.07,G8II-III,Peg,Lam,47
20535,Beemim,4.400613,-34.016846,3.97,1.468,K4III,Eri,,43
27673,,5.858166,39.14848,3.97,1.132,K0III,Aur,Nu,32
35228,,7.280508,-67.957152,3.97,0.76,F6II,Vol,Del,
42515,,8.668373,-35.308352,3.97,0.936,G5II/III,Pyx,Bet,
106481,,21.56635,45.591837,3.98,0.885,G8III,Cyg,Rho,73
18614,Menkib,3.98275,35.791033,3.98,0.016,O7.5Iab:,Per,Xi,46
50954,,10.406592,-74.031612,3.99,0.369,F2IV,Car,,
65477,Alcor,13.420413,54.987958,3.99,0.169,A5V SB,UMa,,80
9347,,2.000084,-21.077831,3.99,1.554,K5/M0III,Cet,Ups,59
114996,,23.290498,-58.235734,3.99,0.41,F1III,Tuc,Gam,
29651,,6.247592,-6.274776,3.99,1.319,K3III,Mon,Gam,5
55642,,11.398736,10.529509,4.0,0.423,F2IV SB,Leo,Iot,78
79374,Jabbah,16.199926,-19.460708,4.0,0.076,B2IV,Sco,Nu,14
44382,,9.040777,-66.396076,4.0,0.145,Am,Vol,Alp,
8068,,1.727675,50.688732,4.01,-0.098,B2Vpe,Per,Phi,
71865,,14.699332,-37.793498,4.01,-0.157,B2.5V,Cen,,
78527,,16.031532,58.565251,4.01,0.528,F8IV-V,Dra,The,13
80000,,16.330687,-50.155508,4.01,1.08,G8III,Nor,Gam-2,
91792,,18.71726,-71.428113,4.01,1.134,K2III,Pav,Zet,
101076,,20.489926,30.368555,4.01,0.404,F5II,Cyg,,41
22109,,4.758375,-3.254657,4.01,-0.148,B5IV,Eri,Mu,57
34088,Mekbuda,7.068481,20.570297,4.01,0.899,G3Ibv SB,Gem,Zet,43
35037,,7.246849,-26.772667,4.01,-0.15,B2IV/Ve,CMa,Ome,28
59199,Alchiba,12.140225,-24.728875,4.02,0.334,F0IV/V,Crv,Alp,1
93244,,18.993711,15.068298,4.02,1.082,K2III,Aql,Eps,13
93429,,19.028008,-5.739115,4.02,1.079,K1IIIvar,Aql,,12
43409,,8.842204,-27.709844,4.02,1.272,K3III,Pyx,Gam,
63003,,12.9099,-57.177924,4.03,-0.18,B2IV-V,Cru,Mu-1,
88601,,18.090913,2.500099,4.03,0.86,K0V SB,Oph,,70
10670,,2.288573,33.847194,4.03,0.019,A1Vnn,Tri,Gam,9
101421,Aldulfin,20.553547,11.303263,4.03,-0.123,B6III,Del,Eps,2
118268,,23.988525,6.863321,4.03,0.419,F4IV,Psc,Ome,28
23522,,5.05697,60.442245,4.03,0.921,G0Ib,Cam,Bet,10
43103,,8.778284,28.759898,4.03,1.007,G8Iab:,Cnc,Iot,48
57380,,11.764322,6.529376,4.04,1.501,M0III,Vir,Nu,3
70497,,14.419967,51.850744,4.04,0.497,F7V,Boo,The,23
111497,,22.589272,-0.117498,4.04,-0.083,B9IV-Vn,Aqr,Eta,62
19587,Beid,4.197761,-6.837581,4.04,0.327,F2II-III,Eri,Omi-1,38
55434,,11.352276,6.029322,4.05,-0.058,B9.5Vs,Leo,Sig,77
67459,,13.824623,15.797905,4.05,1.52,K5IIIvar,Boo,Ups,5
70090,,14.342623,-37.885295,4.05,-0.03,A0IV,Cen,Psi,
71536,,14.631454,-49.425828,4.05,-0.152,B5V,Lup,Rho,
112716,,22.826528,-13.592632,4.05,1.57,K5III,Aqr,Tau-2,71
14632,,3.151005,49.613278,4.05,0.595,G0V,Per,Iot,
40702,,8.308703,-76.919722,4.05,0.413,F5III,Cha,Alp,
42884,,8.739987,-42.649276,4.05,0.874,G5III,Vel,,
55705,,11.414702,-17.68401,4.06,0.216,A9V,Crt,Gam,15
59929,,12.292917,-67.960736,4.06,1.603,M5III,Mus,Eps,
60009,,12.307298,-64.003071,4.06,-0.168,B2.5V,Cru,Zet,
72010,,14.727624,-35.173655,4.06,1.356,K3III,Cen,,
83153,,16.993069,-53.160438,4.06,1.452,K4III,Ara,Eps-1,
22957,,4.939521,13.514466,4.06,1.158,K2III,Ori,Omi-2,9
36962,,7.598708,26.895741,4.06,1.54,K5III,Gem,Ups,69
69701,Syrma,14.266908,-6.000547,4.07,0.511,F7V,Vir,Iot,99
74117,,15.147394,-45.279857,4.07,-0.162,B3V,Lup,Lam,
74824,,15.291917,-58.801208,4.07,0.088,A3V,Cir,Bet,
110991,,22.486183,58.415198,4.07,0.778,G2Ibvar,Cep,Del,27
3693,,0.788981,24.267178,4.08,1.1,K1II,And,Zet,34
53740,Alkes,10.996244,-18.298783,4.08,1.079,K1III,Crt,Alp,7
92862,,18.922249,43.946088,4.08,1.397,M5IIIvar,Lyr,,13
11001,,2.362498,-68.659418,4.08,0.034,A3V,Hyi,Del,
12387,,2.658044,0.328511,4.08,-0.212,B2IV,Cet,Del,82
104139,,21.099118,-17.232861,4.08,-0.01,A1V,Cap,The,23
105502,,21.36811,19.804508,4.08,1.108,K1III,Peg,,1
14146,,3.039863,-23.624472,4.08,0.163,A4V,Eri,Tau-3,11
33160,,6.903167,-12.038628,4.08,1.418,K4III,CMa,The,14
46974,,9.574071,-59.229753,4.08,-0.013,B5II,Car,,
77450,Gudja,15.812327,18.141564,4.09,1.616,M1III,Ser,Kap,35
26366,,5.615108,9.290673,4.09,0.951,G8III-IV,Ori,Phi-2,40
7513,Titawin,1.613299,41.405459,4.1,0.536,F8V,And,Ups,50
90568,,18.480505,-49.070588,4.1,0.995,G8/K0III,Tel,Zet,
94160,,19.167154,-39.340796,4.1,1.163,K0II/IIICN.,CrA,Bet,
12777,,2.736634,49.228448,4.1,0.514,F7V,Per,The,13
38164,,7.820638,-46.373205,4.1,-0.16,B0III,Pup,,
51839,,10.591166,-78.607786,4.11,1.58,M0III,Cha,Gam,
57439,,11.775232,-61.178398,4.11,0.895,G0II,Cen,,
76440,,15.612,-66.317037,4.11,1.161,K0III,TrA,Eps,
94114,Meridiana,19.157869,-37.904474,4.11,0.042,A0/A1V,CrA,Alp,
12486,,2.677781,-39.855375,4.11,1.006,K0III,Eri,Iot,
113638,,23.014677,-52.754137,4.11,0.96,G8III,Gru,Zet,
34045,Muliphein,7.062637,-15.633286,4.11,-0.112,B8II,CMa,Gam,23
42312,,8.627399,-42.989081,4.11,0.109,A6II,Vel,,
48356,Zhang,9.85797,-14.846603,4.11,0.918,G6/G8III,Hya,Ups-1,39
58948,,12.086817,8.732985,4.12,0.967,G8III,Vir,Omi,9
98032,,19.921026,-41.868288,4.12,1.063,K0III,Sgr,Iot,
12394,,2.659799,-68.266946,4.12,-0.061,B9III,Hyi,Eps,
102978,,20.863692,-26.919133,4.12,1.633,K4III,Cap,Ome,18
111043,,22.495955,-43.749224,4.12,1.57,M4.5IIIa,Gru,Del-2,
19812,,4.248295,48.409331,4.12,0.935,G0Ib...,Per,Mu,51
28614,,6.039722,9.647276,4.12,0.17,Am...,Ori,Mu,61
77853,,15.897093,-16.729293,4.13,1.003,K0III,Lib,The,46
102485,,20.76826,-25.270898,4.13,0.426,F5V,Cap,Psi,16
112405,,22.767692,-81.381615,4.13,0.208,A9IV/V,Oct,Bet,
116771,,23.665844,5.626292,4.13,0.507,F7V,Psc,Iot,17
25247,,5.399119,-7.808065,4.13,0.943,G8III,Ori,,29
30883,,6.482719,20.212133,4.13,-0.115,B6III,Gem,Nu,18
59072,,12.114687,-64.61373,4.14,0.353,F2III,Cru,Eta,
76127,,15.548829,31.359133,4.14,-0.127,B6Vnn,CrB,The,4
78159,,15.959794,26.87788,4.14,1.231,K3III,CrB,Eps,13
107354,,21.744092,25.645036,4.14,0.425,F5IV,Peg,Kap,10
109937,,22.26616,37.748737,4.14,1.447,K3III,Lac,,1
16369,,3.514549,12.936678,4.14,1.112,K0II-III...,Tau,,5
17608,Merope,3.772104,23.948358,4.14,-0.051,B6IV,Tau,,23
42313,,8.627602,5.703782,4.14,0.003,A1Vnn,Hya,Del,4
85112,,17.394708,37.145946,4.15,-0.011,B9.5III,Her,Rho,75
116805,,23.673469,44.333932,4.15,-0.071,B9IVn,And,Kap,19
34769,,7.197739,-0.492764,4.15,-0.005,A2V,Mon,Del,22
85340,,17.439504,-24.175309,4.16,0.283,A3IV:m,Oph,,44
28734,,6.068671,23.263341,4.16,0.835,G7III,Gem,,1
36366,,7.485195,31.78455,4.16,0.32,F0V...,Gem,Rho,62
2599,,0.549997,62.931783,4.17,0.13,B1Ia,Cas,Kap,15
110003,Ancha,22.280565,-7.78329,4.17,0.979,G8III-IV,Aqr,The,43
17874,,3.824237,-36.20025,4.17,0.927,G8III,Eri,,
69427,Kang,14.214929,-10.273702,4.18,1.323,K3III,Vir,Kap,98
69732,Xuange,14.273074,46.088305,4.18,0.087,A0sh,Boo,Lam,19
81304,,16.606242,-35.255326,4.18,1.535,K5III,Sco,,
109857,,22.250544,57.043587,4.18,0.278,F0IV,Cep,Eps,23
111954,,22.677594,-27.043617,4.18,-0.105,B8V,PsA,Eps,18
67457,,13.824091,-34.450776,4.19,1.52,M5III,Cen,,2
92043,,18.761035,20.546308,4.19,0.483,F6V,Her,,110
51233,,10.464727,36.707212,4.2,0.908,G8III-IV,LMi,Bet,31
81126,,16.568384,42.437041,4.2,-0.013,B9Vvar,Her,Sig,35
112447,,22.778216,12.172888,4.2,0.502,F7V,Peg,Xi,46
113246,,22.932472,-32.539628,4.2,0.952,G8III,PsA,Del,23
25813,,5.51307,5.948139,4.2,-0.143,B5V,Ori,,32
38835,,7.94765,-22.880119,4.2,0.718,F7/F8II,Pup,,11
82080,,16.766159,82.037262,4.21,0.897,G5IIIvar,UMi,Eps,22
101093,,20.493015,62.994105,4.21,0.199,A7III,Cep,The,2
105858,,21.440705,-65.366198,4.21,0.494,F6V,Pav,Gam,
16228,,3.484482,59.94033,4.21,0.419,B9Ia,Cam,,
20635,,4.422822,22.293874,4.21,0.136,A7IV-V,Tau,Kap-1,65
78918,,16.109874,-36.802288,4.22,-0.184,B2.5Vn,Lup,The,
80569,,16.450399,-18.456251,4.22,0.217,B2Vne,Oph,Chi,7
89908,,18.345955,71.337814,4.22,-0.093,A0p (Si),Dra,Phi,43
92175,,18.786242,-4.747867,4.22,1.087,G5II...,Sct,Bet,
92609,,18.870288,-62.187593,4.22,-0.15,B2II-III,Pav,Lam,
92791,,18.908412,36.898613,4.22,1.575,M4IIvar,Lyr,Del-2,12
13254,,2.843063,38.318644,4.22,0.343,F2III,Per,,16
102453,,20.761043,30.719715,4.22,1.051,K0III,Cyg,,52
105102,,21.290265,39.394681,4.22,0.098,B9Iab,Cyg,Sig,67
114724,,23.238711,-6.049003,4.22,1.545,M2III,Aqr,Phi,90
17651,,3.780804,-23.249723,4.22,0.434,F3/F5V,Eri,Tau-6,27
38518,,7.888378,-48.102934,4.22,-0.13,B0.5Ib,Pup,,
1599,,0.334142,-64.874791,4.23,0.576,F9V,Tuc,Zet,
64394,,13.197904,27.878183,4.23,0.572,G0V,Com,Bet,43
67153,,13.761471,-33.043721,4.23,0.39,F3V,Cen,,1
68520,,14.027443,1.544532,4.23,0.121,A3V,Vir,Tau,93
79101,,16.146162,44.934906,4.23,-0.045,B9MNp...,Her,Phi,11
81852,,16.718126,-77.517435,4.23,1.06,K0III,Aps,Bet,
93825,,19.106971,-37.063437,4.23,0.523,F7IV-V,CrA,Gam,
107259,,21.725127,58.780046,4.23,2.242,M2Ia,Cep,Mu,
107533,,21.779891,49.30957,4.23,-0.12,B3III,Cyg,Pi-2,81
37629,,7.721867,28.88351,4.23,1.118,K1III SB,Gem,Sig,75
5372,,1.145613,86.25709,4.24,1.213,K2II-III,Cep,,
60000,,12.305812,-79.31224,4.24,-0.123,B5Vn,Cha,Bet,
61317,Chara,12.562411,41.35748,4.24,0.588,G0V,CVn,Bet,8
80911,,16.523037,-34.704366,4.24,-0.168,B2III-IV,Sco,,
86565,,17.690243,-12.875307,4.24,0.086,A2Va,Ser,Omi,56
11407,,2.449755,-47.70384,4.24,-0.136,B5IV,Eri,Kap,
12770,,2.735375,-13.858696,4.24,-0.122,B7IV,Cet,Pi,89
114855,,23.264859,-9.087737,4.24,1.107,K0III,Aqr,Psi-1,91
5896,,1.262704,-68.875927,4.25,0.48,F6IV,Tuc,Kap,
62896,,12.890607,-40.178872,4.25,0.224,A4IV,Cen,,
70692,,14.458758,75.695993,4.25,1.431,K4III,UMi,,5
107418,,21.75748,61.120806,4.25,0.474,A2Iavar,Cep,Nu,10
19167,,4.109735,50.351262,4.25,-0.011,A0IVn,Per,Lam,47
21402,,4.594239,10.16079,4.25,0.184,A5m,Tau,,88
21476,,4.611508,41.264808,4.25,1.171,G8II comp,Per,,58
23972,,5.15244,-8.754081,4.25,-0.187,B2IVn,Eri,Lam,69
41075,Alsciaukat,8.380588,43.188131,4.25,1.55,K5III,Lyn,,31
5434,,1.158368,47.241792,4.26,0.012,B7III,And,Phi,42
8198,Torcular,1.756564,9.157736,4.26,0.942,K0III,Psc,Omi,110
86170,,17.609121,-38.635308,4.26,1.075,G8/K0III/IV,Sco,,
88267,,18.025113,21.595782,4.26,0.406,G5,Her,,95
108917,Kurhah,22.063135,64.627971,4.26,0.379,Am,Cep,Xi,17
15510,82 G. Eri,3.331944,-43.069784,4.26,0.711,G8V,Eri,,
16611,,3.563132,-21.632883,4.26,-0.106,B9V,Eri,Tau-5,19
19893,,4.267097,-51.486648,4.26,0.312,F4III,Dor,Gam,
22783,,4.900836,66.342678,4.26,-0.008,O9.5Ia SB:,Cam,Alp,9
44066,Acubens,8.974784,11.857701,4.26,0.141,A5m,Cnc,Alp,65
4906,,1.049058,7.890135,4.27,0.952,K0III,Psc,Eps,71
64004,,13.11518,-49.906246,4.27,-0.182,B1.5V,Cen,Xi-2,
74911,,15.308897,-47.875272,4.27,-0.086,B8V,Lup,Mu,
95294,Arkab Posterior,19.386976,-44.799778,4.27,0.35,F2III,Sgr,Bet-2,
12828,,2.749039,10.114146,4.27,0.311,F1III-IV,Cet,Mu,87
102532,,20.77764,16.124296,4.27,1.042,K1IV,Del,Gam-2,12
115830,,23.466138,6.378992,4.27,1.062,K1III,Psc,The,10
19860,,4.258905,8.892357,4.27,-0.054,B3IV,Tau,Mu,49
21589,,4.635961,12.510838,4.27,0.122,A6V,Tau,,90
21881,,4.704084,22.956926,4.27,-0.112,B3V,Tau,Tau,94
51172,,10.45253,-31.067779,4.28,1.429,K4III,Ant,Alp,
85423,,17.455909,-29.867033,4.28,0.402,F3III,Oph,,45
99655,,20.223288,56.567722,4.28,0.114,A3IV-Vn,Cyg,,33
105515,,21.370776,-16.834542,4.28,0.888,G8III,Cap,Iot,32
109410,,22.166457,33.178224,4.28,0.471,F5III,Peg,Pi-2,29
114131,,23.11465,-43.520358,4.28,0.423,F5me...,Gru,The,
20711,,4.438461,22.813583,4.28,0.263,A8Vn,Tau,Ups,69
47193,,9.618151,81.326382,4.28,1.488,K3III,Dra,,
52154,,10.655112,-55.603268,4.29,1.025,G2II,Vel,,
57936,,11.881813,-33.908124,4.29,-0.1,Ap Si,Hya,Bet,
77055,,15.734299,77.794493,4.29,0.038,A3Vn,UMi,Zet,16
80894,,16.518991,-16.612733,4.29,0.924,G8/K0III,Oph,Phi,8
109139,,22.107286,-13.869679,4.29,-0.075,B8V,Aqr,Iot,33
111188,,22.52509,-32.346073,4.29,0.011,A1V,PsA,Bet,17
116631,,23.63561,43.268073,4.29,-0.083,B8V,And,Iot,17
16852,,3.614551,0.401662,4.29,0.575,F9V,Tau,,10
24845,,5.326257,-13.176788,4.29,-0.235,B0.5IV,Lep,Lam,6
4577,,0.976766,-29.357449,4.3,-0.154,B7IIIp,Scl,Alp,
53417,,10.92689,24.749718,4.3,0.016,A1,Leo,,54
56647,,11.615814,-0.823749,4.3,0.983,G9III,Leo,Ups,91
57669,,11.828077,-63.788478,4.3,-0.149,B3V,Cen,,
61174,,12.53451,-16.196007,4.3,0.388,F2V,Crv,Eta,8
70069,,14.338763,-56.386497,4.3,0.082,B6Ib,Cen,,
11484,,2.469317,8.460054,4.3,-0.053,B9III,Cet,Xi-2,73
100027,,20.29413,-12.508212,4.3,0.928,G3Ib,Cap,Alp-1,5
17531,Taygeta,3.75347,24.467278,4.3,-0.11,B6V,Tau,,19
17797,,3.809963,-37.620155,4.3,-0.038,A+...,Eri,,
20648,,4.424828,17.92791,4.3,0.049,A2IV,Tau,Del-3,68
28404,,5.998917,45.936736,4.3,1.701,M3IIvar,Aur,Pi,35
42799,,8.72041,3.398662,4.3,-0.192,B3V...,Hya,Eta,7
70638,,14.448801,-83.667884,4.31,1.3,K2III,Oct,Del,
75411,Alkalurops,15.408181,37.377167,4.31,0.309,F0V,Boo,Mu-1,51
78990,,16.123424,-20.868764,4.31,0.831,G6/G8III,Sco,Ome-2,10
101847,,20.638967,-1.105121,4.31,0.949,G8III SB,Aql,,71
42568,,8.676953,-59.761003,4.31,-0.117,B1.5III,Car,,
58758,,12.050447,-63.31293,4.32,0.28,Am,Cru,The-1,
64241,Diadem,13.166469,17.529431,4.32,0.455,F5V,Com,Alp,42
67669,,13.863779,-32.994089,4.32,-0.146,B5,Cen,,3
72683,,14.860641,-43.575359,4.32,-0.154,B5IV,Lup,Omi,
84880,,17.347128,-12.846875,4.32,0.037,A0/A1V,Ser,Nu,53
16826,,3.608159,48.192634,4.32,-0.058,B5Ve,Per,Psi,37
21763,,4.674031,-19.671493,4.32,1.599,M3/M4III,Eri,,54
25945,,5.536875,18.594234,4.32,2.06,M2Ib,Tau,,119
29696,,6.256304,29.498076,4.32,1.021,G8IIIvar,Aur,Kap,44
43067,,8.772927,-13.54772,4.32,0.9,G8III,Hya,,12
46750,Alterf,9.528675,22.967971,4.32,1.541,K5IIIvar,Leo,Lam,4
,Alula Australis,11.303118,31.528783,4.33,0.59,G0 Ve,UMa,Xi,53
62867,,12.885258,-48.943315,4.33,1.344,K3/K4III,Cen,,
70576,,14.436336,-45.379276,4.33,0.434,A7:+...,Lup,Tau-2,
84405,Guniibuu,17.255836,-26.602829,4.33,0.855,K2:III:,Oph,,36
88866,,18.143,-63.668553,4.33,0.228,Am,Pav,Pi,
89826,,18.331031,36.064547,4.33,1.162,K2IIIvar,Lyr,Kap,1
36284,,7.469387,8.92553,4.33,1.425,K3III SB,CMi,Gam,4
2912,,0.61468,33.719344,4.34,-0.123,B5V,And,Pi,29
3031,,0.642602,29.311751,4.34,0.871,G5III...,And,Eps,30
5542,,1.185017,55.149901,4.34,0.17,A7Vvar,Cas,The,33
68523,,14.028748,-45.603421,4.34,0.598,F6II,Cen,Ups-2,
76552,,15.634232,-42.567348,4.34,1.412,K4.5III,Lup,Ome,
85355,,17.441911,4.14036,4.34,1.48,K3IIvar,Oph,Sig,49
91971,,18.746209,37.605115,4.34,0.192,Am,Lyr,Zet-1,6
92161,,18.783686,18.181519,4.34,0.148,A5III,Her,,111
107348,,21.74186,17.350017,4.34,1.161,G5Ib,Peg,,9
111022,,22.492173,47.706887,4.34,1.679,M0II,Lac,,5
27100,,5.746223,-65.735526,4.34,0.217,A7V,Dor,Del,
31125,,6.530935,-23.418422,4.34,-0.245,B1III,CMa,Xi-1,4
40888,,8.344115,-77.484477,4.34,1.161,K0III-IV,Cha,The,
45496,,9.270024,-57.541473,4.34,1.602,M1III,Car,,
47175,,9.613772,-49.355026,4.34,0.173,A5V,Vel,,
60742,,12.448966,28.268423,4.35,1.128,K2IIICN+...,Com,Gam,15
74857,,15.297178,-30.148673,4.35,1.1,K1II/III,Lup,,2
85822,Yildun,17.536918,86.58646,4.35,0.021,A1Vn,UMi,Del,23
90098,,18.387117,-61.493901,4.35,1.462,M1III SB,Pav,Xi,
94713,,19.272804,38.133731,4.35,1.258,K0II,Lyr,The,21
107380,,21.749113,-33.025781,4.35,-0.053,B9.5V,PsA,Iot,9
14838,Botein,3.193822,19.726677,4.35,1.033,K2IIIvar,Ari,Del,57
22509,,4.843534,8.900176,4.35,0.01,A1Vn,Ori,Pi-2,2
31407,,6.58294,-52.975607,4.35,-0.021,B9III,Car,,
33449,,6.954612,58.422759,4.35,0.85,G5III-IV,Lyn,,15
39794,,8.132173,-68.617062,4.35,-0.113,B6IV,Vol,Eps,
43234,,8.807214,5.837812,4.35,-0.044,A0Vn,Hya,Rho,13
2484,,0.525725,-62.958218,4.36,-0.064,B9V,Tuc,Bet-1,
3405,,0.722567,-57.46306,4.36,0.024,A0IV,Phe,Eta,
68862,,14.10077,-41.179633,4.36,-0.198,B2V,Cen,Chi,
96468,,19.612022,-1.286601,4.36,-0.079,B5III,Aql,Iot,41
10324,,2.216665,8.846717,4.36,0.878,G8II:,Cet,Xi-1,65
16335,,3.509579,47.995216,4.36,1.367,K3III,Per,Sig,35
19038,,4.078253,22.081926,4.36,1.064,K0III,Tau,,37
22701,,4.881575,-5.452695,4.36,0.257,A9IV,Eri,Ome,61
24327,,5.220522,-12.941291,4.36,-0.094,B7V,Lep,Kap,4
28199,,5.958947,-35.28328,4.36,-0.165,B2.5IV,Col,Gam,
33347,,6.935618,-17.054242,4.36,-0.063,B3Ib/II,CMa,Iot,20
39863,,8.143236,-2.983786,4.36,0.97,G2Ib,Mon,Zet,29
154,,0.032672,-6.014072,4.37,1.631,M3III,Psc,,30
53773,,11.002572,-42.225859,4.37,0.116,A3IV,Vel,,
88886,,18.14597,20.814557,4.37,-0.164,B2IV,Her,,102
98412,,19.995605,-35.276305,4.37,-0.15,B2.5IV,Sgr,The-1,
29807,,6.275871,-35.140519,4.37,0.978,G8II,Col,Kap,
35415,,7.311802,-24.954375,4.37,-0.132,O9Ib,CMa,Tau,30
64238,,13.165831,-5.53901,4.38,-0.008,A1V,Vir,The,51
99255,,20.148145,77.711419,4.38,-0.046,B9III,Cep,Kap,1
115669,,23.434108,-20.642014,4.38,1.46,K4III,Aqr,,99
116231,,23.549512,-37.818268,4.38,-0.095,B9.5IVMNpe.,Scl,Bet,
8837,,1.894102,-46.302669,4.39,1.597,M4III SB,Phe,Psi,
49637,,10.131742,9.997508,4.39,1.448,K4III,Leo,,31
73620,,15.048344,2.091303,4.39,1.026,K0III,Vir,,110
82673,,16.900131,10.165359,4.39,-0.088,B8V,Oph,Iot,25
84893,,17.350101,-21.112933,4.39,0.394,F2/F3V,Oph,Xi,40
96757,Sham,19.668275,18.01389,4.39,0.777,G0II,Sge,Alp,5
96837,,19.68415,17.476041,4.39,1.041,G8II,Sge,Bet,6
105319,,21.331096,-53.449427,4.39,0.191,A5V,Ind,The,
17884,,3.825357,65.525972,4.39,1.87,M1III,Cam,,
26176,,5.580344,9.489579,4.39,-0.157,B0IV...,Ori,Phi-1,37
27913,,5.906386,20.276174,4.39,0.594,G0V,Ori,Chi-1,54
30419,,6.396135,4.592865,4.39,0.215,A5IV,Mon,Eps,8
39311,,8.03776,2.334571,4.39,1.252,K2III,CMi,,
4463,,0.953445,23.417648,4.4,0.94,G8III-IV,And,Eta,38
93015,,18.949177,-67.233495,4.4,0.53,F5Ib-II:,Pav,Kap,
108431,,21.965293,-54.992575,4.4,0.297,F0IV,Ind,Del,
38070,,7.801436,-25.937169,4.4,-0.07,B1IV:nne,Pup,Omi,
39906,,8.150455,-19.245014,4.4,-0.16,B5V,Pup,,16
70300,,14.383956,-39.511819,4.41,-0.185,B2V,Cen,,
85693,Maasym,17.512308,26.110645,4.41,1.434,K3IIIvar,Her,Lam,76
87998,,17.975041,30.189277,4.41,0.38,F2II,Her,Nu,94
105138,,21.298632,34.896898,4.41,-0.103,B2Vne,Cyg,Ups,66
114222,,23.131623,75.387496,4.41,0.802,G2III,Cep,Pi,33
115033,,23.298393,-9.182513,4.41,-0.144,B5Vn,Aqr,Psi-2,93
115102,,23.313733,-32.532027,4.41,1.109,K1III,Scl,Gam,
32761,,6.830921,-53.622449,4.41,0.899,G6II,Car,,
34693,,7.185659,30.245163,4.41,1.261,K2III,Gem,Tau,46
53954,,11.038827,20.179842,4.42,0.053,A1m,Leo,,60
72571,,14.838147,-27.960371,4.42,1.366,K3III,Hya,,58
77257,,15.77406,7.353073,4.42,0.604,G0Vvar,Ser,Lam,27
88290,,18.029222,1.305076,4.42,0.046,A2Vn,Oph,,68
110538,,22.392675,52.229046,4.42,1.015,G9III,Lac,Bet,3
115623,Alkarab,23.422993,23.404101,4.42,0.617,F8IV,Peg,Ups,68
29038,,6.126201,14.768472,4.42,-0.164,B3IV,Ori,Nu,67
31700,,6.631506,-18.237478,4.42,1.137,K0II/III,CMa,Nu-3,8
34922,,7.225637,-44.639739,4.42,1.331,M5e,Pup,,
34981,,7.237559,-26.352507,4.42,-0.17,B3III,CMa,,27
40326,,8.234143,-40.34789,4.42,1.17,K1II/III,Pup,,
94481,Aladfar,19.229302,39.145968,4.43,-0.15,B2.5IV,Lyr,Eta,20
98688,,20.044299,-27.709845,4.43,1.64,M4III,Sgr,,62
100587,,20.397671,32.190172,4.43,1.331,K3III,Cyg,,39
102281,,20.724315,15.074581,4.43,0.302,A7IIIp d Del,Del,Del,11
102624,,20.795621,-5.027701,4.43,1.639,M3IIIvar,Aqr,,3
17593,,3.769037,-12.101589,4.43,1.604,M1III,Eri,Pi,26
19849,Keid,4.254537,-7.652871,4.43,0.82,K1V,Eri,Omi-2,40
23040,,4.95478,53.752101,4.43,-0.017,A1V,Cam,,7
1170,,0.244005,-18.932866,4.44,1.64,M1III,Cet,,7
3786,,0.811373,7.585079,4.44,1.5,K5III,Psc,Del,63
71121,,14.543629,-50.457157,4.44,-0.177,B2III,Lup,Sig,
95771,Anser,19.478427,24.664905,4.44,1.502,M0 comp,Vul,Alp,6
19921,,4.274738,-59.302156,4.44,1.078,K2IV,Ret,Eps,
21770,,4.676039,-41.863752,4.44,0.342,F2V,Cae,Alp,
30060,,6.327052,59.010964,4.44,0.032,A2Vs,Lyn,,2
36795,,7.567551,-22.296067,4.44,0.521,F6V,Pup,,
40091,,8.189304,-39.618545,4.44,1.59,K4III,Pup,,
40706,,8.309258,-36.659288,4.44,0.222,A4m...,Pup,,
7884,,1.690526,5.487613,4.45,1.347,K3III,Psc,Nu,106
51849,,10.59314,-57.557636,4.45,1.604,K3/K4II,Car,,
52633,,10.763087,-80.540188,4.45,-0.188,B2.5IV,Cha,Del-2,
55084,,11.277695,-3.651601,4.45,0.21,A7IVn,Leo,Phi,74
80975,,16.535611,-21.46639,4.45,0.13,Ap,Oph,Ome,9
94648,,19.259229,73.355468,4.45,1.257,K3III,Dra,Tau,60
96229,,19.568153,7.378941,4.45,1.176,K3III,Aql,Mu,38
13147,,2.818169,-32.405898,4.45,0.981,G8III,For,Bet,
24244,,5.204973,-11.869219,4.45,-0.099,B8V,Lep,Iot,3
29426,,6.198999,14.208765,4.45,-0.18,B3IV,Ori,Xi,70
42402,Minchir,8.645955,3.341435,4.45,1.216,K2III,Hya,Sig,5
44191,,9.001505,-41.253605,4.45,0.646,Fp,Vel,,
54682,,11.194302,-22.825847,4.46,0.025,A1V,Crt,Bet,11
59173,,12.134788,-50.661278,4.46,-0.163,B2IIIne,Cen,,
80582,,16.453067,-47.554786,4.46,-0.07,B4V,Nor,Eps,
11569,,2.484437,67.402474,4.46,0.153,A5p Sr,Cas,Iot,
112948,,22.875427,-32.875504,4.46,-0.037,A0III,PsA,Gam,22
18255,,3.904862,-2.95473,4.46,0.672,G8III,Eri,,32
24331,,5.221523,2.861265,4.46,1.166,K3III...,Ori,Rho,17
44901,,9.147863,51.604648,4.46,0.288,Am,UMa,,15
57803,,11.852419,-45.17347,4.47,1.283,K4III,Cen,,
71284,,14.578,29.74513,4.47,0.364,F3Vwvar,Boo,Sig,28
73165,,14.953055,-4.346462,4.47,0.318,F0V,Lib,,16
12843,,2.751715,-18.572563,4.47,0.481,F5/F6V,Eri,Tau-1,1
104858,,21.241337,10.006981,4.47,0.529,F5V+...,Equ,Del,7
109111,,22.101914,-39.543353,4.47,1.349,M0III,Gru,Lam,
15549,,3.338989,29.048458,4.47,1.555,K2II-III,Ari,,
23123,,4.975806,1.714016,4.47,1.369,K2IIvar,Ori,Pi-6,10
30788,,6.469503,-32.58007,4.47,-0.169,B4V,CMa,Lam,
31216,,6.548396,7.332965,4.47,0.023,A0Ib,Mon,,13
38957,,7.970678,-49.244912,4.47,-0.18,B1Vp + B2,Pup,,
44599,,9.085785,-72.602705,4.47,0.607,F6II-III,Car,,
46146,,9.410906,26.182324,4.47,1.222,K2III,Leo,Kap,1
47006,,9.580405,52.051477,4.47,0.027,A2V,UMa,,26
3504,,0.74542,48.284364,4.48,-0.069,B5III,Cas,Omi,22
49641,,10.1323,-0.371637,4.48,-0.032,A0III,Sex,Alp,15
75323,,15.389625,-59.320787,4.48,0.169,B5III + F8,Cir,Gam,
80343,,16.401718,-20.037327,4.48,0.996,K0III,Oph,Psi,4
113889,Fumalsamakah,23.064615,3.820045,4.48,-0.115,B6Ve,Psc,Bet,4
114119,,23.111345,-23.743115,4.48,0.892,G8III,Aqr,,86
18744,,4.014946,-62.159284,4.48,1.5,M4III,Ret,Gam,
20713,,4.439094,15.618265,4.48,0.262,F0V...,Tau,,71
32578,,6.79768,2.412159,4.48,1.099,K0III,Mon,,18
49593,,10.123821,35.244693,4.49,0.19,A7V,LMi,,21
71762,,14.678768,16.418324,4.49,-0.002,B9p MnHg,Boo,Pi-1,29
96441,,19.607372,50.221103,4.49,0.395,F4V,Cyg,The,13
9480,,2.032644,70.90702,4.49,0.164,A3IV,Cas,,48
104234,,21.118797,-25.005853,4.49,1.604,K5/M0III,Cap,,24
107310,,21.73571,28.742632,4.49,0.512,F6V,Cyg,Mu-1,78
116928,,23.700779,1.780041,4.49,0.2,A7V,Psc,Lam,18
116971,,23.712039,-14.544905,4.49,-0.032,B9V,Aqr,Ome-2,105
118322,,23.998594,-65.577132,4.49,-0.075,B9IV,Tuc,Eps,
21248,,4.55849,-29.766492,4.49,0.972,K0III,Eri,Ups-1,50
32249,,6.733137,13.228017,4.49,1.167,K1III,Gem,,30
34834,,7.20935,-46.759305,4.49,0.324,F0IV,Pup,,
38455,,7.877402,-38.862812,4.49,-0.188,B2V,Pup,,
50676,,10.348557,-56.04322,4.5,-0.102,B3III,Vel,,
57565,,11.799762,20.218931,4.5,0.547,A comp SB,Leo,,93
67275,,13.78771,17.456906,4.5,0.508,F7V,Boo,Tau,4
99874,,20.262816,27.814242,4.5,1.258,K3III,Vul,,23
104459,,21.159902,-11.371693,4.5,0.926,G8III,Aqr,Nu,13
106039,,21.478721,-21.80718,4.5,0.889,K0III,Cap,,36
109285,,22.139722,-32.988468,4.5,0.054,A2V,PsA,Mu,14
109754,,22.231312,39.714927,4.5,1.385,K3III,Lac,,
111944,,22.675233,44.276305,4.5,1.318,K3III,Lac,,11
26594,,5.653096,4.121467,4.5,-0.098,B3IIIe,Ori,Ome,47
27530,,5.830451,-56.166663,4.5,1.075,K1III,Pic,Gam,
43105,,8.778487,-56.769776,4.5,-0.169,B3Vne,Car,,
1473,,0.305463,36.785224,4.51,0.054,A2V,And,Sig,25
5586,,1.194342,30.089638,4.51,1.092,K0III-IV...,Psc,Tau,83
76852,,15.692516,19.670401,4.51,0.062,A1V,Ser,Iot,21
98702,,20.04696,67.873565,4.51,1.313,K3III,Dra,Rho,67
102333,,20.733966,-51.920971,4.51,0.278,A6:var,Ind,Eta,
106723,,21.618008,-19.466011,4.51,-0.18,B3V:p,Cap,Eps,39
110838,,22.455531,-64.966354,4.51,-0.029,B8V,Tuc,Del,
117863,,23.906398,57.499382,4.51,1.19,F8Iavar,Cas,Rho,7
27483,,5.819567,39.181071,4.51,0.949,G8III,Aur,Tau,29
46515,,9.487423,-35.951335,4.51,1.408,K3III,Ant,Eps,
47391,,9.655839,-61.32806,4.51,-0.07,B9V,Car,,
65271,,13.377211,-60.988393,4.52,-0.141,B3V,Cen,,
65387,,13.400128,-64.535668,4.52,0.822,G5III-IV,Cen,,
69974,Khambalia,14.318498,-13.371095,4.52,0.128,A1V,Vir,Lam,100
73745,,15.074098,26.947649,4.52,1.24,K2III,Boo,Psi,43
89112,,18.187157,-45.954418,4.52,1.009,G5III,Tel,Eps,
95176,,19.362117,-15.955018,4.52,0.079,F2p,Sgr,Ups,46
13061,Lilii Borea,2.79848,29.247118,4.52,1.112,K1III,Ari,,39
102431,,20.755878,57.579725,4.52,0.535,F8IV-V,Cep,,
106140,,21.499137,23.638838,4.52,1.618,M1III,Peg,,2
111104,,22.508128,43.123376,4.52,-0.086,B2IV,Lac,,6
2487,,0.525946,-62.965561,4.53,0.147,A2V,Tuc,Bet-2,
3881,,0.830234,41.078911,4.53,-0.136,B5V SB,And,Nu,35
69483,,14.224718,51.789965,4.53,0.233,A8IV,Boo,Kap-2,17
85365,,17.443856,-5.086596,4.53,0.385,F3V,Oph,,
87072,,17.792674,-27.830788,4.53,0.6,F7II,Sgr,,3
102589,,20.790149,36.490717,4.53,-0.083,B6IV,Cyg,Lam,54
114570,,23.20916,49.406207,4.53,0.302,F0V,And,,7
28413,,6.00093,-3.074253,4.53,1.202,K2IIIvar,Ori,,
37096,,7.622809,-34.96853,4.53,-0.081,B8IV/V,Pup,,
72659,,14.856493,19.10046,4.54,0.72,G8V + K4V,Boo,Xi,37
74392,,15.203692,-19.79171,4.54,-0.071,Asp...,Lib,Iot-1,24
75304,,15.385931,-36.858489,4.54,-0.155,B4V,Lup,Phi-2,
98162,,19.94912,-27.169899,4.54,1.462,K3III,Sgr,,59
114144,,23.116739,9.409492,4.54,1.559,M2III,Peg,,55
115919,,23.485915,12.760554,4.54,0.939,G8III,Peg,,70
24727,,5.302935,33.371613,4.54,1.252,K3III...,Aur,,16
31416,,6.584274,-22.964793,4.54,-0.035,A0III,CMa,Xi-2,5
46776,,9.533036,-1.184664,4.54,0.109,A3V,Hya,Tau-2,32
46952,,9.570384,36.397558,4.54,0.914,G8III,LMi,,10
46977,,9.574703,69.830343,4.54,0.781,G4III-IV,UMa,,24
301,,0.06233,-17.335988,4.55,-0.047,B9IVn,Cet,,2
76371,,15.598126,-44.958389,4.55,-0.175,B3IVp,Lup,,
80079,,16.343939,-24.16932,4.55,0.758,A4II/III,Sco,Omi,19
88839,,18.134716,-28.457093,4.55,0.938,K0IIICNpvar,Sgr,,
107119,,21.698652,71.311417,4.55,1.108,K0III,Cep,,11
110351,,22.350428,46.536569,4.55,-0.1,B6V,Lac,,2
110609,,22.408609,49.476392,4.55,0.092,B9Iab,Lac,,4
16281,,3.49854,58.87875,4.55,0.489,A0Ia SB:,Cam,,
23595,,5.07344,-35.482978,4.55,1.177,K2III,Cae,Gam-1,
33694,,7.001081,76.977408,4.55,1.365,K4III,Cam,,
36425,,7.496606,12.006564,4.55,1.276,K2III,CMi,,6
48402,,9.868433,54.064332,4.55,0.038,A3IV,UMa,Phi,30
54951,,11.253397,23.095502,4.56,1.657,M3III,Leo,,72
70574,,14.435619,-45.221424,4.56,-0.147,B2IV,Lup,Tau-1,
86092,,17.594332,-46.505684,4.56,-0.02,A0V,Ara,Sig,1
13328,,2.858566,35.059741,4.56,1.554,K5III,Per,,17
103004,,20.868801,27.096979,4.56,0.835,G8III,Vul,,31
104194,,21.110026,47.648403,4.56,1.569,K4II,Cyg,,63
18597,,3.979095,-61.400185,4.56,1.59,M2III,Ret,Del,
27830,,5.88879,27.612262,4.56,-0.008,A0V,Tau,,136
44700,,9.108825,38.452215,4.56,1.037,G8Ib-II,Lyn,,
80463,Cujam,16.423598,14.03327,4.57,0.002,B9p Cr,Her,Ome,24
80473,,16.426422,-23.447178,4.57,0.227,B2V,Oph,Rho,5
86614,Dziban,17.698978,72.148843,4.57,0.434,F5IV-V,Dra,Psi-1,31
92818,,18.912468,22.645076,4.57,0.782,G4III+...,Her,,113
94005,,19.139156,-40.496703,4.57,1.07,K1III,CrA,Del,
97886,,19.891026,24.079614,4.57,-0.047,B9.5III,Vul,,13
16870,,3.618244,-40.274545,4.57,1.023,K0III,Eri,,
52468,,10.725639,-60.566619,4.58,1.7,K3Ib,Car,,
64425,,13.204892,-59.920579,4.58,-0.073,B8V,Cen,,
67627,,13.857205,64.723272,4.58,1.572,M3III,Dra,,10
79404,,16.205057,-27.926372,4.58,-0.172,B2V,Sco,,13
86284,,17.630754,-8.118771,4.58,0.132,B8II-IIIMNp,Oph,Mu,57
115250,Salm,23.343956,23.740337,4.58,0.18,A5V,Peg,Tau,62
26237,,5.589768,-4.838358,4.58,-0.183,B2III...,Ori,,42
48374,,9.861298,-46.54762,4.58,1.172,G5Ib,Vel,,
3245,,0.688766,-46.085007,4.59,0.953,G8III,Phe,Mu,
50555,,10.326877,-55.029305,4.59,1.6,K3II,Vel,,
54751,,11.210005,-60.317625,4.59,0.541,A6Ia,Car,,
77512,,15.82657,26.068394,4.59,0.794,G5III-IV,CrB,Del,10
77840,,15.893533,-25.327142,4.59,-0.073,B2.5Vn,Sco,,2
91926,,18.739661,39.612721,4.59,0.18,A8Vn,Lyr,Eps-2,5
96465,,19.611786,-24.883623,4.59,-0.075,B8/B9V,Sgr,,52
117452,,23.815427,-28.130268,4.59,0.001,A0V,Scl,Del,
17351,,3.713908,-37.313518,4.59,1.191,K2IIICN...,Eri,,
17959,,3.839302,71.332266,4.59,0.064,A2IVn,Cam,Gam,
25473,,5.447286,3.095674,4.59,-0.199,B2IV,Ori,Psi-2,30
42527,,8.67024,64.327936,4.59,1.179,K2III,UMa,Pi-2,4
46509,,9.485805,-2.768964,4.59,0.411,F6V,Hya,Tau-1,31
49402,,10.085408,-13.064626,4.6,-0.087,B8V,Hya,Ups-2,40
53502,,10.945289,-37.137765,4.6,1.006,K0III,Ant,Iot,
72125,,14.754017,16.96428,4.6,0.972,K0III,Boo,Omi,35
75501,,15.422285,-38.73362,4.6,0.0,A0V,Lup,,
77760,,15.877903,42.451518,4.6,0.563,F9V,Her,Chi,1
95081,,19.344467,65.714531,4.6,0.033,A2IIIs,Dra,Pi,58
20070,,4.304056,50.295502,4.6,0.043,A2V,Per,,
443,,0.088928,-5.707618,4.61,1.029,K1III,Psc,,33
1366,,0.284863,38.681636,4.61,0.059,A2V,And,The,24
8833,,1.892597,3.187536,4.61,0.928,K0III SB,Psc,Xi,111
76219,,15.569638,-10.064529,4.61,1.0,K1IV,Lib,,37
101474,,20.565052,35.250852,4.61,1.593,K2Ib comp,Cyg,,47
14817,,3.188163,39.611582,4.61,1.115,K1III,Per,Ome,28
36145,,7.445237,49.211527,4.61,-0.001,A1V,Lyn,,21
39095,,7.997792,-18.399228,4.61,0.087,A1V,Pup,,
4422,Castula,0.944432,59.181056,4.62,0.957,G8III-IV,Cas,Ups-2,28
54182,,11.083619,7.336007,4.62,0.332,F2III-IVvar,Leo,Chi,63
54301,,11.109015,-62.424113,4.62,0.988,G8III,Car,,
56480,,11.579355,-54.264091,4.62,-0.077,B9V,Cen,,
62327,,12.772981,-56.488815,4.62,-0.15,B3V,Cru,,
63007,,12.910889,-59.146701,4.62,-0.153,B4Vn,Cru,Lam,
80628,,16.463385,-8.371731,4.62,0.185,A3m,Oph,Ups,3
88175,,18.008058,-3.690269,4.62,0.39,F3V,Ser,Zet,57
90982,,18.558383,-42.31251,4.62,0.994,G5III,CrA,The,
92946,Alya,18.936995,4.203595,4.62,0.161,A5V,Ser,The-1,63
18673,,3.998745,-24.016215,4.62,-0.121,Ap Si,Eri,Tau-9,36
23497,,5.051596,21.589962,4.62,0.155,A7V,Tau,Iot,102
25923,,5.532183,-7.301537,4.62,-0.261,B0V,Ori,Ups,36
44824,,9.134133,-25.858536,4.62,1.594,K4/K5III,Pyx,Kap,
61789,,12.664594,-39.987302,4.63,-0.082,B8II/III,Cen,,
66738,,13.678967,54.681634,4.63,1.63,M2IIIvar,UMa,,83
73199,,14.959743,65.93246,4.63,1.59,M5III,UMi,,
77635,,15.849652,-25.751295,4.63,-0.072,B1.5Vn,Sco,,1
78662,,16.058931,-57.775064,4.63,0.252,A7IV,Nor,Iot-1,
90797,,18.522896,-62.278302,4.63,-0.116,B8III,Pav,Nu,
92512,,18.853348,59.388351,4.63,1.185,K0II-III SB,Dra,Omi,47
13914,,2.986868,21.340429,4.63,0.048,A2Vs,Ari,Eps,48
118131,,23.962647,25.141401,4.63,1.584,M3III,Peg,Psi,84
37648,,7.725663,-28.410885,4.63,1.632,K5III,Pup,,1
38500,,7.884344,-49.613044,4.63,-0.228,B1.5Vp,Pup,,
42835,,8.727882,-7.23373,4.63,0.84,G2Ib,Hya,,
45448,,9.262522,-37.413144,4.63,0.473,F3/F5V,Vel,,
67234,,13.777604,-51.432766,4.64,0.955,G8/K0III,Cen,,
76669,,15.656299,36.635812,4.64,-0.103,B7V+...,CrB,Zet-1,7
76829,,15.686505,-44.661205,4.64,0.413,F5IV-V,Lup,,
82369,,16.830563,-10.783,4.64,0.478,F7IV,Oph,,20
84606,,17.294517,37.291498,4.64,0.043,A2V,Her,,69
88765,,18.121767,8.733867,4.64,0.951,G8III-IV,Oph,,71
95585,,19.441969,0.33857,4.64,0.576,F2Ib,Aql,Nu,32
101589,,20.588482,14.674213,4.64,0.12,A3V,Del,Zet,4
111674,,22.622899,51.545123,4.64,0.254,A8IV,Lac,,9
113919,,23.069702,50.052091,4.64,1.058,K0III,And,,3
18216,,3.895195,-24.61223,4.64,-0.136,B5V,Eri,Tau-8,33
22845,,4.914924,10.150833,4.64,0.085,A0V,Ori,Pi-1,7
28716,,6.065329,20.138452,4.64,0.236,B2Iavar,Ori,Chi-2,62
51192,,10.456798,-57.638805,4.65,0.474,A6Ia,Car,,
58590,,12.014553,6.614322,4.65,0.122,A5V,Vir,Pi,8
78639,,16.053579,-49.229695,4.65,0.902,G8III,Nor,Eta,
12719,,2.724198,27.707146,4.65,-0.122,B3V,Ari,,35
21273,,4.564143,14.844424,4.65,0.255,A8V,Tau,Rho,86
23607,,5.076153,15.404105,4.65,-0.064,A0p Si,Ori,,11
27890,,5.901658,-63.089627,4.65,1.022,K1III/IV,Dor,,
35363,,7.30511,-36.733962,4.65,-0.099,B2V+...,Pup,,
36514,,7.511834,-30.962281,4.65,0.904,G2Ib...,Pup,,
36917,,7.589694,-28.369323,4.65,-0.111,B8V,Pup,,
,,9.511764,-40.465622,4.65,,F0 IV,Vel,,
5571,,1.190894,21.03465,4.66,1.024,K0III,Psc,Chi,84
8497,,1.826418,-10.68641,4.66,0.333,F3III,Cet,Chi,53
53295,,10.899648,43.189956,4.66,-0.039,A1Vs,UMa,Ome,45
61740,,12.654102,-7.995564,4.66,1.24,K2III,Vir,Chi,26
62012,,12.709858,-48.813109,4.66,1.075,K0III,Cen,,
76705,,15.662772,-34.411926,4.66,0.964,G8/K0III,Lup,Psi-1,3
88567,,18.083674,-29.580087,4.66,0.774,G0Ib/II,Sgr,Gam-1,
89678,,18.300886,-27.042641,4.66,1.629,K3III,Sgr,,
90135,,18.394329,-8.934383,4.66,0.932,K0III,Sct,Zet,
98543,,20.018346,27.753573,4.66,0.184,A4III,Vul,,15
31978,,6.682961,9.895754,4.66,-0.233,O7,Mon,,15
33302,,6.927064,-20.136497,4.66,0.374,F2IV/V,CMa,Pi,19
35205,,7.276387,-27.881179,4.66,1.589,M2III,CMa,,
42806,Asellus Borealis,8.721431,21.468501,4.66,0.01,A1IV,Cnc,Gam,43
44626,,9.093994,-70.538497,4.66,-0.149,B2IVe,Car,,
5742,,1.229152,24.583713,4.67,1.047,K0III...,Psc,Phi,85
88128,,18.000949,16.750919,4.67,1.254,K0II-III,Her,,93
90595,,18.486626,-14.565813,4.67,0.076,A1IV/V,Sct,Gam,
91919,,18.738984,39.670123,4.67,0.17,F1V,Lyr,Eps-1,4
96100,Alsafi,19.539149,69.661175,4.67,0.786,K0V,Dra,Sig,61
103738,,21.021517,-32.257767,4.67,0.89,G8III,Mic,Gam,
16244,,3.489456,49.508948,4.67,-0.096,B3V,Per,,34
19811,,4.248143,40.483671,4.67,1.007,G5II comp,Per,,52
21683,,4.654583,15.917977,4.67,0.147,A5Vn,Tau,Sig-2,92
28910,,6.10259,-14.935254,4.67,0.046,A0V,Lep,The,18
40167,Tegmine,8.203535,17.647771,4.67,0.531,G0V,Cnc,Zet-2,16
45075,,9.181941,63.513633,4.67,0.381,Am,UMa,Tau,14
7294,,1.565528,59.23204,4.68,0.991,K0III,Cas,Chi,39
8928,,1.915572,-67.647303,4.68,0.931,G5III,Hyi,Eta-2,
49029,,10.003557,8.044223,4.68,1.589,M2III,Leo,Pi,29
52098,,10.645337,31.976237,4.68,0.823,G0II,LMi,,37
66006,,13.532746,-6.255816,4.68,1.606,M3III,Vir,,74
66234,,13.57425,49.015973,4.68,0.132,A5V,CVn,,24
80047,,16.339119,-78.695745,4.68,1.68,M5III,Aps,Del-1,
96683,,19.656279,30.153321,4.68,0.971,G8III-IV...,Cyg,Phi,12
9677,,2.074844,-29.296819,4.68,-0.156,B9.5p (Si),For,Nu,
13879,,2.979352,39.662728,4.68,0.065,A2Vn,Per,Pi,22
106786,Bunda,21.629197,-7.854201,4.68,0.175,A7V,Aqr,Xi,23
112211,,22.726454,-18.830375,4.68,1.358,K3III,Aqr,,66
43878,,8.938686,-52.723475,4.68,-0.115,B5V,Vel,,
47310,,9.640913,4.649293,4.68,1.31,K3III,Hya,,
52102,,10.645834,-59.182997,4.69,1.562,K4/K5III:,Car,,
62268,,12.76055,-60.981318,4.69,1.049,K1III,Cru,Iot,
107136,Azelfafage,21.701573,51.189622,4.69,-0.119,B3IV,Cyg,Pi-1,80
108870,,22.055486,-56.785977,4.69,1.056,K5V,Ind,Eps,
116389,,23.584599,-42.615075,4.69,0.078,A2V,Phe,Iot,
20732,,4.443437,14.713782,4.69,0.979,G8III,Tau,Pi,73
24813,,5.318995,40.099051,4.69,0.63,G0V,Aur,Lam,15
37173,,7.638346,-25.364804,4.69,-0.1,B8IV,Pup,,
38089,,7.805608,-47.077722,4.69,1.039,K0III,Pup,,
39211,,8.020371,-1.392608,4.69,1.475,K4III,Mon,,28
56633,,11.611365,-9.802247,4.7,-0.073,B9.5Vn,Crt,The,21
56922,,11.670221,-34.74466,4.7,-0.07,B9V,Hya,Omi,
82671,,16.899924,-42.362025,4.7,0.444,B1Iae,Sco,Zet-1,
91726,,18.704563,-9.052549,4.7,0.358,F2IIIp d Del,Sct,Del,
98066,Terebellum,19.930651,-26.299506,4.7,0.748,G3/G5III,Sgr,Ome,58
104521,,21.172361,10.131579,4.7,0.262,F0p,Equ,Gam,5
113116,,22.906789,84.346177,4.7,1.418,K4III,Cep,,
116247,,23.554618,-20.914504,4.7,0.02,A0V,Aqr,,101
24927,,5.340811,-21.239763,4.7,-0.048,A0V,Lep,,
57283,,11.746049,-18.350674,4.71,0.958,G8III,Crt,Zet,27
63945,,13.104642,-48.463289,4.71,-0.148,B5V,Cen,,
68191,,13.960809,-63.686696,4.71,1.075,K4III,Cen,,
97938,Libertas,19.904134,8.461453,4.71,1.023,K0III,Aql,Xi,59
13954,,2.99525,8.907365,4.71,-0.109,B6III,Cet,Lam,91
105140,,21.298966,-32.172539,4.71,0.07,A0V,Mic,Eps,
114375,,23.165249,-22.457611,4.71,0.674,A3IV:,Aqr,,89
16245,,3.489558,-62.937527,4.71,0.41,F5IV-V,Ret,Kap,
22667,,4.875545,14.250642,4.71,1.773,M3Sv,Ori,Omi-1,4
23693,,5.091853,-57.472704,4.71,0.526,F7V,Dor,Zet,
25737,,5.49555,-1.092239,4.71,1.592,K5III,Ori,,31
25984,,5.545465,32.192022,4.71,0.281,B5Iab,Aur,Chi,25
45902,,9.35822,-25.965439,4.71,1.633,M0III,Pyx,The,
46026,,9.386739,-28.833873,4.71,0.892,G8III,Pyx,Lam,
6692,,1.432208,68.130012,4.72,1.047,K0III,Cas,Psi,36
51056,,10.431895,33.79612,4.72,0.26,F0V,LMi,,30
51438,,10.505581,-71.992793,4.72,0.042,A2III,Car,,
51658,,10.553865,40.42556,4.72,0.222,A7IV,UMa,,
58867,,12.072008,-63.165711,4.72,-0.081,B2IV,Cru,The-2,
60202,,12.345286,17.792868,4.72,1.01,G8III,Com,,11
64844,,13.292379,40.572608,4.72,0.306,F3III,CVn,,20
78592,,16.046634,46.036705,4.72,-0.094,B9III,Her,Ups,6
84514,,17.276857,-0.445297,4.72,1.119,K2III,Oph,,41
107188,,21.710973,-18.866323,4.72,0.868,G8III,Cap,Kap,43
25044,,5.362708,-0.382465,4.72,-0.168,B2IV-V,Ori,,22
27639,,5.850675,37.305573,4.72,1.621,M1III,Aur,Ups,31
29276,,6.171642,-54.968645,4.72,-0.229,B0.5IV,Pic,Del,
40084,,8.187863,-12.926999,4.72,0.939,K0III,Pup,,19
46371,,9.45511,-22.343783,4.72,1.154,K1III,Hya,,
53907,,11.030465,-2.484585,4.73,1.593,K5III,Leo,,61
78914,,16.108176,-45.173185,4.73,0.23,Am,Nor,Del,
79119,,16.149529,36.490944,4.73,1.015,K0III-IV,CrB,Tau,16
11313,,2.42706,50.278631,4.73,1.532,K4III,And,,65
103045,,20.877565,-8.983318,4.73,0.325,A3m,Aqr,Mu,6
33202,,6.910732,13.177827,4.73,0.321,F0Vp,Gem,,38
40096,,8.190526,-42.987278,4.73,0.164,A7Ib,Pup,,
2505,,0.529539,54.522289,4.74,-0.098,B8Vn,Cas,Lam,14
6193,,1.324443,27.264059,4.74,0.032,A3V,Psc,Ups,90
64924,,13.306763,-18.311196,4.74,0.709,G5V,Vir,,61
69191,,14.165242,-53.438946,4.74,0.938,G8III,Cen,,
77661,,15.85442,20.977919,4.74,1.534,K5III,Ser,Rho,38
88116,,17.996543,-23.816133,4.74,-0.03,B9V,Sgr,,4
93542,,19.051907,-42.095105,4.74,-0.027,A0Vn,CrA,Zet,
96052,,19.529534,34.452968,4.74,-0.15,B3IV,Cyg,,8
11783,,2.534786,-15.244677,4.74,0.454,F5V,Cet,Sig,76
12413,,2.663326,-42.89167,4.74,0.061,A2V,Eri,,
103632,,20.997098,47.520951,4.74,-0.084,B1ne,Cyg,,59
108874,,22.055234,-2.155363,4.74,-0.1,B7IVe,Aqr,Omi,31
116602,,23.630827,-45.492351,4.74,0.082,A2V,Phe,,
15520,,3.333129,65.652292,4.74,-0.108,B2.5Vne,Cam,,
16341,,3.510294,-5.075145,4.74,-0.092,B9Vs,Eri,,17
39903,,8.150213,-61.302429,4.74,0.437,F5V,Car,,
42624,,8.686982,-47.317125,4.74,0.137,A5II,Vel,,
44390,,9.04242,67.629619,4.74,1.542,M3III,UMa,Rho,8
57581,,11.80403,-66.81491,4.75,1.522,K4III,Mus,Mu,
67786,,13.886817,-31.927612,4.75,-0.111,B4IV,Cen,,4
69713,,14.269439,51.367231,4.75,0.236,A9V,Boo,Iot,21
76880,,15.699111,-19.678828,4.75,1.574,K5III,Lib,Kap,43
76945,,15.711395,-34.710407,4.75,-0.151,B5V,Lup,Psi-2,4
101612,,20.593003,-60.581749,4.75,0.291,F1III,Pav,Phi-1,
115088,,23.3104,68.111445,4.75,0.836,K0III,Cep,Omi,34
35020,,7.243928,-48.271927,4.75,-0.091,B8/B9V,Pup,,
2472,,0.523594,-48.803514,4.76,0.018,A0V,Phe,Lam-1,
52370,,10.703926,-64.466426,4.76,-0.139,B3V,Car,,
55266,,11.318864,38.185557,4.76,0.113,A2V,UMa,,55
60485,,12.400414,51.562257,4.76,0.877,G7III,CVn,,5
63355,,12.982068,17.409446,4.76,1.568,M0III,Com,,36
65639,,13.457546,-15.973578,4.76,1.096,K1IIICN...,Vir,,69
67665,,13.863188,34.44424,4.76,1.611,K5III,CVn,,
70264,,14.376971,-58.459117,4.76,0.795,G8/K1 + F/G,Cen,,
84969,,17.366531,-67.770668,4.76,1.194,K1III,Aps,Zet,
86486,,17.673276,-49.415587,4.76,0.415,F3IV,Ara,Lam,
94703,,19.270289,21.390428,4.76,-0.058,B4IV,Vul,,1
13244,,2.841255,-75.066947,4.76,1.337,K3III,Hyi,Nu,
13288,Angetenar,2.850645,-21.004019,4.76,0.906,K0III,Eri,Tau-2,2
106801,,21.632007,62.08194,4.76,0.246,B2Ib,Cep,,9
114155,,23.118539,25.468259,4.76,1.285,K0IIp,Peg,,56
27750,,5.874011,1.855134,4.76,1.382,K2IIvar,Ori,,56
29997,,6.314105,69.319787,4.76,0.025,A0Vn,Cam,,
38901,,7.961141,-30.33457,4.76,0.151,A7III,Pup,,
47522,,9.688058,-23.591514,4.76,-0.117,B5V,Hya,,
3455,,0.7365,-10.60955,4.77,0.998,K0IIIvar,Cet,Phi-1,17
56127,,11.505248,-3.003501,4.77,1.529,K4III,Leo,,87
62985,,12.905879,-9.538994,4.77,1.59,M3IIIvar,Vir,Psi,40
86201,,17.615859,68.75797,4.77,0.43,F5V,Dra,Ome,28
88404,,18.051367,-8.180349,4.77,0.41,F5V+...,Oph,Tau,69
90905,,18.542923,57.045599,4.77,0.611,F7Ib,Dra,,45
98761,,20.059291,-37.940699,4.77,1.417,K4III,Sgr,,
100044,,20.296445,38.03293,4.77,0.377,B2pe,Cyg,,34
100310,Alshat,20.344393,-12.75908,4.77,-0.047,B9IV,Cap,Nu,8
101027,,20.481004,-17.813687,4.77,0.386,F3V,Cap,Rho,11
112519,,22.791378,83.15383,4.77,1.257,K3III,Cep,,
14382,,3.092338,56.705719,4.77,1.018,K0II-III,Per,,
26563,,5.648079,-7.212829,4.77,0.139,A4V,Ori,,49
32533,,6.788842,8.037254,4.77,1.396,K4III,Mon,,17
45751,,9.329551,-11.974853,4.77,0.927,G8III,Hya,,26
122,,0.026616,-77.065724,4.78,1.254,K2III,Oct,The,
4147,,0.883471,-1.14426,4.78,1.55,M0III,Cet,,20
50564,,10.328938,19.470914,4.78,0.452,F6IV,Leo,,40
60351,,12.375087,25.84616,4.78,0.515,F8:p...,Com,,12
64852,,13.293412,5.469869,4.78,1.638,M2III,Vir,Sig,60
70104,,14.345159,-45.18706,4.78,0.31,F0IV,Lup,,
70306,,14.384942,-27.754017,4.78,1.3,K3III,Hya,,51
85755,,17.523598,-23.962643,4.78,0.016,A0V,Oph,,51
87294,,17.83642,-40.090435,4.78,0.259,A6Ib,Sco,Iot-2,
92024,,18.757465,-64.871259,4.78,0.199,A7V,Pav,,
9977,,2.141454,37.859077,4.78,0.12,A5IV-V,And,,58
110371,,22.355372,28.330529,4.78,-0.01,B9III,Peg,,32
110882,,22.464312,4.695664,4.78,1.039,K0III,Peg,,35
17587,,3.767314,63.345047,4.78,0.747,A3V...,Cam,,
21029,,4.509342,16.194014,4.78,0.17,A6IV,Tau,,
23231,,4.998816,-12.537416,4.78,0.267,F0V,Eri,,64
26199,,5.584078,-6.002027,4.78,-0.248,B0.5V,Ori,,
39847,,8.140963,51.50667,4.78,0.048,A2V,Lyn,,27
40274,,8.224866,-35.899518,4.78,-0.11,B2ne,Pup,,
47758,,9.736694,-27.769471,4.78,0.516,A7V+...,Ant,The,
1168,,0.243378,20.206702,4.79,1.572,M2III,Peg,Chi,89
9153,,1.965478,23.596061,4.79,0.29,F0V,Ari,Lam,9
64661,,13.25416,-67.894589,4.79,-0.078,B8V,Mus,Eta,
77655,,15.85387,35.657382,4.79,0.996,K0III-IV,CrB,Kap,11
80815,,16.503466,-25.115224,4.79,-0.116,B3V,Sco,,22
87220,,17.819577,-31.703203,4.79,-0.028,B8Ib/II,Sco,,
88149,,18.004388,4.368615,4.79,-0.1,B2Ve,Oph,,66
99824,,20.254415,25.591957,4.79,-0.181,B3V,Vul,,
109400,,22.163441,72.341207,4.79,0.919,G8III,Cep,,24
109908,,22.260253,-41.3467,4.79,0.79,G8III+...,Gru,Mu-1,
22678,,4.877218,36.703187,4.79,1.414,K3III,Aur,,2
41039,,8.375471,-48.490381,4.79,-0.146,B1V,Vel,,
45856,,9.349117,-62.404632,4.79,0.926,G6III,Car,,
3300,,0.701081,50.512526,4.8,-0.105,B2.5V,Cas,Xi,19
4151,,0.884511,61.12397,4.8,0.54,F8V,Cas,,
52502,,10.735258,-63.961072,4.8,-0.134,B5Vn,Car,,
,Alula Australis B,11.303118,31.528783,4.8,,G0 Ve,UMa,Xi,53
61394,,12.580857,22.629259,4.8,0.012,A0IV,Com,,23
64022,,13.119646,27.624741,4.8,1.482,K5III,Com,,41
69112,,14.147498,77.547514,4.8,1.368,K3III,UMi,,4
69879,,14.29995,35.509505,4.8,1.057,K1III,Boo,,
71995,,14.723712,26.52785,4.8,1.672,M3III,Boo,,34
73568,,15.035141,25.008138,4.8,1.506,K4III,Boo,Ome,41
79881,,16.304973,-28.61402,4.8,0.008,A0V:,Sco,,
84573,,17.288769,33.1001,4.8,-0.166,B1.5Vp,Her,,68
99639,,20.22168,46.815675,4.8,0.1,A5IIIn,Cyg,,30
103089,,20.887431,44.38726,4.8,-0.134,B5V,Cyg,,57
105382,,21.346008,-40.809465,4.8,0.029,A2p,Mic,The-1,
110672,,22.421284,1.377401,4.8,-0.171,B1Ve,Aqr,Pi,52
112051,,22.695947,29.307641,4.8,-0.013,A1IV,Peg,Omi,43
15197,Zibal,3.263896,-8.81973,4.8,0.232,A5m,Eri,Zet,13
20354,,4.359211,46.498878,4.8,-0.022,B4IV,Per,,53
20542,,4.401599,17.44413,4.8,0.154,A7V,Tau,Del-2,64
23364,,5.023985,-7.173965,4.8,-0.164,B3V,Eri,Psi,65
31832,,6.655507,42.488877,4.8,1.236,K3III,Aur,Psi-2,50
45038,,9.173204,67.134018,4.8,0.489,F7IV-V,UMa,Sig-2,13
45493,,9.269808,54.021857,4.8,0.199,A5V,UMa,,18
45811,,9.341394,-9.555695,4.8,0.913,F5V+...,Hya,,27
55687,,11.410164,-10.859323,4.81,1.556,K5III,Crt,Eps,14
70755,Elgafar,14.470038,-2.227957,4.81,0.693,G2III,Vir,Phi,105
90289,,18.422511,-20.541679,4.81,1.31,A1/A2V,Sgr,,21
101867,,20.642038,21.201174,4.81,-0.03,A0V,Vul,,29
102724,,20.815637,46.114134,4.81,0.571,B3Ia,Cyg,,55
24010,,5.161654,15.597232,4.81,0.313,F2IV,Ori,,15
24372,,5.229288,-67.185255,4.81,1.274,K2III,Dor,The,
24659,,5.291411,-34.895207,4.81,0.987,K0/K1III/IV,Col,Omi,
28237,,5.966571,25.953912,4.81,-0.088,B1Ib,Tau,,139
39138,,8.005547,-63.567456,4.81,-0.173,B3V,Car,,
47029,,9.584399,39.621493,4.81,0.992,K0III,Lyn,,
9095,,1.952792,-47.385277,4.82,0.864,G8III,Phe,,
50799,,10.372108,-41.64996,4.82,1.095,K1IIIvar,Vel,,
51459,,10.510461,55.980536,4.82,0.541,F8V,UMa,,36
60710,,12.442158,-51.450635,4.82,-0.141,B3Vn,Cen,,
66458,,13.624345,36.294898,4.82,0.239,A7III,CVn,,25
69226,,14.173315,25.091677,4.82,0.541,F9IVw,Boo,,12
78554,,16.038248,22.804454,4.82,0.066,A3V,Ser,Pi,44
80179,,16.367875,1.029039,4.82,0.338,F0V,Ser,Sig,50
82321,,16.820615,45.983323,4.82,0.087,A2p...,Her,,52
83262,,17.017667,-4.222644,4.82,1.483,K4III,Oph,,30
90344,Fafnir,18.433069,65.56348,4.82,1.179,K2III,Dra,,42
92782,,18.90661,71.297192,4.82,1.151,K0III,Dra,Ups,52
104019,,21.073417,-19.854991,4.82,0.169,A5V,Cap,Eta,22
110386,,22.358632,12.205186,4.82,-0.132,B2IV-V,Peg,,31
111123,,22.510782,-10.67795,4.82,-0.053,A0IVs,Aqr,Sig,57
115022,,23.295732,49.0153,4.82,1.668,M2III,And,,8
116901,,23.696057,-17.816533,4.82,0.822,G2Ib/II,Aqr,,104
24340,,5.223811,38.484498,4.82,0.189,A4m,Aur,Mu,11
31827,,6.654644,-14.145764,4.82,1.459,K2III,CMa,,
33092,,6.892474,-20.224254,4.82,-0.212,B1Ib,CMa,,15
36773,,7.563323,-14.523892,4.82,1.362,A4Ia,Pup,,
4292,,0.916715,58.972698,4.83,1.216,K2III,Cas,Ups-1,26
6813,,1.460915,45.406687,4.83,0.421,F5IV,And,Ome,48
63724,,13.059256,-49.527264,4.83,0.029,A0V,Cen,Xi-1,
73695,,15.063174,47.65406,4.83,0.647,G2V + G2V,Boo,,44
74449,,15.213776,-44.500414,4.83,-0.177,B3IV,Lup,,
80704,,16.477373,41.881677,4.83,1.289,M6III:var,Her,,30
83574,,17.080376,-34.12293,4.83,0.257,B2Iab,Sco,,
92088,,18.767911,26.66213,4.83,1.199,K3III,Lyr,,
93026,,18.951019,-5.846314,4.83,1.057,K1III,Sct,Eta,
93174,,18.978721,-37.107357,4.83,0.396,F3IV/V,CrA,Eps,
12390,,2.659398,-11.872156,4.83,0.447,F5V,Cet,Eps,83
12876,,2.759048,-67.616617,4.83,0.058,A2IV/V,Hyi,Zet,
34495,,7.147519,-39.655657,4.83,-0.179,B3IV/V,Pup,,
35210,,7.276898,-23.315594,4.83,1.601,K4III,CMa,,
40945,,8.356397,-33.054366,4.83,1.419,K2/K3III,Pup,,
42726,,8.707054,-53.113984,4.83,-0.173,B3IV,Vel,,
7007,,1.503087,6.14382,4.84,1.372,K4III,Psc,Mu,98
53807,,11.009347,3.617494,4.84,1.144,K1III,Leo,,58
57328,,11.754733,8.258119,4.84,0.174,A4V,Vir,Xi,2
70027,,14.329233,16.306948,4.84,1.228,K3III,Boo,,20
,Graffias,16.072774,-11.374611,4.84,0.45,F6 IV-V,Sco,Xi,
81008,,16.543415,11.488041,4.84,1.495,K4III,Her,,29
81660,,16.681978,64.589046,4.84,1.212,K1p,Dra,,18
82020,,16.754946,56.781857,4.84,0.375,F2V,Dra,,
98353,,19.982555,-26.195767,4.84,0.882,G8II/III,Sgr,,60
10340,,2.220369,44.231652,4.84,1.476,K4III,And,,60
10644,,2.284191,34.224231,4.84,0.607,G0V,Tri,Del,8
112203,,22.724993,-41.414347,4.84,1.027,K0III,Gru,Rho,
112374,,22.760519,-53.500121,4.84,1.18,K2IIICNIV,Gru,Eta,
114104,,23.110226,59.41976,4.84,-0.06,B0.5IV,Cas,,1
15457,,3.322693,3.370198,4.84,0.681,G5Vvar,Cet,Kap-1,96
19740,,4.232329,9.263824,4.84,0.799,G5III,Tau,,47
26777,,5.688255,16.534148,4.84,-0.125,B3IV...,Tau,,126
37297,,7.657595,-38.308021,4.84,-0.189,B3V,Pup,,
42134,,8.5888,-58.009228,4.84,0.981,K0III,Car,,
49712,,10.148957,-51.811261,4.85,-0.12,B3IV,Vel,,
64408,,13.200901,-37.803022,4.85,0.693,G3V,Cen,,
74837,,15.294136,-63.610465,4.85,1.26,K2.5III,Cir,Eps,
87846,,17.946507,-44.342246,4.85,1.176,K2III,Sco,,
89918,,18.347795,3.377165,4.85,0.911,G8III,Oph,,74
93148,,18.974378,-52.938629,4.85,-0.051,A0V,Tel,Lam,
14862,,3.198957,74.393659,4.85,0.035,A2Vnn,Cas,,
15416,,3.312174,34.222653,4.85,1.491,K2II,Per,,
36431,,7.497615,-23.024287,4.85,0.243,A6Ib/II,Pup,,
2210,,0.465472,-33.007167,4.86,1.634,M2/M3III,Scl,Eta,
51808,,10.584878,75.712948,4.86,0.957,K0III,Dra,,
64820,,13.286952,-66.783438,4.86,1.48,K2Ib/II,Mus,,
70327,,14.389638,8.446617,4.86,0.01,A0V,Boo,,
71832,,14.694097,8.161764,4.86,0.992,G8IIIvar,Boo,,31
80181,,16.368287,30.891996,4.86,0.97,K0III,CrB,Xi,19
81122,,16.568061,-44.045315,4.86,0.045,B0Ia,Nor,Mu,
81497,,16.645794,48.928342,4.86,1.562,M2.5III,Her,,42
85829,,17.537767,55.172958,4.86,0.279,Am,Dra,Nu-2,25
86736,,17.723833,-21.683194,4.86,0.469,F6/F7V,Oph,,58
91918,,18.738711,-35.641987,4.86,-0.168,B2V,Sgr,,
92761,Ainalrami,18.902827,-22.744834,4.86,1.412,K1II,Sgr,Nu-1,32
94643,,19.259007,-25.256682,4.86,0.569,K0/K1III+..,Sgr,Psi,42
101773,,20.626465,-61.529918,4.86,0.447,Fm delta Del,Pav,Rho,
109068,,22.094653,5.05853,4.86,1.443,K4III,Peg,Nu,22
15382,,3.30614,-22.511118,4.86,0.904,K0III,Eri,,15
32438,,6.770595,59.44167,4.86,0.084,A3V,Lyn,,12
42483,,8.661799,-29.561084,4.86,0.9,G5III,Pyx,Zet,
6411,Adhil,1.372337,45.528778,4.87,1.077,K0III-IV,And,Xi,46
51979,,10.620481,-27.412634,4.87,1.626,M1III,Hya,,
52736,,10.780898,-64.383474,4.87,-0.149,B3IV,Car,,
97290,,19.772707,-19.761113,4.87,1.061,K0III,Sgr,,56
12093,,2.597909,5.593246,4.87,0.88,G8III,Cet,Nu,78
106551,,21.579596,38.534054,4.87,1.085,K1III,Cyg,,72
15110,,3.24836,21.044441,4.87,-0.007,A1V,Ari,Zet,58
19777,,4.239914,-10.256283,4.87,1.156,K3III,Eri,,39
34899,,7.220377,-45.182739,4.87,-0.003,Ap,Pup,,
42662,,8.695371,-15.943384,4.87,1.063,K0IIICN...,Hya,,9
43825,,8.925434,-27.681871,4.87,0.142,A3IV,Pyx,Del,
48559,,9.903425,-25.932345,4.87,1.199,K2III,Hya,,
58484,,11.993796,-78.221839,4.88,-0.054,B9Vn,Cha,Eps,
61960,,12.698071,10.235625,4.88,0.076,A0V,Vir,Rho,30
63462,,13.004576,30.785021,4.88,1.165,K1IIIp,Com,,37
82860,,16.93375,65.134796,4.88,0.481,F6Vvar,Dra,,19
87936,,17.963279,-41.716295,4.88,1.617,M0III,Sco,,
91845,,18.725348,-8.275215,4.88,1.112,G8II,Sct,Eps,
94820,,19.293911,-18.952908,4.88,1.013,K0III,Sgr,,43
96341,,19.586942,-48.099202,4.88,1.096,G9III,Tel,Iot,
11345,,2.432501,-12.29048,4.88,-0.027,A0V,Cet,Rho,72
117301,,23.784284,58.651989,4.88,1.122,K1III,Cas,Tau,5
118209,,23.977883,-3.555983,4.88,0.93,G9III,Psc,,27
118243,,23.983482,55.754928,4.88,-0.071,B1V...,Cas,Sig,8
25539,,5.460579,21.936965,4.88,-0.14,B2.5IV,Tau,,114
27468,,5.816935,24.567535,4.88,1.021,G8IIIvar,Tau,,132
27810,,5.885245,-33.801361,4.88,-0.154,B5V,Col,Lam,
35412,,7.311216,-24.558701,4.88,-0.16,O7f,CMa,,29
910,,0.187739,-15.467977,4.89,0.487,F5V,Cet,,6
51523,,10.522775,-53.715484,4.89,0.5,F6V,Vel,,
52009,,10.625909,-13.384543,4.89,2.8,C,Hya,,
57443,,11.775376,-40.500354,4.89,0.664,G3/G5V,Cen,,
57851,,11.864237,-65.20591,4.89,-0.123,B4V,Mus,,
62886,,12.888263,21.244943,4.89,0.904,G8III,Com,,35
69896,,14.303877,-81.00776,4.89,0.243,A2m...,Aps,Eta,
83613,,17.089636,12.740828,4.89,0.125,A4IV,Her,,60
85819,,17.536251,55.184243,4.89,0.251,Am...,Dra,Nu-1,24
97118,,19.737943,37.354355,4.89,0.948,G8III,Cyg,,15
102831,,20.8328,-33.779722,4.89,1.004,G8III,Mic,Alp,
111841,,22.654355,39.050269,4.89,-0.207,O9V,Lac,,10
115990,,23.500536,58.54892,4.89,-0.122,B3IV,Cas,,
22453,,4.831846,37.488275,4.89,1.447,K4II,Per,,
25302,,5.412452,1.846445,4.89,-0.2,B1V:pe,Ori,Psi-1,25
27511,,5.825814,12.651324,4.89,-0.068,B9IV,Tau,,134
37265,Jishui,7.65276,34.584346,4.89,0.413,F3III,Gem,Omi,71
37908,,7.768736,18.510043,4.89,1.425,K5III,Gem,,81
3801,,0.813892,50.968168,4.9,-0.091,B9III,Cas,Nu,25
6670,,1.427009,-14.598796,4.9,1.231,K2III,Cet,,46
62683,,12.844769,-33.999302,4.9,-0.031,B9V,Cen,,
64583,,13.237578,-59.103235,4.9,0.489,F7IV,Cen,,
78655,,16.05672,-38.602541,4.9,-0.146,B6III/IV,Lup,,
78821,Acrab B,16.09071,-19.80186,4.9,-0.024,B2V,Sco,Bet-2,8
80686,,16.474422,-70.084401,4.9,0.555,F9V,TrA,Zet,
97679,,19.851141,22.610046,4.9,-0.153,B2.5V,Vul,,12
102790,,20.824709,-46.226826,4.9,1.494,K5III,Ind,Zet,
26885,,5.707953,1.474629,4.9,1.144,K1III,Ori,,51
33485,,6.960309,45.094094,4.9,0.027,A2Vn,Lyn,,16
52085,,10.643043,-16.876572,4.91,0.922,G8III,Hya,Phi-3,
61966,,12.699051,-59.685819,4.91,-0.044,B6IV,Cru,,
66257,,13.579943,37.182415,4.91,0.404,F2IV SB,CVn,,
73473,,15.016208,-8.518943,4.91,0.0,B9.5V,Lib,Del,19
74604,,15.2437,-31.519121,4.91,0.374,F3III,Lup,,1
81724,,16.692884,-17.742167,4.91,1.095,G8II/III,Oph,,
83608,,17.088929,54.470042,4.91,0.471,F5,Dra,Mu,21
98055,,19.927167,52.438948,4.91,0.124,A4Vn,Cyg,Psi,24
12623,,2.704144,40.193944,4.91,0.582,F9V,Per,,12
101101,,20.494167,-2.885531,4.91,1.16,K2III,Aql,,69
101692,,20.61212,-2.549957,4.91,1.606,K5II,Aql,,70
111310,,22.55001,-61.982122,4.91,1.612,M4III,Tuc,Nu,
113186,,22.920464,8.816166,4.91,-0.003,A1V,Peg,Rho,50
21139,,4.531296,-0.044011,4.91,1.32,K3II-III,Eri,,45
23362,,5.023772,-20.051918,4.91,-0.047,B9V,Lep,,
23835,,5.124164,18.645052,4.91,0.657,G4V,Tau,,104
30093,,6.333222,-2.944493,4.91,1.613,M1III,Ori,,
34622,,7.170467,-4.237106,4.91,1.02,K0III,Mon,,20
34752,,7.194255,39.320549,4.91,1.451,K4II-III,Aur,,63
9061,,1.944499,-22.526785,4.92,1.434,K3III,Cet,,56
54204,,11.088867,-27.293612,4.92,0.369,F3IV/V,Hya,Chi-1,
60697,,12.440018,27.268237,4.92,0.277,F0p,Com,,14
66200,,13.56887,3.658967,4.92,0.029,A1p SrCrEu,Vir,,78
67480,,13.828564,21.264105,4.92,1.432,K4III,Boo,,6
72104,,14.749778,-35.191826,4.92,0.013,A0V,Cen,,
75379,,15.403303,-10.322266,4.92,0.453,F5IV,Lib,Eps,31
88726,,18.113858,-43.425216,4.92,0.255,A5V,CrA,,
89861,,18.338309,21.961297,4.92,1.594,M1III,Her,,106
90830,,18.529287,-45.914814,4.92,-0.101,B6IV,Tel,Del-1,
92689,,18.887096,50.708221,4.92,0.903,G8III,Dra,,
102388,,20.747919,25.270617,4.92,1.183,K2III,Vul,,30
28574,,6.030673,-10.59793,4.92,-0.128,B5III,Mon,,3
28816,,6.083091,-16.484435,4.92,0.196,Ap shell,Lep,,17
30520,,6.414973,49.287893,4.92,1.905,K5Iabvar,Aur,Psi-1,46
34059,,7.064896,-49.58392,4.92,0.14,A4IV,Pup,,
36547,,7.517911,82.411466,4.92,1.633,M4IIIa,Cam,,
45439,,9.2602,-38.569942,4.92,1.084,K1III,Vel,,
56280,,11.53789,-29.261022,4.93,0.54,F8V,Hya,,
56986,,11.681568,-62.090101,4.93,1.111,G3Ib,Cen,,
59847,,12.272372,23.945409,4.93,0.957,K0III,Com,,7
62763,,12.861645,27.540712,4.93,0.681,G0III,Com,,31
63503,,13.012125,56.366338,4.93,0.368,F2V,UMa,,78
69269,,14.18069,-16.30203,4.93,1.684,M1III,Vir,,
72631,,14.850298,-2.29915,4.93,0.988,G8...,Lib,,11
73996,,15.121682,24.869195,4.93,0.429,F5V,Boo,,45
79375,,16.199997,-10.064253,4.93,0.087,A3IV,Sco,Psi,15
96483,,19.614847,-7.027477,4.93,-0.046,B0.5III,Aql,Kap,39
99120,,20.1231,-52.880793,4.93,1.591,M1II,Tel,Xi,
99303,,20.157116,36.839621,4.93,-0.139,B2.5V,Cyg,,28
99770,,20.242229,36.806302,4.93,0.151,A2V,Cyg,,29
102571,,20.786319,34.374123,4.93,1.294,K3IIIvar,Cyg,,
114939,,23.280817,-7.726504,4.93,1.613,M3III,Aqr,Chi,92
117073,,23.733189,29.361454,4.93,0.935,K0III,Peg,,78
19515,,4.180708,-41.993573,4.93,0.334,A9V,Hor,Del,
19990,,4.287684,20.578591,4.93,0.259,A3m,Tau,Ome-2,50
20252,,4.340178,34.566725,4.93,0.95,G8III,Per,,54
23179,,4.987612,37.890245,4.93,0.037,A1V,Aur,Ome,4
36942,,7.594365,-52.533836,4.93,1.373,K3III,Car,,
37609,,7.716788,58.71036,4.93,0.104,A3IVn,Lyn,,24
39079,,7.995598,-3.679583,4.93,1.205,K2III,Mon,,27
43937,,8.949562,-59.229338,4.93,-0.182,B2IV-V,Car,,
47592,,9.704011,-23.915569,4.93,0.534,G0V,Hya,,
50933,,10.402182,65.566423,4.94,-0.052,A0sp...,UMa,,
51495,,10.517242,-73.22149,4.94,1.677,K4/K5III,Car,,
64166,,13.150909,-23.11807,4.94,1.048,K0III,Hya,Psi,45
64540,,13.228597,40.152885,4.94,1.061,K0III,CVn,,
80650,,16.4664,68.768137,4.94,-0.051,A0III,Dra,,15
93279,,19.000229,32.145514,4.94,1.465,K3III,Lyr,Lam,15
10280,,2.206191,30.303067,4.94,0.77,F5V comp SB,Tri,,6
13905,,2.984356,35.183128,4.94,1.235,K2III,Per,,24
99742,,20.237949,15.197609,4.94,0.072,A2V,Aql,Rho,67
101138,,20.500983,48.951569,4.94,-0.087,B2.5IV,Cyg,Ome-1,45
109422,,22.169093,-32.548407,4.94,0.489,F6V,PsA,Tau,15
33357,,6.937775,-48.721144,4.94,1.668,M1III,Pup,,
35727,,7.370425,-19.0166,4.94,-0.039,B5II/III,CMa,,
39424,,8.058634,27.794332,4.94,1.13,K2III,Gem,Chi,
43347,,8.8299,-45.307875,4.94,0.043,A2III,Vel,,
48615,Felis,9.914503,-19.00936,4.94,1.559,K5III,Hya,,
3414,,0.724466,47.024546,4.95,0.17,A5V,Cas,Pi,20
6242,,1.334699,58.231611,4.95,0.683,F0Ia,Cas,Phi,34
55945,,11.465622,2.856265,4.95,1.0,G8II-III,Leo,Tau,84
61384,,12.578902,70.02177,4.95,1.312,K2III,Dra,,6
78207,,15.969825,-14.279358,4.95,-0.08,B8Ia/Iab,Lib,,48
79509,,16.224648,-54.630467,4.95,1.017,G4III,Nor,Kap,
79822,,16.291791,75.75533,4.95,0.393,F5V,UMi,Eta,21
98068,,19.931045,38.486705,4.95,-0.086,B5IV,Cyg,,22
98608,,20.029093,-59.375893,4.95,1.356,M6III,Pav,,
112917,,22.867225,43.312417,4.95,1.559,M0III,Lac,,15
115738,,23.448876,1.255608,4.95,0.036,A0p,Psc,Kap,8
117245,,23.773199,3.486811,4.95,2.508,C5II,Psc,,19
18505,,3.957067,63.072264,4.95,-0.074,B9.5V,Cam,,
26736,,5.680754,-1.128787,4.95,-0.197,B2IV-V,Ori,,
29434,,6.200911,16.130406,4.95,-0.149,B5Vn,Ori,,69
7818,,1.676337,40.577049,4.96,-0.068,B8III,And,Tau,53
7918,,1.696383,42.613369,4.96,0.618,G2V,And,,
67494,,13.831191,-18.134168,4.96,1.059,K0III,Vir,,89
78180,,15.963196,54.749762,4.96,0.269,F0IV,Dra,,
78650,,16.05573,-25.86524,4.96,1.234,K3III,Sco,,
88657,,18.100528,22.218879,4.96,1.656,M3IIIa+...,Her,,98
89153,,18.19537,-23.701235,4.96,1.055,K0III,Sgr,,1
89172,,18.198377,31.40535,4.96,1.643,M3III,Her,,104
11918,,2.564085,-28.232343,4.96,-0.05,B9V,For,Ome,
115590,,23.413959,62.282806,4.96,1.676,M1III,Cas,,4
15648,,3.357381,43.329651,4.96,0.051,A3V,Per,,32
20877,,4.473992,16.359672,4.96,1.137,K2IIIvar,Tau,,75
24822,,5.321278,22.096494,4.96,0.937,G8III,Tau,,109
27949,,5.914107,55.706947,4.96,0.052,A2V,Aur,Xi,30
5862,,1.253043,-45.531664,4.97,0.571,F8V,Phe,Nu,
9009,,1.933337,68.685242,4.97,-0.084,B8III,Cas,Ome,46
50847,,10.382824,-66.901498,4.97,-0.128,B8V,Car,,
60172,,12.339161,3.312574,4.97,1.172,K1III,Vir,,16
65721,,13.473837,13.778787,4.97,0.714,G5V,Vir,,70
70753,,14.469564,-29.491638,4.97,-0.074,B7/B8V,Hya,,52
76742,,15.67136,-23.818078,4.97,1.302,K3III,Lib,,42
79790,,16.283593,-50.068122,4.97,0.788,F9Ia,Nor,Gam-1,
83430,,17.052186,14.091947,4.97,1.6,M3III,Her,,
116310,,23.565884,31.325277,4.97,1.383,K4III,Peg,,72
116758,,23.663074,-14.222178,4.97,0.257,A7IV,Aqr,Ome-1,102
117221,,23.767234,46.420276,4.97,1.086,G5Ib,And,Psi,20
17313,,3.706291,33.965026,4.97,-0.048,B0.5V,Per,,40
18772,,4.021697,-61.078822,4.97,1.386,K4III,Ret,Iot,
20250,,4.339227,27.350754,4.97,1.15,K1III,Tau,Phi,52
28010,,5.924975,-37.120668,4.97,1.102,K1IIICN...,Col,Xi,
38538,,7.891616,26.765783,4.97,0.098,A3V,Gem,Phi,83
7999,,1.712086,-3.6902,4.98,1.378,K3II-III,Cet,,
53824,,11.012445,6.101449,4.98,0.166,A5III,Leo,,59
57696,,11.832395,-70.22579,4.98,1.36,G5Ib,Mus,,
60746,,12.449805,26.825699,4.98,0.088,A4V,Com,,16
76041,,15.529718,40.899332,4.98,0.086,A5V,Boo,Nu-2,53
78493,,16.024047,29.851061,4.98,-0.05,A0p...,CrB,Iot,14
90156,,18.398507,58.800736,4.98,0.082,A3V,Dra,,39
92951,Alya B,18.937401,4.202132,4.98,0.204,A5Vn,Ser,The-2,63
95066,,19.342473,-5.415766,4.98,0.937,G8III-IV...,Aql,,26
98073,,19.932051,58.845969,4.98,1.584,K5II-III,Cyg,,
10053,,2.157036,25.939892,4.98,0.339,F2III,Ari,,14
13884,,2.979939,-64.071284,4.98,0.126,A5III,Hor,Bet,
23783,,5.111289,51.59772,4.98,0.343,F0V,Aur,,9
26220,,5.587728,-5.387315,4.98,,O7,Ori,The-1,41
26235,,5.589695,-5.41606,4.98,-0.097,O9.5Vpe,Ori,The-2,43
37379,,7.673114,-15.26392,4.98,1.543,K3III,Pup,,
42509,,8.667076,-12.475372,4.98,1.415,K3III,Hya,,6
355,,0.075033,-10.509523,4.99,1.619,K3Ibvar,Cet,,3
55560,,11.380442,43.482703,4.99,0.998,G8II,UMa,,56
59856,,12.27504,33.061527,4.99,1.14,K1III,Com,,
66821,,13.695775,-54.559425,4.99,-0.055,B8Vn+...,Cen,,
69389,,14.20439,2.409433,4.99,-0.118,B9p Si,Vir,,
75206,,15.368975,-47.927792,4.99,0.515,F8V,Lup,Nu-1,
75312,,15.38675,30.287812,4.99,0.577,G2V,CrB,Eta,2
78323,,15.991743,-41.744436,4.99,0.988,G8III,Lup,,
89348,,18.231545,64.397287,4.99,0.44,F5V,Dra,,36
95372,,19.402105,29.621338,4.99,-0.12,B3IV,Cyg,,2
9505,,2.038359,54.487541,4.99,-0.071,B8III,Per,,4
98842,,20.072108,-32.056296,4.99,1.208,K1III/IV,Sgr,,
109289,,22.140537,-34.043841,4.99,1.499,K4III,PsA,Ups,
113288,,22.940555,49.733544,4.99,1.778,K5Ibvar,Lac,,
115115,,23.316021,-9.61075,4.99,-0.022,A0V,Aqr,Psi-3,95
16147,,3.467517,49.062866,4.99,-0.091,B5V,Per,,
17304,,3.704139,-31.938361,4.99,-0.159,B5III,For,Del,
18488,,3.952303,61.108883,4.99,1.435,K3I-II,Cam,,
21644,,4.64821,-12.123121,4.99,0.074,A0V,Eri,,
25142,,5.380556,3.544452,4.99,-0.096,B1V,Ori,,23
32844,,6.846097,41.78123,4.99,1.256,K3III,Aur,Psi-7,58
32855,,6.847876,-34.367318,4.99,1.379,K2/K3III,Pup,,
33971,,7.048549,-4.239231,4.99,-0.195,B1V,Mon,,19
36041,,7.427471,9.276097,4.99,0.991,G8III,CMi,Eps,2
40259,,8.222213,-15.788221,4.99,1.066,G5Ib/II,Pup,,20
44659,,9.099546,5.092316,4.99,1.189,K2II-III,Hya,Ome,18
45085,,9.184556,-44.867902,4.99,0.222,B5Ia,Vel,,
46771,,9.532428,11.299827,4.99,1.046,K0IIIvar,Leo,Xi,5
55588,,11.386857,-36.164769,5.0,1.464,K4III,Cen,,
57175,,11.725332,-62.489396,5.0,0.784,F9Ia,Cen,,
76008,,15.523619,77.349352,5.0,1.545,K5III,UMi,The,15
,,16.072774,-11.374611,5.0,,F6 IV-V,Sco,Xi,
79043,Marsic,16.134591,17.04698,5.0,0.931,G8III,Her,Kap,7
88060,,17.9848,-30.253025,5.0,1.654,K5/M0III,Sgr,,
88788,,18.12465,43.461891,5.0,0.913,G8III...,Her,,
92845,,18.918649,-22.671328,5.0,1.348,K1Ib/II,Sgr,Nu-2,35
93408,,19.023991,46.934812,5.0,0.186,A7V,Lyr,,16
,,19.106847,-37.06474,5.0,,F8 V,CrA,Gam,
94490,,19.231987,57.705102,5.0,1.156,K2III,Dra,,54
96275,,19.57636,19.773403,5.0,-0.093,B8IIIn,Vul,,9
97295,,19.773777,33.727598,5.0,0.476,F5,Cyg,,17
118121,,23.959727,-64.298231,5.0,0.06,A1V,Tuc,Eta,
19018,,4.074212,59.155507,5.0,0.495,F0II,Cam,,
25278,,5.407071,17.383534,5.0,0.544,F8V SB,Tau,,111
29034,Elkurud,6.125453,-37.25292,5.0,-0.095,B8:IV,Col,The,
29735,,6.262468,-13.718414,5.0,-0.078,B9V,CMa,,
33345,,6.935179,-14.04343,5.0,1.182,B9.5V,CMa,Mu,18
35384,,7.308883,49.464756,5.0,0.087,A4IIIn,Lyn,,
,,8.74494,-54.708074,5.0,,,Vel,,
47205,,9.620185,6.835802,5.0,1.051,K1IIIvar,Leo,,10
841,,0.172012,46.072272,5.01,0.405,F2II,And,,22
2219,,0.467475,17.893125,5.01,1.584,M3IIIvar,Psc,,47
7719,,1.655835,44.386165,5.01,0.883,G8III...,And,Chi,52
52425,,10.717789,69.076214,5.01,1.406,K3III,UMa,,
56862,,11.658227,-65.397766,5.01,0.804,G2III + A,Mus,,
60059,,12.316608,-55.143002,5.01,1.6,M1III,Cen,,
60646,,12.43082,39.018616,5.01,0.955,G8III-IV,CVn,,6
60998,,12.501868,69.201123,5.01,1.621,M3IIIa,Dra,,4
84833,,17.338575,18.057081,5.01,1.654,M2III,Her,,
97496,,19.816294,19.142042,5.01,0.095,A3V,Sge,Zet,8
98258,,19.965842,-15.49149,5.01,0.055,A2V,Sgr,,61
23430,,5.03606,-26.275029,5.01,1.056,K1III,Lep,,
24504,,5.256777,32.6876,5.01,0.222,A9IV,Aur,,14
29353,,6.1875,-65.589417,5.01,1.599,M2.5III,Dor,Eta-2,
29919,,6.298563,61.515286,5.01,1.843,M3III,Lyn,,1
36429,,7.49688,27.916146,5.01,1.117,K2III,Gem,,65
38423,,7.871024,-34.705442,5.01,0.47,F3/F5V,Pup,,
42088,,8.578778,-49.944203,5.01,1.304,K1/K2II,Vel,,
46950,,9.56911,-51.255266,5.01,-0.18,B1.5IV,Vel,,
51635,,10.54913,-47.003353,5.02,1.045,K4III,Vel,,
53426,,10.928999,33.506929,5.02,1.101,K1III,UMa,,46
68103,,13.942827,27.492082,5.02,1.441,K3IIIvar,Boo,,9
72800,,14.880855,-37.80316,5.02,-0.155,B7II/III,Cen,,
74793,,15.284968,71.823901,5.02,1.369,K4III,UMi,,11
87212,,17.817862,50.781075,5.02,0.043,A2V,Dra,,30
87234,,17.824155,76.962881,5.02,0.518,F6IV-Vs,Dra,,35
89981,,18.359075,49.121593,5.02,1.619,M2III,Dra,,
91975,,18.747205,2.060038,5.02,-0.055,B9V,Aql,,4
93057,,18.955688,-20.656346,5.02,0.137,B9.5Ib,Sgr,Xi-1,36
95477,,19.421247,-24.508575,5.02,0.235,A4IV/V,Sgr,Chi-1,47
107608,,21.795598,-30.898304,5.02,0.042,A1V,PsA,The,10
20901,,4.480601,13.047602,5.02,0.215,A7V,Tau,,79
25292,,5.410873,37.385346,5.02,1.445,K4III,Aur,Sig,21
46880,,9.553461,-21.115722,5.02,1.023,K0III,Hya,,
53721,Chalawan,10.99112,40.430257,5.03,0.624,G0V,UMa,,47
61418,,12.585489,18.377058,5.03,1.152,K2III,Com,,24
66803,,13.693549,-8.702984,5.03,1.623,M2III,Vir,,82
69618,,14.249208,-57.086126,5.03,-0.074,B4Vne,Cen,,
82504,,16.862573,24.656433,5.03,1.246,K2II-III,Her,,51
83336,,17.03129,-32.143519,5.03,-0.1,B8V,Sco,,
84671,,17.310275,10.864475,5.03,1.539,K4II-III,Oph,,
91755,,18.710543,55.539457,5.03,-0.07,B9.5p...,Dra,,46
95261,,19.380888,-54.423931,5.03,0.02,A0Vn,Tel,Eta,
95937,,19.511066,-2.788887,5.03,1.77,M1IIIvar,Aql,,36
97635,,19.843813,52.988001,5.03,1.286,K3IIIvar,Cyg,,20
9836,,2.109423,22.648317,5.03,0.121,A2m,Ari,Kap,12
103200,,20.909344,28.057621,5.03,1.481,K4III,Vul,,32
22479,,4.83656,-16.217159,5.03,0.992,K0III,Eri,,60
28675,,6.054333,-26.284544,5.03,1.335,K3II/IIICNv,Lep,,
35226,,7.280392,-36.592633,5.03,-0.161,B3V,Pup,,
37891,,7.765797,-14.563805,5.03,0.342,F2V,Pup,,4
41639,,8.490968,-44.724812,5.03,-0.168,B+...,Vel,,
183,,0.038867,-29.720414,5.04,-0.15,B4V,Scl,Zet,
5317,,1.133559,43.942092,5.04,0.109,A3m,And,,41
8241,,1.768392,-53.522037,5.04,0.031,A1V,Eri,,
58905,,12.079616,-76.519061,5.04,1.491,K4III,Cha,Kap,
64407,,13.200984,-16.198601,5.04,0.46,F6V,Vir,,53
65468,,13.418694,-74.887818,5.04,1.11,K0III,Mus,Iot-1,
65810,,13.490348,-51.165134,5.04,0.059,A0V,Cen,,
74778,,15.282471,-60.957255,5.04,-0.077,O8.5V,Cir,Del,
74975,,15.321888,1.765408,5.04,0.54,F8III-IV,Ser,,5
75973,,15.515488,40.833047,5.04,1.589,K5III,Boo,Nu-1,52
77811,,15.888905,-20.16704,5.04,-0.014,B3V,Lib,Lam,45
105186,,21.307551,43.945945,5.04,-0.061,O8,Cyg,,68
106711,,21.615827,40.413521,5.04,0.198,A5V,Cyg,,74
108535,,21.987518,73.179896,5.04,0.439,F5V,Cep,,16
111710,Situla,22.629273,-4.228056,5.04,1.14,K2III,Aqr,Kap,63
15219,,3.270057,50.937664,5.04,1.107,G5II,Per,,
21861,,4.700965,-37.144297,5.04,0.391,F3V,Cae,Bet,
28325,,5.984531,-9.55825,5.04,0.189,A6m,Mon,,2
28991,,6.117604,-62.154581,5.04,1.256,K2/K3III,Pic,,
29800,,6.274061,12.272163,5.04,0.431,F5IV-V,Ori,,74
32173,,6.718051,44.52445,5.04,1.479,K5III,Aur,Psi-4,55
35846,,7.391254,25.050531,5.04,0.902,G8III,Gem,,57
37300,,7.657942,17.674519,5.04,1.616,M0III,Gem,,74
37606,,7.715865,-45.173118,5.04,0.765,G5IV,Pup,,
39690,,8.111206,-45.266015,5.04,1.488,K3III,Vel,,
88745,,18.117097,30.56214,5.05,0.528,F7V,Her,,99
109556,,22.191828,59.414488,5.05,0.192,O6e,Cep,Lam,22
114347,,23.158738,8.677161,5.05,1.484,M4Sv,Peg,,57
115227,,23.339051,5.381307,5.05,1.204,K2III,Psc,,7
117371,,23.798543,67.806808,5.05,0.007,A1Vn,Cep,,
15444,,3.318787,50.094966,5.05,-0.067,B5V,Per,,31
17851,Pleione,3.819782,24.136712,5.05,-0.082,B7p,Tau,,28
23649,,5.082776,-49.577837,5.05,1.484,M2IIIvar,Pic,Eta-2,
24879,,5.333589,33.958054,5.05,0.287,A5IIvar,Aur,,19
31765,,6.643787,-48.220183,5.05,0.997,G8III,Pup,,
37391,,7.675295,87.020091,5.05,1.604,M2III,Cep,,
42430,,8.652198,-22.661875,5.05,0.72,G3/G5V,Pyx,,
49485,,10.103115,-47.369995,5.06,0.88,K0IV,Vel,,
53838,,11.014009,39.212092,5.06,0.255,Am,UMa,,49
70248,,14.373108,-80.108945,5.06,-0.108,B4V,Aps,Eps,
84033,,17.178425,-44.557719,5.06,0.867,G8/K0III+..,Sco,,
96825,,19.680601,45.524942,5.06,0.426,F5II,Cyg,,
96950,,19.708648,-16.123996,5.06,0.319,F3IV/V,Sgr,,55
98571,,20.022655,50.104695,5.06,1.122,K1II-III,Cyg,,26
101868,,20.642198,24.115958,5.06,-0.133,B5IV,Vul,,28
102843,,20.834695,44.059304,5.06,0.198,A4me...,Cyg,,56
102950,,20.858347,-51.608179,5.06,1.125,K1II/III,Ind,Iot,
104755,,21.222351,-70.126267,5.06,1.578,M2III,Pav,Omi,
117718,,23.874802,19.120287,5.06,1.587,M2III,Peg,Phi,81
17296,,3.702594,63.216806,5.06,1.651,S5.3 SB:,Cam,,
24505,,5.25677,-26.943509,5.06,-0.067,B9V,Lep,,
25045,,5.362849,-24.772981,5.06,0.662,A2/A3,Lep,,
29134,,6.145643,-68.843409,5.06,-0.072,B8V,Dor,Nu,
29417,,6.197726,-6.550287,5.06,-0.201,B2V,Mon,,
30772,,6.465992,-4.762154,5.06,-0.175,B2V,Mon,,10
36817,,7.571839,-23.473661,5.06,0.468,F6V,Pup,,
40680,,8.305219,-65.613192,5.06,1.129,K1III,Vol,,
2578,,0.545512,-63.0315,5.07,0.038,A0V,Tuc,Bet-3,
3810,,0.816308,16.940644,5.07,0.502,F8V...,Psc,,64
51775,,10.580004,6.953749,5.07,0.921,G8II-III,Leo,,48
56243,,11.529464,-59.442061,5.07,1.026,G0Ia,Cen,Omi-1,
69415,,14.212785,-27.261186,5.07,1.13,K2III,Hya,,50
81292,,16.603812,52.924422,5.07,-0.027,B9V,Dra,,17
83947,,17.159238,40.777033,5.07,1.275,K3III,Her,,
,Guniibuu B,17.255734,-26.603215,5.07,0.85,K1 Ve,Oph,,36
85805,,17.532745,68.135024,5.07,1.077,K0III,Dra,,27
90853,,18.533874,-45.757382,5.07,-0.127,B3III,Tel,Del-2,
93867,,19.116279,11.071228,5.07,-0.055,B8III,Aql,,18
101916,,20.652161,10.086203,5.07,0.702,G5IV+...,Del,Kap,7
107763,,21.830748,30.174215,5.07,0.01,A1Vs,Peg,,14
109017,,22.085775,62.279814,5.07,0.24,O9.5Ib,Cep,,19
14954,,3.212899,-1.196101,5.07,0.575,F8V,Cet,,94
21060,,4.513916,-44.953749,5.07,-0.194,B2IV-V,Cae,Del,
21727,,4.66519,53.079535,5.07,1.079,K0III SB,Cam,,3
25282,,5.40803,-0.891328,5.07,0.961,K0III,Ori,,27
33558,,6.973638,-34.111708,5.07,-0.154,B4IV/V,Pup,,
34909,,7.222854,16.158966,5.07,1.653,K3V,Gem,,51
36393,,7.489012,28.118275,5.07,0.12,A4V,Gem,,64
38010,,7.790276,-38.511145,5.07,-0.112,B2IV/V,Pup,,
46774,,9.53266,9.715767,5.07,1.364,K3III,Leo,,6
46928,,9.564857,-80.941258,5.07,-0.139,B5V,Cha,Zet,
47452,,9.671768,-14.332292,5.07,-0.149,B4IV/V,Hya,Kap,38
48437,,9.875121,-8.10503,5.07,0.038,A2V,Sex,Gam,8
2854,,0.602306,54.16845,5.08,-0.098,B7III,Cas,,
51437,,10.504855,-0.637026,5.08,-0.138,B6V,Sex,Bet,30
51718,,10.566912,-23.745165,5.08,1.596,K5III,Hya,,44
51912,,10.605706,-59.564392,5.08,1.172,K1III,Car,,
52457,,10.7236,23.188404,5.08,0.042,A3Vn,LMi,,41
55598,,11.389415,-18.779973,5.08,0.439,F3IV,Crt,Lam,13
63005,,12.910251,-57.16867,5.08,-0.089,B5Vne,Cru,Mu-2,
73129,,14.945554,-62.781016,5.08,-0.023,B4Vnp,Cir,The,
92814,,18.911976,-15.603036,5.08,0.141,B3II,Sct,,
99080,,20.114835,23.614425,5.08,-0.162,B3V,Vul,,17
100881,,20.455336,-18.211721,5.08,-0.049,B4V,Cap,Pi,10
108036,,21.888268,-13.551768,5.08,0.378,F3IV,Cap,Mu,51
111532,,22.596077,73.643188,5.08,0.395,F3III-IV,Cep,,31
17771,,3.804519,11.143294,5.08,-0.125,B3V,Tau,,30
21673,,4.65256,15.799846,5.08,0.141,A4m,Tau,Sig-1,91
22565,,4.856239,18.839861,5.08,0.214,A7IV-V,Tau,,97
25110,,5.376036,79.231149,5.08,0.506,F6V,Cam,,
25541,,5.460802,34.475892,5.08,1.4,K4IIIp,Aur,Phi,24
29271,,6.170632,-74.753045,5.08,0.714,G5V,Men,Alp,
32558,,6.793673,-8.998503,5.08,1.795,M1II,Mon,,
38872,,7.955118,-44.109859,5.08,-0.166,B2.5IV,Pup,,
41483,,8.46017,-53.08848,5.08,0.256,A9/F0III/IV,Vel,,
48113,,9.80981,46.021008,5.08,0.619,G2V,UMa,,
3781,,0.809777,-74.923438,5.09,1.345,K5III,Hyi,Lam,
9110,,1.955848,17.817532,5.09,0.921,K1p...,Ari,Iot,8
55597,,11.389283,-64.954714,5.09,-0.061,B5,Mus,,
59819,,12.266719,14.899071,5.09,0.068,A3V,Com,,6
77660,,15.854331,-3.090497,5.09,0.135,A3Vn,Ser,,36
79302,,16.18391,-29.41622,5.09,1.131,K0III,Sco,,
87194,,17.813652,25.622869,5.09,1.141,K2III,Her,,87
90037,,18.371828,-38.656894,5.09,1.498,K4/K5III,CrA,,
98920,,20.08597,19.991071,5.09,1.058,K2III,Sge,Eta,16
106999,,21.669749,43.273839,5.09,1.601,M1IIIvar,Cyg,,75
108022,,21.88438,25.92514,5.09,-0.155,B3V,Peg,,16
109102,,22.100543,45.014348,5.09,1.568,K5III,Lac,,
110256,,22.333754,-80.439747,5.09,1.276,M6III,Oct,Eps,
113788,,23.043436,42.757795,5.09,0.094,A3Vn,And,,2
115444,,23.384602,12.31391,5.09,1.315,K3III,Peg,,66
117020,,23.722878,10.331536,5.09,1.692,M2III,Peg,,77
16292,,3.500057,55.451808,5.09,0.022,A1V,Cam,,
23265,,5.005755,81.194088,5.09,1.304,K3III,Cep,,
31278,,6.560534,-1.220154,5.09,-0.132,B5Vn,Mon,,
35699,,7.365795,20.443658,5.09,1.528,M0III,Gem,,56
36114,,7.439403,-51.018481,5.09,1.038,K0III,Car,,
39023,,7.984921,-23.310396,5.09,1.111,G8II,Pup,,12
40321,,8.232865,-36.322281,5.09,-0.184,B2V:,Pup,,
43413,,8.842628,-46.529187,5.09,-0.205,B0III,Vel,,
46283,,9.438324,-53.378909,5.09,-0.102,B6V,Vel,,
47965,,9.775462,57.12807,5.09,1.594,M3III,UMa,,
48224,,9.832541,-45.732736,5.09,-0.098,B7III,Vel,,
57613,,11.812524,-26.749777,5.1,1.594,M4III,Hya,,
64803,,13.281425,-31.506196,5.1,0.959,K0III,Cen,,
70400,,14.403151,5.820131,5.1,0.124,A5V,Vir,,
78481,,16.020644,17.818397,5.1,0.992,G8III,Her,,5
82129,,16.777779,-67.109691,5.1,-0.08,Ap,TrA,,
85162,,17.403636,-44.162576,5.1,-0.052,B7III,Sco,,
88899,,18.148018,20.045233,5.1,0.176,A8III,Her,,101
94885,,19.309026,1.085129,5.1,1.143,K2II-IIIvar,Aql,,23
13775,,2.954801,31.934219,5.1,-0.007,B9p...,Per,,21
106944,,21.65924,2.243558,5.1,1.034,K0III,Aqr,,25
107382,,21.750071,-9.082428,5.1,1.108,G8II-III,Cap,,46
113561,,23.001417,56.945374,5.1,1.011,G0Ia,Cas,,
117689,,23.868518,-82.018818,5.1,0.934,G7III,Oct,Gam-1,
15737,,3.379234,20.742069,5.1,1.231,K3III,Ari,Tau-2,63
19461,,4.167439,80.698681,5.1,0.589,G8III+...,Cep,,
20522,,4.397729,9.460968,5.1,0.074,A3V,Tau,,66
27534,,5.831539,-66.901187,5.1,-0.128,B6V,Dor,Eps,
6960,,1.49337,-21.629339,5.11,0.028,A0V,Cet,,48
54461,,11.142778,-61.947175,5.11,0.195,B9Ia,Car,,
65535,,13.435483,-39.755107,5.11,1.181,Kp...,Cen,,
77982,,15.924891,-68.603001,5.11,1.108,G6VII,TrA,Kap,
90191,,18.40383,39.507239,5.11,0.047,A3IVn,Lyr,Mu,2
91875,,18.729706,-38.323441,5.11,0.075,A0/A1V,CrA,Lam,
94083,,19.152716,76.560502,5.11,0.308,A9V,Dra,,59
101983,,20.667347,-60.548892,5.11,0.544,F8V,Pav,Phi-2,
102693,,20.808084,-43.988544,5.11,0.361,F1IV,Mic,Iot,
108317,,21.944207,63.625557,5.11,1.547,M2 comp,Cep,,
109973,,22.274045,-41.627225,5.11,0.93,G8III,Gru,Mu-2,
111795,,22.64386,56.795632,5.11,1.537,M4III,Lac,,
112242,,22.734856,41.819235,5.11,0.96,K0III,Lac,,13
18213,,3.894151,-34.732297,5.11,-0.133,B6/B7V,Eri,,
23941,,5.145472,-4.456207,5.11,0.455,F2V,Eri,,68
33104,,6.895068,68.888309,5.11,-0.114,B7III,Cam,,43
35406,,7.310607,-36.742735,5.11,-0.17,A0V,Pup,,
48833,,9.96141,41.055633,5.11,0.481,F6Vs,LMi,,19
8882,,1.906122,-42.49695,5.12,-0.06,A3V,Phe,Phi,
52353,,10.69908,65.71628,5.12,1.207,K2IIIvar,UMa,,38
53261,,10.892911,54.585128,5.12,1.355,K3III,UMa,,44
56250,,11.530223,-59.515648,5.12,0.432,A3Ia,Cen,Omi-2,
61468,,12.595987,-41.021945,5.12,0.224,A7III,Cen,,
62356,,12.777433,16.577691,5.12,1.346,K3III,Com,,27
86796,Cervantes,17.735752,-51.834053,5.12,0.694,G5V,Ara,Mu,
89935,,18.350283,28.869954,5.12,0.212,A7V,Her,,107
90806,,18.523971,-18.402697,5.12,0.016,B9/B9.5V,Sgr,,
91105,,18.583998,-10.977206,5.12,0.926,G8III,Sct,,
95951,Albireo B,19.51261,27.965276,5.12,-0.095,B8V,Cyg,Bet-2,6
96327,,19.585349,-10.560444,5.12,1.122,G8III,Aql,,37
97675,,19.850456,10.415727,5.12,0.563,F8V,Aql,Omi,54
101477,,20.565297,-44.516048,5.12,0.999,K0III,Mic,Nu,
110391,,22.35988,-21.59823,5.12,1.057,K0III,Aqr,,47
113860,,23.05828,-34.749412,5.12,0.305,A9V,PsA,Pi,
14240,,3.060239,-59.737775,5.12,0.349,F0IV,Hor,Mu,
23794,,5.112681,-4.655163,5.12,-0.059,B9.5V,Eri,,66
34670,,7.179858,-48.932098,5.12,1.251,K2III,Pup,,
35710,,7.367397,36.760584,5.12,1.082,K0III,Aur,,65
37664,,7.728307,-40.933746,5.12,1.104,K1III,Pup,,
38373,,7.861663,1.766868,5.12,-0.116,B8II,CMi,Zet,13
45505,,9.273066,-44.265735,5.12,1.636,K3Ib,Vel,,
46914,,9.562374,-49.005072,5.12,-0.114,B4IV,Vel,,
145,,0.030402,-3.027504,5.13,-0.128,B7III-IV,Psc,,29
1158,,0.241008,-7.780532,5.13,1.601,M3IIIvar,Cet,,
6061,,1.296654,3.614466,5.13,0.071,A3V,Psc,,89
56332,,11.54837,-31.087226,5.13,1.581,M1/M2III,Hya,,
69038,,14.132154,43.854452,5.13,1.493,M4.2III,Boo,,
73826,,15.088656,-41.067236,5.13,1.011,G8III,Lup,,
76259,,15.577033,-28.046983,5.13,1.306,K2/K3III,Lib,,36
79653,,16.254257,-47.372021,5.13,-0.114,B8V,Nor,The,
84887,,17.348391,24.499435,5.13,0.0,A2V,Her,,70
94302,,19.194597,56.859213,5.13,1.008,G8III,Dra,,53
11477,,2.467139,-33.811039,5.13,0.089,A2/A3V,For,Phi,
104043,,21.078621,-77.023767,5.13,0.49,F4III,Oct,Alp,
118234,,23.982155,-52.745807,5.13,1.121,K1III,Phe,Pi,
15890,,3.411267,64.585996,5.13,2.038,M0II,Cam,,
26221,,5.587907,-5.389696,5.13,0.02,O6pe,Ori,The-1,41
40843,,8.334406,27.217707,5.13,0.487,F6V,Cnc,Chi,18
41325,,8.43188,7.564506,5.13,0.934,G8II,Cnc,,
2900,,0.612903,44.488587,5.14,1.587,K5III,And,,
5799,,1.240011,-7.922826,5.14,0.448,F5V,Cet,,37
52742,,10.782634,-56.757192,5.14,-0.08,B8/B9III,Vel,,
56000,,11.476413,-42.674203,5.14,-0.028,B9V,Cen,,
56656,,11.616852,-61.283442,5.14,1.105,K1III,Cen,,
59504,,12.203311,77.616241,5.14,0.358,A5m,Cam,,
60221,,12.348809,-13.565724,5.14,1.048,K0III,Crv,,
64906,,13.304034,49.682062,5.14,-0.049,A0V,CVn,,21
70012,,14.325689,-2.265518,5.14,1.023,G9III,Vir,Ups,102
76307,,15.587476,39.010067,5.14,1.65,M2III,CrB,Mu,6
78105,,15.948193,-33.966134,5.14,0.129,A3V,Lup,Xi-1,
84626,,17.300189,-24.286901,5.14,1.046,K:...,Oph,Omi,39
93163,,18.976812,-60.20055,5.14,1.355,K1III-IV,Pav,Ome,
94477,,19.228529,2.293707,5.14,-0.071,B8II-III,Aql,,21
95498,,19.424611,19.798365,5.14,0.999,K0III,Vul,,4
97870,,19.88816,57.523482,5.14,-0.125,B5V,Cyg,,23
100122,,20.310853,34.982775,5.14,0.66,F5Ib,Cyg,,35
102157,,20.699186,-66.760682,5.14,-0.061,B8Vvar,Pav,Ups,
16322,,3.506797,11.336442,5.14,-0.041,A0Vn,Tau,,4
17886,,3.825748,33.091382,5.14,0.057,A3V,Per,,42
25429,,5.438687,-58.91252,5.14,0.986,G6III,Dor,Lam,
28691,,6.057602,19.690561,5.14,-0.097,B8V,Ori,,64
32765,,6.831838,-46.61456,5.14,0.46,F5III,Pup,,
32864,,6.849191,67.571934,5.14,-0.152,B4IV,Cam,,42
33779,,7.014303,-51.402585,5.14,1.652,M1III,Car,,
34033,,7.060576,10.951817,5.14,1.391,K3III,Gem,,
34105,,7.071757,-56.749724,5.14,-0.032,A0p:,Car,,
37088,,7.621303,-4.110979,5.14,0.442,F6III,Mon,,25
38016,,7.791757,33.415697,5.14,1.635,M0III,Gem,Pi,80
38917,,7.964368,-45.577669,5.14,1.263,K2III,Pup,,
39567,,8.08458,13.118215,5.14,0.018,A1V,Cnc,,8
40285,,8.22671,-46.991628,5.14,-0.139,B2.5IV,Vel,,
5544,,1.185213,31.424736,5.15,0.261,F0V,Psc,,82
50083,,10.225184,-66.372811,5.15,0.217,Am,Car,,
54360,,11.121308,-42.638681,5.15,0.029,Ap SrCrEu,Cen,,
56754,,11.635371,-61.826563,5.15,-0.04,B9IV,Cen,,
58803,,12.060973,-42.434056,5.15,0.417,F6V,Cen,,
60320,,12.368713,-67.522105,5.15,0.195,Am,Mus,Zet-2,
64078,,13.131614,-10.740408,5.15,1.138,K2III,Vir,,49
67244,,13.78232,-36.251933,5.15,-0.007,A0V,Cen,,
72197,,14.766691,-25.443181,5.15,0.315,F0V + G/K,Hya,,54
72603,,14.844773,-15.997237,5.15,0.401,F3V,Lib,Alp-1,8
74605,,15.243926,67.346722,5.15,0.55,F9IV,UMi,,
74707,,15.267785,-41.491155,5.15,0.564,F:+...,Lup,,
75761,,15.477288,1.842081,5.15,0.245,A8IV,Ser,,10
82073,,16.763859,8.582616,5.15,1.535,K5III,Her,,43
98425,,19.998665,37.042885,5.15,-0.133,B3IV,Cyg,,25
9459,,2.02844,-44.713509,5.15,1.471,K5III,Phe,Chi,
11784,,2.535045,36.147271,5.15,1.472,K5III,Tri,,14
101936,,20.656914,0.486445,5.15,1.06,K1III,Aqr,,1
101984,,20.667485,-18.138659,5.15,1.647,M1III,Cap,Ups,15
102531,,20.777462,16.124134,5.15,0.495,A2Ia+...,Del,Gam-1,12
114520,,23.195608,8.720116,5.15,0.139,A5Vn,Peg,,59
29895,,6.294923,-16.815908,5.15,1.293,K1III,CMa,,
37946,,7.777577,37.517394,5.15,1.588,M3III,Lyn,,
42834,,8.727854,-49.822802,5.15,-0.197,B0IIIn,Vel,,
43531,,8.865787,43.726603,5.15,0.971,K0III,Lyn,,35
44857,,9.139867,66.873235,5.15,1.514,K5III,UMa,Sig-1,11
47654,,9.715895,72.252618,5.15,1.029,K0III,UMa,,27
1686,,0.352017,37.968603,5.16,0.442,F5III,And,Rho,27
51814,,10.586017,57.082637,5.16,0.349,F1V,UMa,,37
67929,,13.911707,-1.503125,5.16,1.093,K2III,Vir,,90
73776,,15.08003,-64.03135,5.16,0.935,G8III,Cir,Eta,
75530,,15.429832,15.428036,5.16,1.65,M1III,Ser,Tau-1,9
76243,,15.574032,-9.183416,5.16,-0.09,B6IV,Lib,,
90887,,18.539257,-39.704001,5.16,0.079,A3V,CrA,,
11060,,2.372621,55.845653,5.16,0.369,A2Ia,Per,,9
13717,,2.943729,-3.71232,5.16,0.084,A3Vn,Eri,,
105570,,21.381559,6.81114,5.16,0.064,A3V,Equ,Bet,10
107095,,21.692462,-14.047611,5.16,0.672,G2V,Cap,,42
112935,,22.873353,9.835664,5.16,0.487,F7IV,Peg,Sig,49
15404,,3.310482,50.222174,5.16,-0.073,B3V,Per,,29
27621,,5.848117,-52.108873,5.16,0.96,G8III,Pic,,
31084,,6.523068,-12.391953,5.16,1.262,K1III,CMa,,
38382,,7.862862,-13.898029,5.16,0.6,G2V,Pup,,9
40429,,8.254427,-62.915643,5.16,0.086,A+...,Car,,
44946,Nahn,9.155982,22.045446,5.16,0.97,K0III,Cnc,Xi,77
2381,,0.506293,-23.78768,5.17,0.128,A3V,Cet,,
3909,,0.835443,-10.644326,5.17,0.514,F7IV-V,Cet,Phi-2,19
5336,,1.137477,54.92034,5.17,0.704,G5Vp,Cas,Mu,30
58188,,11.933599,-17.150829,5.17,-0.022,A0V,Crt,Eta,30
59151,,12.130565,-75.367019,5.17,1.278,K2II/III,Mus,,
60514,,12.405146,26.098606,5.17,0.082,A3V,Com,,13
61910,,12.687765,-13.013901,5.17,0.432,F3IV,Crv,,
63210,,12.951212,-51.198752,5.17,-0.066,B8V,Cen,,
,,13.166389,17.528977,5.17,,F5 V,Com,Alp,42
87563,,17.888341,40.007959,5.17,1.166,K3III,Her,,90
93815,,19.10554,-52.34091,5.17,0.532,F7V,Tel,Rho,
95447,,19.416164,11.944415,5.17,0.761,G8IVvar,Aql,,31
95556,,19.435868,36.317896,5.17,-0.12,B9sp...,Cyg,,4
96459,,19.610555,44.694936,5.17,0.928,K0III,Cyg,,
12273,,2.633909,72.818252,5.17,0.896,G8III,Cas,,
12832,,2.749328,12.445761,5.17,0.234,A7III-IV,Ari,,38
104085,,21.08729,-54.727042,5.17,1.201,K2III,Ind,Mu,
104963,,21.260528,-20.651696,5.17,1.161,K0II/III,Cap,Phi,28
117629,,23.855927,-18.909163,5.17,-0.122,Ap Si,Aqr,,108
20507,,4.394681,-3.74547,5.17,0.072,A2V,Eri,Xi,42
38211,,7.828111,-17.228408,5.17,1.282,K3III,Pup,,6
44093,,8.981216,-47.234688,5.17,0.268,Am,Vel,,
44143,,8.990078,-59.083712,5.17,0.417,F3V,Car,,
1708,,0.358665,-28.981469,5.18,1.006,K0III,Scl,Iot,
2225,,0.470454,44.394452,5.18,0.043,A2Vs,And,,
8016,,1.715493,70.622526,5.18,-0.022,B9V,Cas,,42
52469,,10.725822,46.203877,5.18,0.324,F5III,UMa,,
55137,,11.288167,2.010556,5.18,1.511,M0III comp,Leo,,75
55779,,11.428717,-63.972475,5.18,0.495,F7V,Cen,,
69373,,14.201122,69.432548,5.18,1.595,M2III,UMi,,
73036,,14.926287,-60.114164,5.18,1.161,K1III,Cir,,
92646,,18.877675,-52.10737,5.18,0.962,G8/K0III,Tel,Kap,
96665,,19.653234,5.397773,5.18,-0.001,B3V + B3V,Aql,Sig,44
97630,,19.842776,38.722419,5.18,1.665,M2IIIa,Cyg,,19
99853,,20.2584,23.508906,5.18,1.016,G2Ib SB,Vul,,22
101260,,20.525112,74.954619,5.18,0.1,A0p...,Dra,,73
107230,,21.717806,72.320084,5.18,1.063,K0III,Cep,,
117315,,23.787776,-50.226461,5.18,-0.164,B3V,Phe,Sig,
19171,,4.110114,27.599903,5.18,-0.124,B9p Si,Tau,,41
22833,,4.913027,11.426006,5.18,0.121,A3V,Ori,,6
24197,,5.194879,16.045673,5.18,1.525,K5III,Ori,,
25918,,5.531318,-76.340964,5.18,1.13,K4III,Men,Gam,
26640,,5.662277,25.897091,5.18,-0.15,B3IV,Tau,,125
27204,,5.766637,-32.306435,5.18,-0.274,B1IV/V,Col,Mu,
33682,,6.997378,-67.916443,5.18,1.396,K3III,Vol,,
35951,,7.411163,-16.201473,5.18,-0.035,B2Vne,CMa,,
40943,,8.355846,-36.484177,5.18,-0.187,B2IV-V+...,Pup,,
41296,,8.42537,-51.727415,5.18,-0.164,B2V,Vel,,
42504,,8.666002,-53.054729,5.18,-0.147,B4IV,Vel,,
45333,,9.239041,61.423318,5.18,0.605,F9V,UMa,,16
51362,,10.491306,-2.739078,5.19,-0.05,B9.5V,Sex,Del,29
56583,,11.600744,69.322952,5.19,0.974,K0III,Dra,,2
64792,,13.279588,9.424156,5.19,0.585,G0Vs,Vir,,59
73945,,15.110444,-16.256818,5.19,1.589,K5III,Lib,Nu,21
77277,,15.777772,62.599557,5.19,0.062,A2IV,Dra,,
80874,,16.513713,-61.633503,5.19,1.236,K0II/IIICN.,TrA,,
85312,,17.433344,-50.63351,5.19,1.055,K1III,Ara,Kap,
11072,,2.375704,-23.816326,5.19,0.608,G2V,For,Kap,
11220,,2.406919,50.006546,5.19,0.979,G8III,And,,64
99738,,20.237369,28.694817,5.19,0.191,A7IVn,Vul,,21
103294,,20.926858,13.721536,5.19,1.119,K0III,Del,,17
105268,,21.322838,64.871855,5.19,-0.045,B3IVe,Cep,,6
111797,,22.644182,63.584472,5.19,0.083,A3IV,Cep,,30
115404,,23.377547,-15.039338,5.19,0.203,A3V,Aqr,,97
23840,,5.126116,-63.399679,5.19,1.646,M3III,Dor,,
28744,,6.070417,-6.708941,5.19,-0.066,B2Vne+,Mon,,
30717,,6.453823,0.299246,5.19,1.186,K1II,Mon,,
39070,,7.993762,-60.587061,5.19,1.758,M0II,Car,,
42425,,8.651428,-70.386745,5.19,0.013,A0V,Vol,The,
43352,,8.830972,-32.780525,5.19,0.876,G8III,Pyx,,
2355,,0.502045,29.751557,5.2,0.271,A7III,And,,28
2762,,0.587466,-3.592846,5.2,0.567,F8V...,Cet,,13
57047,,11.695541,-32.499404,5.2,1.475,K5III,Hya,,
60189,,12.34268,-22.215901,5.2,-0.09,B8V,Crv,Zet,5
63901,,13.095678,35.798899,5.2,-0.059,B9V,CVn,,14
68269,,13.975319,-24.972249,5.2,-0.086,B8V,Hya,,47
80197,,16.372618,33.799052,5.2,1.631,M2III,CrB,Nu-1,20
90441,,18.453475,0.196108,5.2,0.487,G0III+...,Ser,,59
92226,,18.795726,-40.406167,5.2,0.781,G5/G6III,CrA,Mu,
93017,,18.950441,32.901273,5.2,0.594,G0V,Lyr,,
93917,,19.123769,32.501738,5.2,0.367,F0V,Lyr,,17
104174,,21.106855,-32.341618,5.2,1.104,K2III,Mic,,
104214,,21.114794,38.749415,5.2,1.069,K5V,Cyg,,61
115126,,23.318518,-13.458552,5.2,0.787,G6/G8IV,Aqr,,94
19949,,4.278638,53.611799,5.2,0.052,A2Vn,Cam,,
21296,,4.569897,-8.231352,5.2,1.708,M3III,Eri,,47
27971,,5.916063,59.888367,5.2,0.01,A2V,Cam,,31
29650,,6.247467,19.156448,5.2,0.43,F6V,Ori,,71
30932,,6.491255,-56.852766,5.2,1.087,K0III,Pic,,
32104,,6.706757,17.645303,5.2,0.063,A2V,Gem,,26
33927,,7.040217,24.215446,5.2,0.953,G5II,Gem,Ome,42
34081,,7.067444,-42.33728,5.2,0.198,Am,Pup,,
35146,,7.265267,59.637467,5.2,1.081,K2III,Lyn,,18
36238,,7.462324,21.445247,5.2,0.455,F5IV-V...,Gem,,63
39961,,8.159977,-44.122773,5.2,-0.173,B2IV-V,Vel,,
42540,,8.671996,-40.263875,5.2,-0.027,Ap (SiCr),Vel,,
42679,,8.699142,-45.410714,5.2,0.171,B5Iab,Vel,,
5300,,1.129957,-41.486916,5.21,0.159,A3V,Phe,Ups,
5737,Revati,1.228857,7.575354,5.21,0.32,A7IV,Psc,Zet,86
55756,,11.424852,-36.063062,5.21,0.979,K0III,Cen,,
64725,,13.266322,-19.943103,5.21,1.011,K1III,Vir,,57
66098,,13.549465,-10.165,5.21,0.964,K0III,Vir,,76
77578,,15.838207,2.196509,5.21,1.019,G8III,Ser,Ome,34
85079,,17.387799,-47.468197,5.21,-0.097,B2IIIne,Ara,Iot,
12484,,2.677666,-54.549911,5.21,0.411,F4IV,Hor,Zet,
111449,,22.57823,-20.708216,5.21,0.446,F7V,Aqr,Ups,59
19205,,4.116795,29.001299,5.21,0.359,F1V,Tau,Psi,42
28296,,5.980437,0.552979,5.21,0.009,A1Vs,Ori,,60
30457,,6.402867,-11.530088,5.21,1.23,K3III,CMa,,
30679,,6.44691,58.417409,5.21,1.538,K4III,Lyn,,5
32064,,6.698996,-9.167537,5.21,1.525,M0III,Mon,,
3505,,0.745666,-22.006135,5.22,0.35,F0V,Cet,,
54767,,11.212568,-64.16977,5.22,-0.082,B9V,Car,,
55831,,11.443174,-61.115167,5.22,-0.077,B3IV,Cen,,
58684,,12.035239,43.0456,5.22,0.283,A7m,UMa,,67
62267,,12.760294,7.673326,5.22,0.322,A8m,Vir,,32
70035,,14.331002,-61.272972,5.22,0.281,Am,Cen,,
72290,,14.783694,-52.383518,5.22,0.984,G6III,Lup,,
82216,,16.796227,5.246746,5.22,-0.001,B9p (Cr),Her,,45
92390,,18.827807,-20.324656,5.22,1.404,K2III,Sgr,,29
92405,,18.831366,32.551058,5.22,0.1,A3V,Lyr,Nu-2,9
95260,,19.380801,26.262403,5.22,-0.119,B6III,Vul,,3
9763,,2.092103,76.11506,5.22,0.954,G8III,Cas,,49
13874,,2.978355,-2.782877,5.22,0.014,A2IV,Eri,,
98583,,20.024594,64.820974,5.22,1.598,M1III,Dra,,64
106093,,21.490816,46.540585,5.22,0.965,K0III,Cyg,,71
116076,Veritate,23.52149,39.236198,5.22,1.029,K0III,And,,14
19799,,4.243398,10.011406,5.22,-0.085,B9Vn,Tau,,
21547,,4.626703,-2.473548,5.22,0.283,F0V,Eri,,51
23734,,5.102349,58.972372,5.22,-0.08,B2.5Ve,Cam,,11
25048,,5.363448,41.804572,5.22,-0.129,B5V,Aur,Rho,20
31119,,6.530083,11.544412,5.22,0.185,A3V,Mon,,
32562,,6.794327,48.789476,5.22,1.131,K1III,Aur,Psi-6,57
33878,,7.032329,-5.722065,5.22,1.687,M2III,Mon,,
36265,,7.467243,6.941968,5.22,0.221,F0III,CMi,Eta,5
38020,,7.792085,-46.60849,5.22,-0.151,B1V,Pup,,
39061,,7.991217,-39.296944,5.22,0.4,F3V,Pup,,
43970,,8.954152,15.322762,5.22,0.149,A5III,Cnc,Omi-1,62
6315,,1.352047,28.738207,5.23,1.396,K5III,Psc,,91
52701,,10.774889,-64.263242,5.23,-0.077,B7IV,Car,,
53252,,10.891536,-20.138731,5.23,0.48,F6V,Hya,,
63076,Taiyi,12.924598,65.438474,5.23,0.303,A5n,Dra,,8
72357,,14.795779,-26.0875,5.23,0.938,G8/K0III,Hya,,56
76939,,15.710645,-37.424935,5.23,0.987,G8/K0III,Lup,,
79607,,16.24469,33.858613,5.23,0.599,F8V,CrB,Sig,17
82493,,16.859367,-41.230534,5.23,0.047,O9e,Sco,,
82730,,16.909915,-6.153982,5.23,1.1,K2III,Oph,,23
86036,,17.58317,61.874554,5.23,0.602,G0V,Dra,,26
94068,,19.149976,6.073207,5.23,0.346,F0III-IV,Aql,,19
10306,,2.213355,21.210993,5.23,0.457,F5V,Ari,Eta,17
98636,,20.03373,24.938043,5.23,0.374,F2III,Vul,,16
14456,,3.109303,-6.088555,5.23,1.575,M3III,Eri,,
32292,,6.741241,-31.070523,5.23,-0.127,B2V,CMa,,10
35907,,7.402352,40.672389,5.23,1.249,K0III,Aur,,66
39970,,8.161988,-47.937193,5.23,-0.199,B1IVe,Vel,,
43834,,8.927689,27.927481,5.23,1.0,G8II-III,Cnc,Rho-2,58
44154,,8.992405,32.418559,5.23,0.913,G9III,Cnc,Sig-3,64
44337,,9.029046,-52.188685,5.23,-0.12,Ap Si,Vel,,
44798,,9.129115,10.668191,5.23,-0.092,B8IIIMNp,Cnc,Kap,76
48926,,9.981191,-35.890973,5.23,0.3,A8IV,Ant,Eta,
950,,0.195552,-35.133119,5.24,0.459,F3/F5V,Scl,The,
3949,,0.844768,-50.986816,5.24,0.356,F2III,Phe,Rho,
7981,,1.70827,20.268504,5.24,0.836,K1V,Psc,,107
56779,,11.641002,8.134298,5.24,1.499,M4III,Vir,Ome,1
64348,,13.189789,-43.368553,5.24,1.049,K1/K2III,Cen,,
73909,,15.104638,54.556318,5.24,0.958,G8III,Boo,,
79540,,16.230807,-11.837747,5.24,1.394,K3III,Sco,Chi,17
80620,,16.462071,-7.597929,5.24,1.721,M2 comp,Oph,,
80843,,16.50932,20.479188,5.24,1.274,G8p,Her,,
,,18.051202,-8.181708,5.24,0.38,dF3   J,Oph,Tau,69
90200,,18.405067,-44.110256,5.24,-0.163,B2.5Vn,CrA,,
98174,,19.951749,-58.901351,5.24,0.014,B9.5IV,Pav,,
101923,,20.654533,-14.95476,5.24,-0.129,B7III,Cap,Tau,14
103571,,20.984753,4.29461,5.24,0.457,G0V,Equ,,
107128,,21.700192,-23.262858,5.24,0.991,K0III,Cap,,41
109572,,22.196848,56.839357,5.24,0.534,F8V,Cep,,
112529,,22.792535,-19.613375,5.24,0.941,G8III,Aqr,,68
117089,,23.736688,-18.276938,5.24,-0.084,B9V,Aqr,,106
14043,,3.014501,52.351744,5.24,-0.049,B7V,Per,,
15371,,3.303309,-62.506363,5.24,0.6,G1V,Ret,Zet-2,
16803,,3.604837,-17.467064,5.24,-0.117,B8/B9III,Eri,,20
17457,,3.741808,-1.163091,5.24,-0.088,B7V,Eri,,24
17717,,3.794347,-23.874677,5.24,0.075,A1V,Eri,Tau-7,28
17954,,3.838593,25.579362,5.24,0.231,A2V,Tau,,
20384,,4.364796,-63.386391,5.24,0.955,G7III,Ret,Eta,
21297,,4.569936,-8.970258,5.24,1.465,K4III,Eri,,
25197,,5.391065,57.544395,5.24,-0.011,A0Vn,Cam,,16
26268,,5.594301,-4.856067,5.24,0.269,F0III,Ori,,45
32480,,6.778983,43.577427,5.24,0.575,G0V,Aur,Psi-5,56
35393,,7.309309,-39.210285,5.24,0.026,A0V,Pup,,
36641,,7.534986,1.914481,5.24,0.23,F0III,CMi,Del-1,7
42334,,8.631154,-26.255,5.24,-0.03,A0V,Pyx,Eta,
45344,,9.240136,-43.227493,5.24,-0.137,B4V+...,Vel,,
45527,,9.27826,-6.353144,5.24,1.172,K2III,Hya,,23
7955,,1.702389,-32.32697,5.25,1.044,K1II/III,Scl,Pi,
50414,,10.293834,-8.068914,5.25,0.336,F2III,Sex,Eps,22
51502,,10.518048,82.558587,5.25,0.399,F2V,Cam,,
76534,,15.630441,40.353433,5.25,0.886,G8III-IV,Boo,Phi,54
86305,,17.634871,-54.500434,5.25,0.195,A7V,Ara,Pi,
88331,,18.039736,20.833632,5.25,-0.1,B3IV,Her,,96
90067,,18.380288,17.826616,5.25,1.25,K3III,Her,,
92056,,18.762989,74.085553,5.25,0.953,K0II-III,Dra,,
93903,,19.121703,36.100157,5.25,-0.109,B6IV,Lyr,Iot,18
10559,,2.265635,33.358895,5.25,-0.004,A0V,Tri,,7
13141,,2.817062,-62.806521,5.25,0.101,A2V,Hor,Nu,
104738,,21.21751,-39.424922,5.25,0.46,F5V,Mic,,
112031,,22.691292,40.225449,5.25,-0.137,B2IIIv SB,Lac,,12
113864,,23.059128,67.20921,5.25,1.248,K3III,Cep,,
25202,,5.39171,-13.927352,5.25,-0.219,B2IV,Lep,,8
31165,,6.539271,-37.696702,5.25,0.982,G8III,Col,,
31688,,6.629891,-32.339735,5.25,1.177,K1III,CMa,,
37921,,7.771167,10.768252,5.25,0.018,A1Vnn,CMi,,11
39487,,8.071164,-32.674829,5.25,1.882,M2II,Pup,,
49698,,10.145223,-65.815438,5.26,0.973,K0III,Car,,
53154,,10.875236,-57.240405,5.26,0.13,B9Ia,Car,,
56573,,11.598771,-47.641643,5.26,0.257,A7m,Cen,,
56975,,11.679742,21.35273,5.26,0.984,K1III,Leo,,92
58082,,11.911816,-25.713887,5.26,0.883,G8III,Hya,,
67703,,13.868021,-52.81153,5.26,-0.084,B9Vn,Cen,,
69068,,14.138145,49.458167,5.26,1.637,M2III,Boo,,13
75828,,15.490075,-46.732704,5.26,1.731,K4III,Lup,,
76425,,15.608216,10.010176,5.26,0.925,K0p,Ser,,16
80161,,16.363536,69.109391,5.26,1.115,K2III,Dra,,
93256,,18.995966,26.230404,5.26,1.228,K2III,Lyr,,
13165,,2.821544,17.464309,5.26,-0.066,B6V,Ari,Pi,42
108924,,22.064709,63.11992,5.26,1.557,M5III,Cep,,18
14293,,3.071254,-7.600857,5.26,0.193,A8V,Eri,Rho-3,10
20261,,4.343419,15.095453,5.26,0.225,F0V,Tau,,58
20266,,4.344541,65.140441,5.26,0.82,G5III,Cam,,
27386,,5.800065,6.454156,5.26,0.234,A5V,Ori,,52
31434,,6.586684,28.022314,5.26,-0.008,A0Vnn,Aur,,49
45328,,9.238335,-55.569629,5.26,0.98,G8II/III,Vel,,
45631,,9.301633,-51.050859,5.26,-0.062,B7/B8III,Vel,,
48883,,9.970382,12.4448,5.26,-0.035,B9IV,Leo,Nu,27
6999,,1.501695,47.007274,5.27,0.999,K0III,And,,49
50070,,10.223016,-51.232971,5.27,0.257,A7V,Vel,,
51313,,10.481274,-64.172278,5.27,1.856,K3Ib,Car,,
57477,,11.782116,55.62819,5.27,1.276,K3III,UMa,,
62027,,12.713965,-63.058624,5.27,0.195,B2pe,Cru,,
65581,,13.445325,-12.707664,5.27,1.477,K5III,Vir,,68
72929,,14.905592,-24.642202,5.27,1.336,K2/K3III,Lib,,12
80057,,16.340795,-78.667496,5.27,1.413,K3III,Aps,Del-2,
83313,,17.026767,33.56827,5.27,0.028,A3IV,Her,,59
83431,,17.052419,-53.237028,5.27,0.498,F6V,Ara,Eps-2,
93203,,18.984928,13.622245,5.27,0.573,F8V,Aql,,11
9727,,2.085315,77.281341,5.27,0.345,F0Vn,Cas,,47
10320,,2.21513,-30.723825,5.27,-0.013,A0V,For,Mu,
11738,,2.525027,2.267182,5.27,1.271,K3III,Cet,,
11757,,2.527834,-79.109382,5.27,0.981,G4III,Hyi,Mu,
99968,,20.282024,40.365075,5.27,1.65,K5II,Cyg,,
107843,,21.848413,-82.718904,5.27,0.756,G8/K0III+..,Oct,Lam,
109005,,22.083469,62.785671,5.27,1.413,K4III,Cep,,20
109693,,22.219501,86.107955,5.27,-0.03,B9.5Vn,Cep,,
116957,,23.707729,-15.448033,5.27,1.344,K3III,Aqr,,
15627,,3.353784,21.147086,5.27,-0.067,B5IV,Ari,Tau-1,61
20641,,4.423614,22.199998,5.27,0.25,A7V,Tau,Kap-2,67
30073,,6.328555,-7.822908,5.27,-0.177,B2.5V,Mon,,7
32537,,6.789278,-37.929698,5.27,-0.078,B8/B9V,Pup,,
36760,,7.560134,15.826662,5.27,0.055,A1Vn,Gem,,68
42129,,8.587658,-58.224735,5.27,-0.133,B3V+...,Car,,
48682,,9.928612,49.819843,5.27,0.086,A3III,UMa,,31
7650,,1.641926,73.04004,5.28,0.972,G8II-IIIvar,Cas,,40
57371,,11.762216,-45.690134,5.28,-0.118,B6III,Cen,,
58587,,12.014211,-19.658982,5.28,-0.192,B2IV,Crv,,
60122,,12.330199,48.984148,5.28,1.623,M0III,CVn,,3
74596,,15.241435,29.164295,5.28,0.062,A2V,Boo,Chi,48
80645,,16.465918,-64.057942,5.28,0.383,F4IV,TrA,Iot,
81437,,16.633462,56.01554,5.28,1.055,K1III,Dra,,
85389,,17.447772,-45.84303,5.28,-0.058,B8V,Ara,,
91014,,18.566046,-33.01656,5.28,-0.115,B2III/IV,Sgr,,
94834,,19.296944,11.595422,5.28,0.196,F0IV,Aql,Ome-1,25
96957,,19.709447,11.826583,5.28,0.575,F3V:+...,Aql,Chi,47
98103,,19.937292,11.423721,5.28,0.014,A1IV,Aql,Phi,61
100195,,20.323223,-19.118533,5.28,1.394,K2III,Cap,Sig,7
110618,,22.409764,-72.255412,5.28,0.66,A3V: + F9V,Ind,Nu,
117218,,23.766922,-18.67834,5.28,0.299,F2:V+...,Aqr,,107
18453,,3.94347,50.695381,5.28,0.425,F5IV,Per,,43
18788,,4.025569,-1.54966,5.28,-0.133,B5V,Eri,,35
22040,,4.739205,-59.732733,5.28,0.206,A8/A9III/IV,Dor,Kap,
23871,,5.130111,20.418379,5.28,0.118,A5V,Tau,,106
26460,,5.629061,-28.68969,5.28,0.486,F5V,Col,Nu-2,
27364,,5.795252,13.899599,5.28,-0.156,B2IV-V,Tau,,133
29048,,6.128233,-19.165866,5.28,1.661,M1III,Lep,,19
30953,,6.496969,-50.239085,5.28,0.371,F2V,Pup,,
32492,,6.780859,-14.425971,5.28,-0.024,B8/B9III,CMa,,11
32921,,6.859179,21.761148,5.28,-0.02,A2V,Gem,,36
41003,,8.367918,-73.399985,5.28,0.014,A0/A1IV/V,Vol,Eta,
43142,,8.787496,-1.897033,5.28,0.058,A3V,Hya,,
45455,,9.263832,56.741406,5.28,1.568,K5III,UMa,,17
45581,,9.290334,-74.894313,5.28,0.021,A1V,Car,,
47300,,9.639383,40.239793,5.28,0.223,F0V,Lyn,,42
814,,0.167293,-82.224047,5.29,1.049,K1/K2III,Oct,Gam-3,
983,,0.202773,-17.938278,5.29,1.478,K4III,Cet,,
8209,,1.760763,-25.05261,5.29,0.395,F2IV,Scl,Eps,
9312,,1.993892,64.621602,5.29,0.002,A0Vn,Cas,,
60904,,12.481863,25.912852,5.29,-0.056,A0p,Com,,17
69612,,14.247458,10.10061,5.29,1.007,K1III,Boo,,15
89439,,18.253585,-20.72827,5.29,0.007,B0/1Ia/ab,Sgr,,15
92824,,18.91323,-87.605843,5.29,1.304,K3III,Oct,Chi,
10793,,2.315831,28.642674,5.29,0.037,A2V,Tri,,10
11021,,2.36573,0.395675,5.29,1.648,M2III,Cet,,69
11486,,2.469439,29.66933,5.29,0.311,F0III,Tri,,12
105898,,21.447668,48.835168,5.29,0.108,A6pe...,Cyg,,
106327,,21.534965,-41.17931,5.29,1.109,K0III,Gru,Xi,
107472,,21.767879,22.94888,5.29,1.381,K0Ib,Peg,,12
108991,,22.079839,-0.906343,5.29,0.231,A5m,Aqr,,32
19719,,4.225862,7.716045,5.29,0.366,F3V...,Tau,,46
20704,,4.435084,31.438911,5.29,0.986,K1III,Per,,
22287,,4.800069,56.757183,5.29,0.246,A3m,Cam,,4
24873,,5.333062,-12.315585,5.29,-0.104,B7/B8V,Lep,Nu,7
26868,,5.704221,-34.667812,5.29,-0.032,B9/B9.5V,Col,,
27947,,5.913916,-52.635481,5.29,0.295,F0Ve...,Pic,,
33316,,6.929702,-22.941439,5.29,-0.163,B2/B3III,CMa,,
35427,,7.314243,-26.585854,5.29,0.956,G2II,CMa,,
48390,,9.864732,24.395369,5.29,0.229,A5IV,Leo,,22
3231,,0.68533,39.458664,5.3,0.891,G8III,And,,32
49809,,10.168302,-12.815923,5.3,0.368,F2/F3IV/V,Hya,,
56034,,11.484481,39.336974,5.3,0.019,A2V,UMa,,57
85084,,17.389331,-28.142831,5.3,1.549,K4/K5III,Oph,,43
89773,,18.319633,24.446059,5.3,1.508,K4II SB,Her,,105
96808,,19.678717,-16.293268,5.3,1.109,K1III,Sgr,,54
98421,,19.997595,-34.697799,5.3,0.17,A4/A5IV,Sgr,The-2,
12225,,2.623425,-52.543086,5.3,0.289,A6V,Hor,Eta,
12489,,2.678075,27.060943,5.3,0.081,A3V,Ari,,33
99951,,20.279746,24.671102,5.3,0.951,G8III,Vul,,24
100541,,20.386304,5.342987,5.3,0.983,G8III-IV,Aql,,
103511,,20.971209,22.325908,5.3,1.419,K4III,Vul,,33
103569,,20.984577,4.293481,5.3,0.464,F5III...,Equ,Eps,1
104365,,21.142673,-21.193669,5.3,0.0,A0V,Cap,Chi,25
105942,,21.455935,37.116798,5.3,-0.14,B3V,Cyg,,70
107151,,21.704292,5.680137,5.3,1.653,M2III,Peg,,7
114200,,23.127575,46.387231,5.3,1.409,K5III,And,,4
116820,,23.677266,-32.073125,5.3,0.965,K0III,Scl,Mu,
117730,,23.876974,10.94732,5.3,0.186,A4Vn,Peg,,82
16499,,3.540631,46.056862,5.3,0.398,F4IIIvar,Per,,36
21914,,4.712899,-50.481334,5.3,0.977,K0/K1III,Pic,Lam,
21928,,4.715089,43.365138,5.3,0.028,A1Vn,Per,,59
23467,,5.045279,-71.3143,5.3,0.996,G8III,Men,Bet,
32411,,6.766499,-14.796127,5.3,0.075,A1IV/V,CMa,,
34802,,7.204392,-40.498808,5.3,0.072,A3p...,Pup,,
37704,,7.735254,25.784159,5.3,1.535,K5III,Gem,,76
38962,,7.972404,2.224767,5.3,0.933,K0III,CMi,,14
39780,,8.129404,21.581816,5.3,0.642,G2IV,Cnc,Mu-2,10
43305,,8.822702,-3.443023,5.3,-0.08,B9MNp...,Hya,,14
45290,,9.230059,43.217825,5.3,-0.13,B8IIIMNp,Lyn,,36
47479,,9.678494,-57.983553,5.3,0.195,A3IV,Car,,
55016,,11.264417,13.307578,5.31,1.189,K3III,Leo,,73
56997,,11.684171,34.201635,5.31,0.723,G8Vvar,UMa,,61
57562,,11.798584,8.245895,5.31,0.038,A1,Vir,,4
59654,,12.234085,-45.723919,5.31,1.4,K3III,Cen,,
64577,,13.236361,-19.930947,5.31,0.862,G8III/IV,Vir,,55
80945,,16.528269,-41.817145,5.31,0.299,B1Ia,Sco,,
85667,,17.50661,-1.062922,5.31,0.715,G8IV-V,Oph,,
94150,,19.164642,-68.424448,5.31,0.901,G8/K0III/IV,Pav,,
10366,,2.226728,51.065818,5.31,0.926,G8III:var,And,,
10819,,2.321337,47.379973,5.31,0.006,A1V,And,,62
104974,,21.262456,-15.1715,5.31,1.639,M2III,Cap,,29
110649,,22.415638,-57.797415,5.31,0.665,F9V,Tuc,,
27243,,5.77427,-46.59718,5.31,1.04,K0/K1II,Pic,,
37701,,7.734495,50.433794,5.31,-0.001,A0IIIn,Lyn,,
43671,,8.897388,-47.520778,5.31,0.275,Am,Vel,,
45544,,9.282523,-39.401539,5.31,1.166,K2III,Vel,,
5518,,1.177579,68.778621,5.32,-0.014,A0Vnn,Cas,,31
52911,,10.820953,10.545202,5.32,0.035,A2V,Leo,,53
57111,,11.707889,66.744906,5.32,1.267,K3III,Dra,,3
60449,,12.393174,-35.412677,5.32,-0.066,B8/B9V,Cen,,
65479,,13.420568,-64.485144,5.32,0.411,F2III,Cen,,
72489,,14.821959,-14.149022,5.32,0.066,Ap,Lib,Mu,7
73049,,14.929085,-33.855785,5.32,0.046,A0V,Cen,,
74649,,15.253154,4.939362,5.32,1.092,K0III,Ser,,3
80208,,16.374444,-49.572354,5.32,-0.047,B6IV,Nor,,
84177,,17.207725,10.585168,5.32,1.593,M2III,Oph,,37
97749,,19.864056,-39.874367,5.32,-0.045,A0p,Sgr,,
98624,,20.03123,-66.943966,5.32,1.218,K2IVCN...,Pav,Mu-2,
99461,,20.186632,-36.101212,5.32,0.868,K2V,Sgr,,
103882,,21.049433,-38.631447,5.32,0.424,F3V,Mic,Zet,
112781,,22.839655,-80.123845,5.32,-0.126,B6IV,Oct,Xi,
14168,,3.045076,-7.685472,5.32,0.941,K0II-III,Eri,Rho-2,9
15770,,3.386997,49.213269,5.32,-0.076,B5V,Per,,
18957,,4.06239,5.435624,5.32,-0.08,B3V,Tau,,40
21515,,4.620465,0.998314,5.32,-0.107,B7V,Tau,,
26126,,5.571326,3.766895,5.32,0.051,A2V,Ori,,38
38146,,7.817132,-24.912208,5.32,0.751,G2,Pup,,
41260,,8.417706,-24.046212,5.32,1.476,K4/K5III,Pup,,
5131,,1.094709,21.473181,5.33,0.003,A1Vn,Psc,Psi-1,74
52678,,10.771269,-64.514559,5.33,-0.096,B7:V,Car,,
64823,,13.287674,13.675751,5.33,1.304,K3III,Vir,,
90074,,18.38141,-36.669556,5.33,-0.121,B7Ib/II,Sgr,,
93124,,18.970763,17.360912,5.33,0.731,F8Ib,Aql,,
97421,,19.800321,-56.362611,5.33,0.196,A9Vn,Tel,Nu,
98438,,20.000919,17.516511,5.33,1.576,M4IIIa,Sge,,13
109786,,22.238342,-21.074566,5.33,0.812,K1III,Aqr,,41
116264,,23.557804,22.498775,5.33,1.481,M5IIIa,Peg,,71
20161,,4.321301,-44.267919,5.33,1.066,K2III,Hor,,
22730,,4.889659,2.508225,5.33,1.632,M1III,Ori,,5
22834,,4.913273,7.779097,5.33,1.214,K1III,Ori,,
23879,,5.131359,8.498429,5.33,0.338,Am,Ori,,14
39734,,8.121678,-20.554342,5.33,0.1,A3Ib/II,Pup,,
40817,,8.330274,-71.514906,5.33,-0.063,B9III/IV,Vol,Kap-1,
41616,,8.484654,-47.928923,5.33,-0.14,B2IV,Vel,,
41822,,8.526592,18.09442,5.33,1.567,K5III,Cnc,The,31
41909,,8.545139,20.441162,5.33,1.252,K3III,Cnc,Eta,33
50888,,10.391478,-38.009839,5.34,0.251,A8V,Ant,,
58884,,12.077479,-68.328912,5.34,-0.012,A0V,Mus,,
59184,,12.137422,-48.692487,5.34,-0.01,A1V,Cen,,
63117,,12.932538,-56.835806,5.34,0.01,O9Ib,Cru,,
70469,,14.413508,-24.80631,5.34,0.962,K0III,Lib,,
76866,,15.696504,12.847528,5.34,0.033,A0p Sr,Ser,Chi,20
82587,,16.882796,31.701674,5.34,0.319,F0V,Her,,53
96288,,19.578127,42.412509,5.34,0.06,A2V,Cyg,,
9440,,2.020759,-30.00183,5.34,0.883,G8III,For,Pi,
13490,,2.895168,38.337488,5.34,0.423,F4Vvar,Per,,20
103127,,20.894494,-39.809865,5.34,1.318,K2III,Mic,,
107788,,21.835749,17.285851,5.34,0.394,F2III-IV,Peg,,13
109654,,22.213284,34.604592,5.34,1.134,K2III,Peg,,
110000,,22.280012,-12.831436,5.34,1.132,K1III,Aqr,,42
113327,,22.95125,48.684068,5.34,-0.102,B4IIIpe,Lac,,
17563,,3.761234,6.049991,5.34,-0.099,B3V,Tau,,29
20186,,4.326862,21.773491,5.34,-0.107,A0p Si,Tau,,56
24817,,5.319783,2.595806,5.34,0.412,F5IIvar,Ori,,21
25980,,5.54482,-1.591831,5.34,-0.188,B1IV,Ori,,
26001,,5.549873,-64.227517,5.34,1.039,G8/K0III,Dor,,
29704,,6.25698,16.143175,5.34,-0.101,B7V,Ori,,72
30247,,6.362811,53.452179,5.34,0.448,F5III...,Aur,,45
31789,,6.646995,39.902559,5.34,-0.075,B8III,Aur,Psi-3,52
32489,,6.780417,57.169176,5.34,0.964,K0III,Lyn,,13
33048,,6.884738,59.448543,5.34,0.675,G4III...,Lyn,,14
36896,,7.585778,30.960924,5.34,1.01,K0III,Gem,,
40215,,8.213552,68.474072,5.34,1.037,G8II,UMa,,
43414,,8.842982,-66.792981,5.34,0.423,F5IV,Vol,,
46107,,9.40268,-80.786876,5.34,0.454,F3/F5IV,Cha,Iot,
3951,,0.845442,64.247549,5.35,0.528,A4V comp SB,Cas,,
4371,,0.933747,-11.266526,5.35,1.505,K4III,Cet,Phi-3,22
6706,,1.437573,19.172346,5.35,0.395,F2V:var,Psc,Rho,93
66936,,13.717698,3.537903,5.35,1.091,K1III,Vir,,84
75119,,15.350554,0.715337,5.35,1.191,K3III,Ser,,6
77907,,15.910516,43.138567,5.35,1.645,M3III,Her,,2
79050,,16.135439,-26.326679,5.35,1.643,M2III,Sco,,
80782,,16.495091,-46.243229,5.35,0.488,B1.5Iap,Nor,,
82802,,16.922825,18.433213,5.35,1.407,K4III,Her,,54
86182,,17.610457,48.585634,5.35,1.142,K1III,Her,,82
92953,,18.938044,-42.710676,5.35,0.998,G6III-IV,CrA,,
94385,,19.211309,-7.939518,5.35,0.094,B3V,Aql,,20
110273,,22.336643,-7.821102,5.35,-0.048,B8IIIMNp...,Aqr,Rho,46
115355,,23.365259,31.812465,5.35,-0.101,B6III,Peg,,64
116709,,23.652316,50.471733,5.35,-0.061,B9V,And,,18
22157,,4.76715,11.705591,5.35,0.197,Am...,Ori,,
28946,,6.109749,38.482644,5.35,0.251,A4m,Aur,,40
29246,,6.16639,58.935694,5.35,1.096,G8III,Cam,,37
35957,,7.412182,-31.808905,5.35,1.071,K1III,CMa,,
36439,,7.498867,49.672463,5.35,0.47,F6V,Lyn,,22
42604,,8.683629,45.83401,5.35,0.993,G0IV,Lyn,,34
46811,,9.538688,-40.649335,5.35,0.897,G8III,Vel,,
3138,,0.665436,21.438495,5.36,1.16,F3V...,Psc,,55
3632,,0.775822,15.475504,5.36,1.559,M4III,Psc,,57
5268,,1.121838,-61.775289,5.36,0.884,G5III,Tuc,Iot,
52405,,10.711269,-59.215759,5.36,0.213,B2.5Ia,Car,,
52638,,10.764416,30.682313,5.36,-0.05,A1Vn,LMi,,42
58510,,11.999142,3.655197,5.36,-0.001,A1V,Vir,,7
65301,,13.383643,-17.735274,5.36,0.987,K0III,Vir,,63
72131,,14.754802,-62.875648,5.36,0.308,A7Vn,Cir,,
75439,,15.412504,-39.710268,5.36,-0.093,Ap...,Lup,Ups,
76628,,15.648488,-19.301892,5.36,0.883,G8III/IV,Lib,,41
84821,,17.336065,25.537603,5.36,0.063,A3III,Her,,
89605,,18.285426,-56.023351,5.36,-0.05,B3IIIpe,Tel,,
92989,,18.944582,-37.343241,5.36,-0.147,B3V,CrA,,
11258,,2.414987,-60.311947,5.36,0.395,F2III,Hor,Lam,
11791,,2.53595,-1.034896,5.36,1.004,G3III:,Cet,,75
102599,,20.79265,80.552262,5.36,1.144,K1III,Dra,,
110109,,22.304289,-53.627073,5.36,0.614,G1V,Gru,,
116889,,23.692914,-18.027077,5.36,1.58,K4/K5III,Aqr,,103
18993,,4.06941,2.826947,5.36,0.505,F6IV,Tau,,
21730,,4.666126,53.473021,5.36,0.331,A8V,Cam,,2
26063,,5.558735,-1.156073,5.36,-0.175,B1V,Ori,,
27658,,5.856107,-7.518003,5.36,-0.195,B2IV-V,Ori,,55
29490,,6.214182,65.718422,5.36,1.344,K2II-III,Cam,,36
29996,,6.314051,-9.390018,5.36,1.239,K1III,Mon,,
34987,,7.238906,3.111414,5.36,1.193,K0III,CMi,,
35083,,7.255854,-30.686447,5.36,-0.155,B2V,CMa,,
37853,,7.759736,-34.172363,5.36,0.589,G0V,Pup,,
38846,,7.94939,-43.500411,5.36,-0.166,B2.5V,Pup,,
40107,,8.192501,-7.772539,5.36,0.892,G8III,Hya,,
45410,,9.253848,14.941507,5.36,1.319,K1III,Cnc,Pi-2,82
47723,,9.728862,14.021692,5.36,1.61,M2III,Leo,Psi,16
8230,,1.766461,-5.733299,5.37,1.517,K4III,Cet,,
49081,,10.016864,31.923672,5.37,0.676,G1V,LMi,,20
54746,,11.209191,-49.100996,5.37,0.175,A2III,Cen,,
60978,,12.499267,58.405742,5.37,0.205,A5e...,UMa,,74
63432,,12.998665,66.597272,5.37,1.282,K2III,Dra,,9
73223,,14.964755,-76.662655,5.37,1.442,K4III,Aps,,
79804,,16.287595,59.755023,5.37,1.551,M4IIIa,Dra,,
80337,,16.400355,-39.19298,5.37,0.625,G3/G5V,Sco,,
88380,,18.047527,-24.282468,5.37,0.495,F2/F3II/III,Sgr,,7
90763,,18.518012,-32.989114,5.37,0.182,A5V,Sgr,,
92111,,18.772391,-22.392176,5.37,1.591,K5III,Sgr,,28
92112,,18.772849,75.433964,5.37,0.049,A1Vn,Dra,,50
109404,,22.165473,-34.014967,5.37,0.241,A5IV,PsA,,
109592,,22.20056,60.759095,5.37,1.184,K1III,Cep,,
110298,,22.340994,5.789498,5.37,-0.037,B5IV,Peg,,30
113957,,23.077668,-53.964905,5.37,1.453,K5III,Gru,Kap,
23482,,5.046861,-49.151407,5.37,0.421,F2V,Pic,Eta-1,
26248,,5.590869,24.039589,5.37,-0.092,B2.5IV,Tau,,121
28949,,6.11076,-4.193836,5.37,-0.122,B5IV,Mon,,
29730,,6.261257,59.998975,5.37,1.339,K3III,Cam,,40
30565,,6.424623,-69.690299,5.37,0.971,G8III,Dor,Pi-2,
35848,,7.391386,-27.834294,5.37,1.539,K4III,CMa,,
35987,,7.416161,11.669524,5.37,0.105,A5IV,CMi,,1
39117,,8.003264,73.917919,5.37,1.424,K3III,Cam,,
1645,,0.343295,8.190271,5.38,1.343,K3III,Psc,,41
1960,,0.413193,61.831057,5.38,0.008,B9III,Cas,,12
2568,,0.543189,20.294316,5.38,1.069,K0III,Psc,,52
3330,,0.707869,-65.46803,5.38,0.515,F6V,Tuc,Rho,
60379,,12.380403,-57.676132,5.38,-0.098,B9V,Cru,,
60781,,12.458019,-58.991756,5.38,1.543,M4/M5III,Cru,,
62572,,12.820496,83.412901,5.38,0.033,A1IIIsh,Cam,,
66849,,13.700307,-58.787078,5.38,-0.029,B9IV,Cen,,
70931,,14.505823,-49.519018,5.38,0.056,A1V,Lup,,
73095,,14.938123,-52.809548,5.38,0.142,A2III,Lup,,
75178,,15.363495,32.933695,5.38,-0.051,B9Vn,Boo,,50
77858,,15.89831,-24.533157,5.38,-0.011,B5V,Sco,,
84862,,17.34432,32.467743,5.38,0.619,G0V,Her,,72
90642,,18.494717,-1.985308,5.38,0.961,K0III,Ser,,60
91013,,18.565749,52.353517,5.38,1.091,K0III,Dra,,
91217,,18.607731,9.122491,5.38,0.387,F5III,Oph,,
92202,,18.791375,-5.705147,5.38,1.28,K0Ibpvar,Sct,,
94712,,19.272706,-45.466033,5.38,1.349,K3III,Tel,,
97650,,19.846329,-10.763512,5.38,0.402,F0V,Aql,,51
12086,,2.596336,34.687558,5.38,1.652,M3III,Tri,,15
99031,,20.106055,35.972468,5.38,0.85,K0IV,Cyg,,27
100965,,20.470687,81.422708,5.38,1.01,G9III,Dra,,75
103732,,21.019702,46.155773,5.38,-0.206,B1V,Cyg,,60
105665,,21.402665,-20.851869,5.38,1.176,K0III,Cap,,33
109521,,22.186069,50.823393,5.38,0.152,A5V,Lac,,
18859,,4.04354,-0.268923,5.38,0.516,F5V,Eri,,
20264,,4.34417,-20.639622,5.38,-0.027,A0V,Eri,,
20430,,4.376373,25.629314,5.38,-0.041,B9V,Tau,Chi,59
21670,,4.65171,7.870976,5.38,0.257,A5m,Tau,,
24799,,5.316674,33.748394,5.38,-0.167,A0p...,Aur,,
35589,,7.344114,-52.085924,5.38,-0.069,B9V,Car,,
38722,,7.927749,19.88397,5.38,-0.035,A0Vs,Gem,,85
45571,,9.288149,-68.689642,5.38,0.415,F4V,Car,,
46404,,9.462995,-6.071187,5.38,0.642,G2V,Hya,,
4890,,1.046997,-46.397311,5.39,0.9,G8III,Phe,,
55650,,11.400646,1.407765,5.39,0.938,G8IIICN...,Leo,,79
56391,,11.560337,-40.586637,5.39,0.117,A2IV/V,Cen,,
71500,,14.622266,-46.133439,5.39,0.927,K0III,Lup,,
71618,,14.647289,44.4045,5.39,0.03,A1V,Boo,,33
77227,,15.768233,-1.804193,5.39,-0.035,B8III,Ser,,25
78459,,16.017412,33.303509,5.39,0.612,G2V,CrB,Rho,15
79195,,16.164033,-3.466729,5.39,1.446,K4III,Ser,,
82764,,16.915324,20.958488,5.39,0.966,G8III,Her,,
84979,,17.368299,-70.123208,5.39,-0.042,B8/B9Vn...,Aps,Iot,
89851,,18.335775,-15.831697,5.39,1.473,K3III,Ser,,
93299,,19.003799,50.533466,5.39,-0.182,B2.5IV,Dra,,
96302,,19.580813,29.462954,5.39,0.581,A0V+...,Cyg,,9
97534,,19.823694,-72.503378,5.39,0.234,A4III,Pav,,
13202,,2.831716,-27.941981,5.39,0.013,A1V,For,Gam-2,
101483,,20.565845,13.027255,5.39,0.093,A3IVs,Del,Eta,3
105966,,21.461126,27.608593,5.39,0.049,A1V,Vul,,35
114389,,23.167072,9.822082,5.39,-0.068,B9III,Peg,,58
18396,,3.932824,47.87142,5.39,-0.073,B6V,Per,,
19513,,4.180517,26.480952,5.39,0.352,F2IV-V,Tau,,44
22044,,4.740508,11.146137,5.39,0.251,F0V,Ori,,
23221,,4.997348,-10.263325,5.39,0.797,G4V,Eri,,63
29850,,6.285172,9.94239,5.39,0.106,A2V,Ori,,75
32494,,6.7813,-51.265667,5.39,1.33,K1II/IIIp+G:,Car,,
32677,,6.816038,-15.144726,5.39,-0.096,B7IV,CMa,,
39538,,8.079768,79.479612,5.39,-0.04,A0p...,Cam,,
46735,,9.525671,35.103273,5.39,1.543,M1III,LMi,,8
4914,,1.050705,-4.836601,5.4,1.106,K0III-IV,Cet,,25
54849,,11.22932,-0.069502,5.4,-0.02,A0V,Leo,,69
65728,,13.474203,59.945787,5.4,-0.01,A1Vn,UMa,,
70602,,14.440935,19.2269,5.4,0.231,F0m,Boo,,22
76013,,15.525228,-73.389591,5.4,-0.146,B1npe,Aps,Kap-1,
80214,,16.374783,33.703478,5.4,1.523,K5III,CrB,Nu-2,21
80399,,16.411046,-29.704663,5.4,0.625,G0,Sco,,
,,16.688157,31.601207,5.4,,K0 V,Her,,
91989,,18.74921,-39.686188,5.4,0.85,K1/K2III+..,CrA,,
93526,,19.048472,-3.698987,5.4,-0.005,A1V,Aql,,14
93713,,19.081991,53.396654,5.4,-0.014,A0Vn,Dra,,51
93717,,19.082687,-4.03142,5.4,1.12,K1III,Aql,,15
12653,,2.709265,-50.800294,5.4,0.561,G3IV,Hor,Iot,
98962,,20.092444,61.99542,5.4,1.191,K3III,Dra,,66
,,21.241391,10.006094,5.4,,F7 V,Equ,,
105143,,21.299246,-17.985138,5.4,-0.118,B5II/III,Cap,,30
17854,,3.820476,70.87105,5.4,0.096,A2m,Cam,,
20376,,4.363227,60.735625,5.4,1.497,M0III,Cam,,
21036,,4.510378,13.724402,5.4,0.263,F0V,Tau,,83
25499,,5.452804,17.962216,5.4,-0.09,B5V,Tau,,115
26536,,5.643913,30.492412,5.4,0.45,A2V + GIII,Aur,,26
31579,,6.609121,38.4455,5.4,2.773,C5II,Aur,,
35795,,7.383527,-31.923781,5.4,-0.161,B3V,CMa,,
43721,,8.904091,30.579115,5.4,1.05,G7III,Cnc,,57
46454,,9.474278,9.056778,5.4,0.605,F9V,Leo,Ome,2
46471,Intercrus,9.477775,45.601483,5.4,0.993,K0III-IV,UMa,,
47080,,9.594334,35.810133,5.4,0.77,G8IV-V,LMi,,11
930,,0.192894,-27.799737,5.41,1.346,K2III,Scl,Kap-2,
3544,,0.754774,55.221396,5.41,0.022,A2Vs,Cas,,
7450,,1.599713,-15.400183,5.41,1.226,K1III,Cet,,50
61621,,12.628409,-27.138888,5.41,0.334,F0V,Hya,,
67288,,13.790386,-17.859839,5.41,1.623,M2III,Vir,,87
69989,,14.321188,13.004299,5.41,0.385,F5IV,Boo,,18
77060,,15.734556,-15.672834,5.41,0.238,A6IV,Lib,Eta,44
77859,,15.898851,-23.978094,5.41,-0.033,B2V,Sco,,
80693,,16.476106,0.665002,5.41,1.461,K4IIIp,Oph,,
83838,,17.133907,35.935174,5.41,0.309,A5m,Her,,
85537,,17.48046,0.330625,5.41,0.237,A8V,Oph,,
89772,,18.319316,7.259767,5.41,1.084,K2III,Oph,,
90023,,18.369083,23.285176,5.41,1.633,K5III,Her,,
91235,,18.610373,33.469036,5.41,-0.101,B8II-IIIp..,Lyr,,
96693,,19.657356,42.818278,5.41,-0.063,B9III,Cyg,,14
97646,,19.845775,-59.193667,5.41,0.082,A0IV,Pav,,
102177,,20.703508,50.34003,5.41,-0.107,B2V,Cyg,,51
102773,,20.821733,-68.776521,5.41,1.122,K0III,Pav,Sig,
104750,,21.221479,-27.619333,5.41,1.425,K3III,Mic,,
32912,,6.857495,-70.963411,5.41,-0.11,B7IV,Vol,Iot,
34301,,7.111324,-11.294014,5.41,0.033,B0.5IV,CMa,,
35855,,7.392193,-32.202067,5.41,-0.169,B2/B3II/III,CMa,,
36363,,7.484916,-38.812065,5.41,-0.148,B3V,Pup,,
37450,,7.687727,-38.533532,5.41,-0.13,B3V,Pup,,
761,,0.155851,-27.987928,5.42,0.414,F3V,Scl,Kap-1,
2240,,0.474027,-39.915002,5.42,1.556,M0III,Phe,,
3721,,0.796119,74.847573,5.42,-0.066,B8III,Cas,,23
5951,,1.276747,-2.500368,5.42,0.888,G5III-IVe,Cet,,39
6592,,1.411329,-41.492549,5.42,1.03,K0III,Phe,,
8814,,1.888152,40.72979,5.42,1.311,K1III,And,,55
50333,,10.277983,13.728334,5.42,1.65,M1III,Leo,,37
57512,,11.788654,-57.696498,5.42,1.664,K5III,Cen,,
61309,,12.56081,33.247584,5.42,1.011,K0IIICN...,CVn,,
62223,La Superba,12.752174,45.440256,5.42,2.994,C7Iab,CVn,,
70794,,14.478256,-6.900536,5.42,1.49,K5III,Vir,,106
80390,,16.408821,-37.566044,5.42,-0.104,B8V,Sco,,
91494,,18.659768,-43.185878,5.42,1.654,M2III,CrA,,
9589,,2.053236,0.128507,5.42,0.146,A5III,Cet,,60
11046,,2.37011,-0.884852,5.42,0.335,F0Vn,Cet,,70
101800,,20.630311,11.377676,5.42,0.05,A2V,Del,Iot,5
105972,,21.46282,66.809096,5.42,-0.099,B7V,Cep,,7
114273,,23.1447,2.127883,5.42,0.908,G8IV,Psc,,5
20776,,4.450806,80.824159,5.42,1.179,G6III:,Cep,,
31299,,6.563745,-36.232029,5.42,1.419,K3III,Col,,
32311,,6.745961,28.970932,5.42,1.445,K4III,Gem,,28
36778,,7.564179,-36.338392,5.42,-0.078,B2Vne,Pup,,
41817,,8.525257,-19.577462,5.42,-0.061,B9.5IV/V,Pyx,,
44818,,9.133348,29.654235,5.42,0.888,G8III,Cnc,Tau,72
9326,,1.996166,-20.824539,5.43,1.64,M0/M1III,Cet,,57
51585,,10.536604,14.13727,5.43,1.696,M2III,Leo,,46
54173,,11.081721,-35.804678,5.43,0.021,A0V,Ant,,
54477,,11.145557,-28.08067,5.43,0.069,A1V,Hya,,
62423,Tianyi,12.792873,66.790304,5.43,1.567,K5III,Dra,,7
74941,,15.313651,-60.496334,5.43,-0.089,O7Iab:,Cir,,
76618,,15.647079,-52.372695,5.43,0.005,B9V,Nor,,
78012,,15.929884,37.946958,5.43,0.352,F0IV,CrB,Lam,12
78246,,15.976352,-24.831488,5.43,-0.092,B5V,Sco,,
79387,,16.202032,-8.547576,5.43,0.118,A4V,Sco,,16
83962,,17.163319,-10.523301,5.43,0.465,F5IV,Oph,,
87728,,17.919762,72.005127,5.43,0.34,F2.5II-III,Dra,Psi-2,34
91237,,18.610854,6.671805,5.43,0.386,F3V,Oph,,
92614,,18.87123,21.425142,5.43,-0.068,B9p...,Her,,112
9372,,2.007451,-8.523873,5.43,1.391,M3III,Cet,,
11029,,2.367092,-10.777534,5.43,0.364,F0V,Cet,,
12768,,2.734766,44.29704,5.43,0.904,G0Ib,Per,,14
108661,,22.013951,-28.453736,5.43,-0.095,B8/B9V+...,PsA,Eta,12
109472,,22.177078,-11.564939,5.43,-0.117,B5III,Aqr,,38
112731,,22.829521,55.902777,5.43,1.167,K1III,Lac,,
112832,,22.850599,-39.156834,5.43,1.444,K3III,Gru,,
113521,,22.99096,0.962927,5.43,0.982,K1III:,Psc,,2
117447,,23.813937,62.214516,5.43,0.67,A3Ia comp,Cas,,6
23983,,5.155456,9.829579,5.43,0.249,A2m,Ori,,16
25769,,5.502835,63.06722,5.43,1.704,M1III,Cam,,17
31121,,6.530573,-8.158235,5.43,1.373,K2III,Mon,,
43082,,8.775152,-45.912504,5.43,0.238,B3Ia,Vel,,
43908,,8.944949,-85.663152,5.43,0.306,F0III,Oct,Zet,
47956,,9.772352,-76.77612,5.43,0.901,G8III,Cha,Nu,
4510,,0.963931,28.992217,5.44,1.076,G6III,Psc,,68
52737,,10.781127,-17.296874,5.44,0.112,A3V,Hya,,
58379,,11.970898,-56.31731,5.44,-0.062,B8III,Cru,,
64094,,13.135321,-65.306023,5.44,-0.033,WC6 + O9.5I,Mus,The,
76397,,15.603364,-44.396823,5.44,1.497,M0III,Lup,,
78893,,16.105475,67.810134,5.44,-0.019,A0Vn,Dra,,
79963,,16.321568,-42.673965,5.44,0.099,A3Vn,Nor,Lam,
87847,,17.946596,-4.081823,5.44,1.162,G9III,Oph,,
90414,,18.448336,-48.117243,5.44,0.855,K0/K1III+..,Tel,,
13782,,2.9566,-23.862164,5.44,0.238,A5IV/V,Eri,,4
99631,,20.220523,-1.009339,5.44,1.43,K5III,Aql,,66
101243,,20.521893,49.220297,5.44,1.566,M2III,Cyg,Ome-2,46
113996,,23.086052,-7.693801,5.44,0.312,F2V,Aqr,,83
115152,,23.324945,48.625322,5.44,1.014,K0III,And,,11
15547,,3.338783,77.73474,5.44,0.211,A6V,Cep,,
17776,,3.805782,23.42125,5.44,-0.067,B8V,Tau,,
19483,,4.172923,-6.923852,5.44,0.941,G8III,Eri,,37
24254,,5.206237,73.946674,5.44,-0.108,B9p Si,Cam,,
24829,,5.322813,-50.605967,5.44,0.517,F7III-IV,Pic,Zet,
26649,,5.663845,-32.629216,5.44,0.913,G6/G8III,Col,,
29736,,6.26249,12.551067,5.44,0.015,B9II-III,Ori,,73
32439,,6.77067,79.564811,5.44,0.525,F8V,Cam,,
33184,,6.906851,-1.126996,5.44,0.167,A4IV,Mon,,
34724,,7.189893,-0.301928,5.44,0.31,F2V,Mon,,21
38497,,7.884308,-36.363769,5.44,1.161,K1IIICN...,Pup,,
43851,,8.932097,11.626023,5.44,1.462,K5III,Cnc,,60
43932,,8.949056,32.91043,5.44,0.181,A7IV,Cnc,Sig-2,59
47204,,9.620184,-53.668508,5.44,0.137,A2/A3V,Vel,,
2942,,0.622561,35.399501,5.45,0.886,G5III,And,,
3083,,0.652748,49.354589,5.45,1.644,K5III,Cas,,
4293,,0.916751,-69.527084,5.45,1.095,G7III,Tuc,Lam-2,
53273,,10.895476,-2.129205,5.45,0.966,G8III,Leo,,
59394,,12.184401,-23.602423,5.45,0.055,A1V,Crv,,3
60855,,12.472908,-39.041172,5.45,-0.073,B8/B9V,Cen,,
63031,,12.916219,-85.123369,5.45,0.991,K0III,Oct,Iot,
73624,,15.049799,-32.643294,5.45,-0.127,B3V,Lup,,
74305,,15.187773,-55.346032,5.45,1.118,G2Ib/II,Lup,,
77902,,15.909615,20.310968,5.45,1.588,M0III,Ser,,
79754,,16.278687,-53.811109,5.45,1.696,M2IV,Nor,,
89507,,18.264843,-44.206461,5.45,0.962,G8/K0III,CrA,,
95503,,19.424906,-23.962457,5.45,1.442,K3III,Sgr,Chi-3,49
96556,,19.62981,-4.64764,5.45,0.429,F3IV,Aql,,42
12332,,2.646943,21.961408,5.45,0.168,A7V,Ari,Nu,32
104382,Polaris Australis,21.146119,-88.956499,5.45,0.283,F0III,Oct,Sig,
108294,,21.939659,-37.253655,5.45,0.084,A3V,Gru,,
109789,,22.238542,-27.766908,5.45,-0.121,B7V,PsA,Lam,16
111056,,22.498047,78.824285,5.45,0.093,A3V,Cep,Rho-2,29
113357,Helvetios,22.95777,20.768832,5.45,0.666,G5V,Peg,,51
14376,,3.090747,25.255174,5.45,-0.031,B7Vn,Ari,,52
17489,Celaeno,3.746726,24.28947,5.45,-0.034,B7IV,Tau,,16
18975,,4.065723,8.197269,5.45,0.371,F2V,Tau,,
19398,,4.154954,-16.385875,5.45,-0.147,B5IV,Eri,,
19805,,4.246819,-62.191811,5.45,1.106,K0III,Ret,,
21735,,4.667616,12.197609,5.45,-0.121,B8IV,Tau,,93
25993,,5.547613,-38.513371,5.45,1.224,K2/K3III,Col,,
33384,,6.942911,-79.420193,5.45,0.041,B9.5V,Men,The,
33478,,6.95942,-24.630841,5.45,0.39,F3V,CMa,,
36616,,7.53011,17.086046,5.45,1.126,K2III,Gem,,
41323,,8.431087,-42.153072,5.45,-0.142,B3V,Pup,,
42286,,8.6219,-62.853465,5.45,1.013,K0III,Car,,
42459,,8.656626,-53.439767,5.45,-0.132,B5V,Vel,,
44405,,9.045629,24.452915,5.45,-0.041,A0III,Cnc,Nu,69
46594,,9.501421,-51.517164,5.45,-0.078,B8V,Vel,,
4288,,0.916139,23.628335,5.46,1.012,K1IV,And,,36
52595,,10.754546,-80.469597,5.46,0.957,K0III,Cha,Del-1,
56290,,11.539097,61.08252,5.46,0.515,F6V,UMa,,
56700,,11.626114,-47.747309,5.46,1.23,K2III,Cen,,
62131,,12.733481,-28.323957,5.46,1.346,K3III,Hya,,
63066,,12.922067,-42.915732,5.46,1.668,M0III,Cen,,
66634,,13.658472,52.921208,5.46,0.113,A3Vn,UMa,,82
67304,,13.794052,-50.320682,5.46,1.351,K2III,Cen,,
68940,,14.111896,-9.313515,5.46,0.347,F2IV,Vir,,95
75572,,15.438166,34.335996,5.46,1.41,K4III,Boo,,
75647,,15.455037,-36.76756,5.46,-0.15,B5V,Lup,,
79488,,16.220953,5.021086,5.46,1.472,K5III,Her,,9
81305,,16.606268,-42.858861,5.46,0.338,O9Ia,Sco,,
82676,,16.90051,-41.806389,5.46,0.176,B0.5Ia,Sco,,
92308,,18.814024,-43.680047,5.46,0.133,A2Vn,CrA,Eta-1,
92831,,18.914494,41.602723,5.46,1.034,G8III,Lyr,,
94827,,19.295454,23.02554,5.46,0.02,B0.5IV,Vul,,2
95073,,19.343246,-0.892161,5.46,-0.041,B9III,Aql,,27
95865,,19.497829,-26.985615,5.46,1.12,K1/K2III,Sgr,,
96536,,19.626227,-14.301801,5.46,0.501,F7V,Sgr,,
98194,,19.953852,40.367824,5.46,-0.09,B5V,Cyg,,
106787,,21.629285,19.318607,5.46,0.321,F1IV,Peg,,5
19009,,4.072687,24.105993,5.46,0.813,G0III...,Tau,,36
20156,,4.320339,50.048695,5.46,0.235,A7V,Per,,
21685,,4.655475,-14.359192,5.46,1.054,K0III,Eri,,
24902,,5.337409,41.086212,5.46,0.122,A3V,Aur,,
25768,,5.502632,-47.077655,5.46,0.615,G3IV,Pic,,
25861,,5.520703,3.292133,5.46,-0.176,B1.5V,Ori,,33
27196,,5.765012,49.826255,5.46,0.03,A0p...,Aur,Omi,27
27566,,5.837999,-79.361362,5.46,-0.076,B9.5V,Men,Kap,
28943,,6.108916,-23.110846,5.46,0.064,A2V,Lep,,
34624,,7.172034,-27.49152,5.46,0.998,G8III,CMa,,
34912,,7.223166,51.428745,5.46,1.64,M3III,Lyn,,
35180,,7.27071,-15.585689,5.46,0.079,A1V,CMa,,
42637,,8.688773,-78.963359,5.46,-0.101,B9IV,Cha,Eta,
46358,,9.451788,-71.601895,5.46,1.079,K2III,Car,,
46741,,9.526752,-73.080913,5.46,1.556,K4III,Car,,
4104,,0.877951,-24.005844,5.47,1.275,K1III,Cet,,
52004,,10.624187,-58.733339,5.47,0.5,A0Ia,Car,,
53781,,11.004084,45.526276,5.47,1.466,K5III,UMa,,
60044,,12.313901,75.160561,5.47,0.054,A1V,Dra,,
60941,,12.490845,24.108925,5.47,0.445,F5III,Com,,18
61071,,12.516823,24.567168,5.47,0.056,A2pvar,Com,,21
65112,,13.343843,-52.747825,5.47,-0.125,B6V,Cen,,
68581,,14.039662,-27.429773,5.47,1.331,K2/K3III,Hya,,
72582,,14.841577,37.272047,5.47,1.03,K0III-IV,Boo,,
78400,,16.005447,-16.53335,5.47,0.517,F7V,Lib,,49
84720,,17.317655,-46.636235,5.47,0.764,M0V,Ara,,
87747,,17.923663,26.049991,5.47,0.341,F2Iavar,Her,,89
89042,,18.173948,-62.002197,5.47,0.592,G0V,Pav,Iot,
89290,,18.220194,-41.336111,5.47,-0.155,B2.5III,CrA,,
90133,,18.393456,-75.044277,5.47,0.043,A0V,Oct,Phi,
90913,,18.545367,-14.865662,5.47,1.998,K3Iab,Sct,,
90923,,18.54721,30.554209,5.47,-0.077,B8IV,Lyr,,
13965,,2.997164,47.220693,5.47,0.869,G4p,Per,,
102014,,20.672174,-33.431843,5.47,1.118,K1III,Mic,,
103145,,20.898304,33.437891,5.47,1.522,K5III,Cyg,,
106044,,21.479121,-69.505386,5.47,1.553,M5III,Pav,,
110725,,22.433554,70.770898,5.47,1.216,K2III,Cep,,
110936,,22.477557,-39.131792,5.47,0.959,G8III,Gru,Nu,
16470,,3.535721,48.023476,5.47,-0.101,B8IIIp Mn,Per,,
20982,,4.500159,83.340379,5.47,0.855,G8III,Cep,,
21039,,4.510802,15.691879,5.47,0.258,Am,Tau,,81
22626,,4.868109,63.505421,5.47,1.559,M2III,Cam,,
22871,,4.919765,-74.936852,5.47,1.518,K6III,Men,Eta,
25695,,5.487916,25.150215,5.47,-0.042,B9Vn,Tau,,118
27338,,5.79061,17.729141,5.47,0.301,F0III,Tau,,130
34440,,7.139455,15.930675,5.47,1.02,G8III,Gem,,45
38639,,7.911864,47.564596,5.47,1.462,K4III,Lyn,,26
42080,,8.576711,65.14517,5.47,0.207,A2m,UMa,,2
43325,,8.827545,-40.320158,5.47,0.066,A2/A3IV,Vel,,
44961,,9.15988,-8.787648,5.47,1.002,G8II,Hya,,20
56802,,11.644449,-13.201943,5.48,0.52,F7V,Crt,Iot,24
61318,,12.562986,-9.452077,5.48,-0.035,A0V,Vir,,21
72664,,14.857362,59.293985,5.48,1.369,K4III,Dra,,
73133,,14.946142,-11.409701,5.48,1.491,K4III,Lib,Xi-2,15
76957,,15.714107,52.360903,5.48,-0.042,B9p...,Boo,,
79280,,16.180424,75.877563,5.48,-0.093,B8V,UMi,,19
80008,,16.33199,39.708584,5.48,0.41,F3IV-V,Her,,
82135,,16.779989,-39.376962,5.48,0.975,K0III,Sco,,
82402,,16.838717,7.247683,5.48,0.108,A3m,Her,,47
82960,,16.953104,-33.259492,5.48,1.606,K5III,Sco,,27
11249,,2.413627,10.610565,5.48,-0.098,B7IV,Ari,Xi,24
13265,,2.844557,-35.675849,5.48,1.259,K2III,For,Eta-3,
102497,,20.772238,-39.199262,5.48,-0.078,B8/B9V,Mic,,
103094,,20.88849,45.181673,5.48,1.088,K0II,Cyg,,
105668,,21.403192,-12.878108,5.48,0.297,F0V,Aqr,,18
105767,,21.421377,-3.556747,5.48,1.451,K4III,Aqr,,21
18141,,3.878238,-5.361259,5.48,-0.09,B8+...,Eri,,30
24679,,5.294512,-13.519826,5.48,0.932,G8IV,Lep,,
30214,,6.356865,-11.773238,5.48,0.002,B1Vpe SB,CMa,,
38048,,7.799089,-12.192705,5.48,0.478,F5+...,Pup,,5
38593,,7.903058,-35.877287,5.48,-0.175,B2V,Pup,,
42712,,8.704498,-48.09909,5.48,-0.172,B1.5Vn,Vel,,
44613,,9.090028,48.530314,5.48,0.475,F6II-III,UMa,,
3607,,0.769929,-22.522097,5.49,0.978,G8/K0III,Cet,,
7213,,1.548903,-36.865231,5.49,1.021,K1/K2III,Scl,,
8240,,1.76832,-50.816256,5.49,1.615,M3III,Phe,,
50303,,10.270677,29.310501,5.49,0.02,A0Vn,LMi,,23
52689,,10.773689,14.194645,5.49,0.908,G4III:,Leo,,52
61136,,12.527871,-59.423922,5.49,0.622,F5III,Cru,,
61724,,12.652031,21.062559,5.49,0.978,G9III,Com,,26
79672,,16.260352,-8.369442,5.49,0.652,G1V,Sco,,18
88836,,18.133959,36.401264,5.49,1.161,K2III,Her,,
89369,,18.23775,-21.713164,5.49,1.528,K2III,Sgr,,14
91004,,18.564857,-24.032283,5.49,1.795,K3III,Sgr,,24
93667,,19.073627,-31.047079,5.49,0.026,A0V,Sgr,,
97063,,19.72598,-15.470105,5.49,0.46,F5V,Sgr,,
103401,,20.948341,-9.697545,5.49,1.474,K5III,Aqr,,7
110078,,22.297409,-77.511553,5.49,0.312,F3III,Oct,Psi,
116611,,23.632445,18.400667,5.49,0.01,A1Vn,Peg,,75
117375,,23.79904,-2.761598,5.49,0.941,G8III,Psc,,20
14417,,3.102203,79.418535,5.49,1.569,F7IV comp SB,Cep,,
15338,,3.296485,44.025024,5.49,-0.06,B8V...,Per,,30
18434,,3.941303,35.080899,5.49,-0.058,B1.5V,Per,,
22263,,4.793413,-16.934456,5.49,0.632,G3V,Eri,,58
27517,,5.826817,-14.483665,5.49,0.87,G8III,Lep,,
29150,,6.149407,-22.427412,5.49,-0.01,A0V,Lep,,
37901,,7.767275,-6.772511,5.49,1.378,K5III,Mon,,
42715,,8.705278,-53.100056,5.49,-0.127,B8...,Vel,,
45526,,9.278158,-8.744759,5.49,-0.081,B9III,Hya,,24
46578,,9.498474,-26.589616,5.49,1.345,K2IIICNII,Ant,,
1647,,0.344178,-69.624913,5.5,-0.046,B9V,Tuc,Pi,
4852,,1.040674,-31.552005,5.5,0.083,A1/A2IV,Scl,Sig,
4889,,1.046971,31.804263,5.5,-0.043,B9.5V,Psc,Sig,69
6732,,1.44491,19.240422,5.5,1.106,K1III,Psc,,94
51821,,10.586905,-39.562589,5.5,3.015,C,Ant,,
52686,,10.773484,18.891523,5.5,1.134,K3III,Leo,,51
56497,,11.582473,-49.13649,5.5,1.041,K1III/IV,Cen,,
66435,,13.619731,71.242252,5.5,1.219,K2III,UMi,,
67172,,13.765644,-12.426528,5.5,0.898,G8III,Vir,,86
76106,,15.543528,-19.67046,5.5,0.197,A2IV,Lib,,
76133,,15.549427,-1.186399,5.5,1.092,K0III,Ser,,11
79199,,16.164609,-33.545805,5.5,-0.075,B8V,Sco,,
81141,,16.572044,-70.988097,5.5,1.235,K1IIICN...,Aps,,
81252,,16.595775,-65.495399,5.5,0.949,G8/K0III,TrA,The,
89065,,18.177861,3.324256,5.5,1.204,K2III,Oph,,
97077,,19.72859,25.771929,5.5,0.939,G8III,Vul,,10
9570,,2.049433,33.284135,5.5,0.029,A2V,Tri,Eps,3
100435,,20.36762,24.446099,5.5,-0.09,B8IIIn,Vul,,25
105913,,21.450454,-42.54793,5.5,0.392,Am,Mic,,
108543,,21.988307,-38.395096,5.5,0.996,K1II/III,Gru,,
115836,,23.46766,-87.482214,5.5,1.278,K2III,Oct,Tau,
15643,,3.35667,-23.635135,5.5,0.885,G8III,Eri,,
15861,,3.405132,24.724063,5.5,1.19,K4III,Ari,,64
20171,,4.323916,21.142307,5.5,-0.069,B9IV,Tau,,53
22958,,4.940052,-5.171356,5.5,-0.123,B6V,Eri,,62
23900,,5.135173,24.265175,5.5,0.03,B2V...,Tau,,103
24450,,5.245569,5.156151,5.5,1.369,K4III,Ori,,
25950,,5.537262,17.058128,5.5,-0.004,B7III,Tau,,
29064,,6.13135,-42.154043,5.5,0.007,A0V,Col,Pi-2,
34000,,7.054195,-59.178109,5.5,-0.125,B9IV,Car,,
35564,,7.339288,-52.311524,5.5,0.483,F2,Car,,
49005,,9.997695,56.811807,5.5,1.487,K5III,UMa,,
2802,,0.594767,-48.000907,5.51,0.461,F6V,Phe,Lam-2,
3675,,0.783738,11.973849,5.51,0.987,G8II,Psc,,58
5346,,1.1395,5.649819,5.51,0.334,F0III-IV,Psc,,80
6748,,1.447657,-13.056512,5.51,0.321,F0V,Cet,,47
52221,,10.669848,-65.100209,5.51,-0.158,B9p Si,Car,,
52422,,10.717191,26.325577,5.51,0.16,A4Vn,LMi,,40
54029,,11.054133,-11.30347,5.51,0.938,G7III...,Crt,,
59232,,12.148497,-41.231605,5.51,-0.097,B3IV,Cen,,
67250,,13.783277,38.542697,5.51,1.036,K0III+...,CVn,,
70915,,14.502399,-45.321355,5.51,-0.087,B8Vn,Lup,,
73193,,14.959236,-0.167612,5.51,1.131,K1III,Vir,,
75049,,15.335714,29.616209,5.51,1.015,K0III,CrB,Omi,1
82480,,16.856925,1.215947,5.51,0.055,A2Vs,Oph,,21
84835,,17.339203,46.24078,5.51,1.586,M0III,Her,,74
87308,,17.839692,29.322143,5.51,1.071,K1III,Her,,
92549,,18.859712,52.975117,5.51,0.843,G9IVa,Dra,,
92630,,18.874229,-46.595119,5.51,1.641,M0III,Tel,,
93225,,18.989945,-12.840517,5.51,-0.038,B4V,Sgr,,
93340,,19.012072,55.658301,5.51,0.862,G5IIbCN...,Dra,,49
94437,,19.220979,-12.282584,5.51,1.442,K3III,Sgr,,
97260,,19.767005,-31.908571,5.51,0.024,B8III,Sgr,,
98325,,19.977216,30.983665,5.51,-0.06,B9Vn,Cyg,,
10642,,2.283068,-6.422116,5.51,0.962,G8III,Cet,,67
98823,,20.068976,7.277966,5.51,1.063,K0III,Aql,Tau,63
99404,,20.175982,26.904169,5.51,0.087,A3III,Vul,,18
99518,,20.19666,26.80899,5.51,1.397,K3II-III,Vul,,19
103527,Musica,20.973871,10.839286,5.51,0.934,G6III:,Del,,18
105259,,21.321025,58.623502,5.51,1.114,B3Vv comp,Cep,,
107235,,21.718465,41.15497,5.51,1.615,M2III,Cyg,,
111062,,22.499427,4.43169,5.51,0.385,F5IVs,Peg,,37
113532,,22.993266,-29.462311,5.51,0.271,F0V,PsA,,
14131,,3.037615,-71.902457,5.51,-0.125,B8III/IV,Hyi,The,
15201,,3.265951,-77.388454,5.51,0.438,F4III,Hyi,Iot,
19388,,4.152768,19.609217,5.51,1.077,K2III,Tau,Ome-1,43
20860,,4.470359,83.80779,5.51,-0.106,B5V,Cep,,
23043,,4.956206,17.153677,5.51,1.304,K1III,Tau,,
29941,,6.303813,-19.966974,5.51,-0.163,B2/B3V,CMa,,
41451,,8.45466,-70.093482,5.51,-0.024,A0V,Vol,,
47267,,9.633736,-43.190944,5.51,0.985,G8II,Vel,,
7978,,1.708125,-53.740834,5.52,0.551,F8V,Eri,,
50456,,10.302109,-28.992,5.52,0.277,B9.5Ib/II,Ant,,
50935,,10.40239,33.718531,5.52,1.186,K1III,LMi,,28
51384,,10.495037,84.252009,5.52,0.244,F0IV,Cam,,
54336,,11.115058,1.955525,5.52,0.955,G9IIICN...,Leo,,65
60170,,12.3388,26.619482,5.52,1.091,K2III-IV,Com,,
66091,,13.547679,-15.363012,5.52,1.228,K1III,Vir,,75
73497,,15.022174,-2.754927,5.52,1.692,M0III,Lib,,
73634,,15.051683,35.205795,5.52,1.023,G8III:,Boo,,
74732,,15.273059,-22.399416,5.52,1.357,K2III,Lib,,
85385,,17.44698,20.080977,5.52,-0.119,B5V,Her,,
88816,,18.130095,-17.154159,5.52,1.132,K0III,Sgr,,
90124,,18.39134,-36.237987,5.52,1.015,K0III,Sgr,,
94789,,19.286729,-66.661048,5.52,0.17,A4IV/V,Pav,,
13327,,2.858218,15.082071,5.52,-0.099,B7V,Ari,Sig,43
102916,,20.850211,-37.913332,5.52,1.38,K3III,Mic,,
107835,,21.846448,-69.629416,5.52,1.378,M0III,Ind,Omi,
107975,,21.874978,28.793538,5.52,0.426,F6IVwvar,Peg,,15
109474,,22.177462,70.132573,5.52,0.391,F2V,Cep,,
110817,,22.451475,65.13227,5.52,0.302,B0.5Ib,Cep,,26
112381,,22.761331,-46.547328,5.52,1.302,K3III,Gru,,
17738,,3.7989,-30.167882,5.52,0.973,G6III,For,Rho,
19335,,4.143497,38.039733,5.52,0.52,F7V,Per,,50
22854,,4.917537,55.259109,5.52,0.015,B9.5V,Cam,,5
24555,,5.267815,11.341354,5.52,-0.012,A0V,Ori,,18
25555,,5.462669,15.874052,5.52,0.015,B9.5Vn,Tau,,116
28098,,5.939151,-31.38244,5.52,0.382,F2III,Col,Sig,
31583,,6.609814,-5.211143,5.52,-0.082,B8V,Mon,,
39360,,8.045774,-41.309828,5.52,-0.152,Ap Si,Pup,,
39566,,8.084363,-53.107921,5.52,1.347,K3/K4III,Car,,
40282,,8.226178,-50.196072,5.52,1.651,M1III,Vel,,
41152,,8.396809,53.219712,5.52,0.125,A3V,Lyn,,
41395,,8.444987,-12.534602,5.52,1.167,K1/K2III,Pup,,
107,,0.022255,-50.337373,5.53,1.615,M2III,Phe,,
8704,,1.866476,55.147385,5.53,-0.175,B1.5V,Per,,1
49065,,10.012191,-82.21467,5.53,0.035,A0IV,Cha,Mu-1,
58159,,11.927926,15.646818,5.53,0.116,A3V,Leo,,95
63950,,13.106278,22.616187,5.53,1.461,M5III,Com,,40
67819,,13.892437,-35.664248,5.53,0.444,F3V,Cen,,
69462,,14.221226,-53.665674,5.53,1.438,K5III+...,Cen,,
69536,,14.234773,12.959444,5.53,0.537,F6IV,Boo,,14
69658,,14.256691,-18.20069,5.53,0.001,A0V,Vir,,
76126,,15.548673,-16.852844,5.53,-0.148,B3V,Lib,Zet-4,35
77464,,15.815777,-3.818513,5.53,0.12,A5IV,Lib,,
78436,,16.013231,-8.411353,5.53,0.043,A0Vs,Lib,,50
79980,,16.325758,-30.906716,5.53,0.466,F5IV,Sco,,
80460,,16.42338,37.394079,5.53,0.174,A5V,Her,,25
81290,,16.603174,52.900048,5.53,-0.06,B9.5Vn,Dra,,16
83057,,16.971651,-50.641185,5.53,0.016,B9IV,Ara,,
84551,,17.284349,-32.66284,5.53,0.514,F6V,Sco,,
86698,,17.714194,-36.945564,5.53,1.553,K5III,Sco,,
89020,,18.168281,-30.728666,5.53,0.979,K1III + (F),Sgr,,
93843,,19.11048,28.628595,5.53,0.296,F0III,Lyr,,
94982,,19.327597,12.37468,5.53,0.265,F0III,Aql,,28
12107,,2.600013,-7.831597,5.53,1.607,M0III,Cet,,80
102066,,20.684039,32.307287,5.53,0.871,G8IIb,Cyg,,49
103981,,21.067979,-5.823066,5.53,0.683,G4,Aqr,,12
106227,,21.51647,60.459432,5.53,0.102,B1II,Cep,,
107586,,21.790362,60.692689,5.53,1.575,M1III,Cep,,12
109745,,22.230339,45.440613,5.53,0.021,A0III,Lac,,
110529,,22.391901,-24.762661,5.53,0.979,K0IIICN...,Aqr,,49
113148,,22.912632,-16.271957,5.53,1.111,K1III,Aqr,,77
113969,,23.08116,-68.820226,5.53,0.395,F4III,Ind,,
115713,,23.44349,-52.721603,5.53,0.409,F4V,Gru,Omi,
15330,,3.295903,-62.575322,5.53,0.641,G2V,Ret,Zet-1,
17167,,3.677315,-5.210706,5.53,-0.145,B9IIIp Si,Eri,,22
20789,,4.454847,22.996337,5.53,-0.098,B7V,Tau,,72
20884,,4.475589,1.380821,5.53,-0.099,B3V,Tau,,
21949,,4.717764,-70.931027,5.53,-0.114,B9IV,Men,Mu,
22028,,4.73555,-18.666586,5.53,0.025,A1V,Eri,,
25853,,5.518785,-20.863659,5.53,0.012,A0V,Lep,,10
26382,,5.617704,17.040324,5.53,0.237,F0V,Tau,,122
30651,,6.440514,56.285096,5.53,0.238,A3m,Lyn,,
40035,,8.177731,-13.799207,5.53,0.488,F7V,Pup,,18
813,,0.167278,11.145813,5.54,-0.064,B9V,Psc,,34
7535,,1.61831,12.141535,5.54,0.347,F0V,Psc,Pi,102
56146,,11.508065,18.409801,5.54,1.056,K0III,Leo,,86
57013,,11.688836,-43.095667,5.54,0.044,A0V,Cen,,
58576,,12.012347,-10.446014,5.54,0.76,K0IV,Vir,,
60212,,12.347461,57.864118,5.54,1.452,K5III,UMa,,70
75127,,15.352114,-5.824853,5.54,1.047,K1III,Lib,,
77390,,15.798078,-65.442291,5.54,0.231,A5,TrA,,
78132,,15.954048,14.41448,5.54,1.141,K1IV,Ser,Phi,
84183,,17.209047,62.874337,5.54,0.216,F0IV,Dra,,
86019,,17.579542,-11.241999,5.54,0.013,B8Vn,Ser,,
86623,,17.699621,15.95243,5.54,0.387,F4Vw,Her,,
97765,,19.867109,24.992162,5.54,0.68,A1Iab,Vul,,
98234,,19.962624,16.789163,5.54,-0.048,B9III,Sge,,11
103298,,20.927381,12.568558,5.54,0.131,A4V,Del,,16
103598,,20.990377,59.438594,5.54,1.411,K4III,Cep,,
108339,,21.948992,12.076492,5.54,0.054,A2Vnn,Peg,,17
115054,,23.302739,-40.824361,5.54,0.445,F5V,Gru,Phi,
25143,,5.380644,41.02926,5.54,0.127,A3V,Aur,,
27581,,5.841363,14.305608,5.54,1.006,G9III:,Tau,,135
28524,,6.021194,-33.911835,5.54,1.58,K5III,Col,,
29263,,6.169558,-40.353792,5.54,1.665,M2II/III,Col,,
29842,,6.283675,-37.737445,5.54,1.129,K2III,Col,,
32609,,6.803407,55.704195,5.54,,F5V:+...,Lyn,,
35136,,7.263925,47.239964,5.54,0.576,G0V,Lyn,,
36039,,7.42727,-79.094188,5.54,1.281,K2/K3III,Men,Eps,
45219,,9.215452,-59.413928,5.54,0.846,G6II,Car,,
476,,0.094989,13.396266,5.55,0.901,G5III,Peg,,86
2661,,0.561401,-29.558278,5.55,1.262,K1III,Scl,,
3885,,0.831433,27.710286,5.55,0.398,F5III+...,Psc,,65
5132,,1.094919,21.465442,5.55,-0.048,A0Vn,Psc,Psi-1,74
7617,,1.635435,57.977631,5.55,1.388,G5II,Cas,,
52136,,10.651581,53.6683,5.55,1.27,K3III,UMa,,
55657,,11.4031,-72.256608,5.55,0.017,B2IV-V,Mus,,
62608,,12.829154,-71.98626,5.55,1.154,G8Ib/II,Mus,,
67057,,13.741618,-16.179072,5.55,0.805,G1IV/V,Vir,,83
70054,,14.336029,-43.058843,5.55,0.907,G8III,Lup,,
71419,,14.605288,-46.245451,5.55,1.489,K3III,Lup,,
71837,,14.695423,11.660662,5.55,0.941,G8III,Boo,,32
80480,,16.42874,78.963854,5.55,0.249,F0V,UMi,,
81754,,16.698247,-19.924377,5.55,0.436,F3V,Oph,,
82171,,16.788795,-58.341441,5.55,-0.096,B0Iab,Ara,,
84949,,17.362116,39.974649,5.55,0.667,F9Vn...,Her,,
96014,,19.522039,50.306706,5.55,1.274,K1III,Cyg,,
11432,,2.457715,31.80128,5.55,1.114,K1III:,Tri,,11
103005,,20.869082,-5.507059,5.55,-0.076,B9III,Aqr,,5
103519,,20.972067,44.471711,5.55,0.973,G8III,Cyg,,
104177,,21.107087,-41.385965,5.55,1.35,K3III,Mic,Eta,
108772,,22.034604,58.000366,5.55,0.017,O9V,Cep,,14
108868,,22.054572,-6.522406,5.55,0.959,K0III,Aqr,,30
110778,,22.442853,-16.742138,5.55,0.618,G3V,Aqr,,53
113669,,23.02205,-28.85396,5.55,1.349,K3III,PsA,,
114831,,23.260477,70.88808,5.55,0.263,F0IV,Cep,,
116354,,23.577095,40.236441,5.55,0.096,A1III,And,,15
117299,,23.783866,57.451359,5.55,1.63,K3II,Cas,,
14915,,3.207324,6.660883,5.55,1.011,K1IIIpe+...,Cet,,
15696,,3.36997,27.607553,5.55,1.1,G5III,Ari,,62
17103,,3.664201,3.056863,5.55,0.931,G6III:,Tau,,12
17203,,3.685515,37.580198,5.55,-0.062,B7Vn,Per,,
20234,,4.336531,50.920933,5.55,-0.031,B1.5IV,Per,,
24738,,5.304359,42.792111,5.55,1.492,M4III,Aur,,
27955,,5.91458,-39.957857,5.55,1.515,M0III,Col,,
30143,,6.3434,-34.144144,5.55,-0.182,B3V,Col,,
30720,,6.454331,-0.275999,5.55,1.376,K5III,Mon,,
30728,,6.455681,2.908288,5.55,1.035,G9III,Mon,,
34267,,7.103222,34.473967,5.55,0.909,G8IV,Gem,,
36258,,7.466434,-29.155896,5.55,-0.048,B9Vsp...,Pup,,
37521,,7.700894,14.208503,5.55,1.642,M3Sv,Gem,,
40793,,8.32562,75.756907,5.55,0.902,G8III,Cam,,
43496,,8.859559,-7.177226,5.55,0.15,A4m,Hya,,15
4440,,0.946377,60.362836,5.56,-0.054,B8V,Cas,,
5310,,1.132544,20.739113,5.56,0.121,A3V,Psc,Psi-2,79
5566,,1.190428,64.202677,5.56,-0.052,B9.5V,Cas,,
56770,,11.639056,43.625429,5.56,0.348,F2II-III,UMa,,59
57870,,11.869537,-56.987741,5.56,0.069,B4III,Cen,,
60735,,12.447692,-32.830121,5.56,0.007,B9V,Hya,,
66753,,13.682257,-85.786043,5.56,0.183,A2m...,Oct,Kap,
70492,,14.418426,-68.195333,5.56,0.435,A3Ib,Cir,,
75257,,15.377048,39.581463,5.56,1.626,K4III,Boo,,
83692,,17.105014,22.084153,5.56,1.299,K4III,Her,,
86667,,17.707879,24.564058,5.56,1.436,K4III,Her,,83
89482,,18.260772,42.159345,5.56,-0.111,B7IV,Lyr,,
92882,,18.92528,-16.376635,5.56,0.445,F5/F6IV/V,Sgr,,
93051,,18.954608,2.535346,5.56,0.004,B9IIIp...,Ser,,64
93996,,19.137973,-19.290289,5.56,-0.087,B2V,Sgr,,
97961,,19.908632,24.319388,5.56,-0.018,A0III,Vul,,
13951,,2.994767,-2.464952,5.56,-0.072,B9.5V,Eri,,5
110935,,22.477091,-67.489059,5.56,0.208,A3V,Ind,,
114822,,23.259516,-3.49638,5.56,0.062,A3V,Aqr,,
115142,,23.323327,-5.124352,5.56,0.386,F3IV,Aqr,,96
115395,,23.375702,60.133485,5.56,1.679,K3II,Cas,,
115591,,23.41412,32.384882,5.56,-0.075,B9III,Peg,,67
115746,,23.44999,87.307504,5.56,0.25,A7IV,Cep,,
16780,,3.599352,-11.193782,5.56,0.915,G7III:,Eri,,
17506,,3.749027,-0.29672,5.56,1.411,K4III,Eri,,25
21743,,4.668557,-24.482368,5.56,0.926,G6/G8III,Eri,,
25608,,5.470926,-37.230767,5.56,0.026,A0V,Col,,
29205,,6.15959,-14.584619,5.56,1.15,K2III,Lep,,
30321,,6.37729,-69.984043,5.56,1.51,K5III,Dor,Pi-1,
34065,,7.065928,-43.608039,5.56,0.624,G3V...,Pup,,
41400,,8.445539,12.654612,5.56,1.608,M3III,Cnc,,27
42535,,8.671521,-53.015398,5.56,-0.125,B7Vn,Vel,,
44299,,9.022462,-41.864254,5.56,-0.135,B5V,Vel,,
45189,,9.20848,-43.613262,5.56,-0.107,B8V,Vel,,
45924,,9.36416,-42.19486,5.56,1.637,M3Ib,Vel,,
46982,,9.575736,-5.914948,5.56,1.159,K1III,Hya,,33
47717,,9.728406,-53.891282,5.56,-0.042,A0V,Vel,,
48310,,9.848775,-62.745116,5.56,1.316,K1IIICN...,Car,,
531,,0.10737,64.196168,5.57,-0.023,B9III,Cas,,10
729,,0.150672,18.211963,5.57,1.043,G9III,Peg,,87
2711,,0.574374,-52.37309,5.57,0.472,F3IV-V,Phe,,
2941,,0.622393,-24.767267,5.57,0.715,K1V+...,Cet,,
3741,,0.800296,-21.722492,5.57,-0.058,B9V,Cet,,
5454,,1.163667,19.658408,5.57,0.697,G0III,Psc,Psi-3,81
5589,,1.194829,65.018854,5.57,-0.072,B9IV,Cas,,32
7965,,1.705688,68.043021,5.57,-0.049,A0p SiSr,Cas,,43
9313,,1.994118,-42.030532,5.57,1.052,K1III,Phe,,
51376,,10.493161,-30.607065,5.57,-0.041,B9/B9.5V,Ant,Del,
51685,,10.558587,34.988695,5.57,0.029,A2Vn,LMi,,34
53064,,10.856594,59.320119,5.57,1.16,K2III,UMa,,42
61968,,12.699199,6.806617,5.57,0.002,A2V,Vir,,31
64122,,13.142352,-8.984385,5.57,1.178,K3III,Vir,,
66640,,13.659616,10.746269,5.57,0.348,F0V,Boo,,
70243,,14.372145,-34.786792,5.57,-0.088,B8V,Cen,,
76996,,15.721161,-84.465273,5.57,0.118,A2V,Oct,Rho,
77048,,15.73314,32.515807,5.57,1.076,G9III:,CrB,Pi,9
77163,,15.756523,5.447315,5.57,0.035,A1V,Ser,,
79153,,16.155154,-57.934318,5.57,-0.024,B9V,Nor,Iot-2,
81702,,16.689004,-48.762957,5.57,0.169,O5,Ara,,
82925,,16.946677,-23.150346,5.57,-0.018,A0V,Oph,,24
85749,,17.522593,2.724507,5.57,0.844,G8III,Oph,,
89008,,18.166387,36.466284,5.57,0.915,G8III,Her,,
95564,,19.438654,-21.776693,5.57,1.228,K1/K2III,Sgr,,50
95822,,19.489487,14.596019,5.57,1.05,K0III,Aql,,
10418,,2.237366,-67.841441,5.57,1.556,M1III,Hyi,Pi-1,
10535,,2.261884,25.043043,5.57,0.52,F6V,Ari,,21
10944,,2.349499,50.151466,5.57,-0.089,B9p Si,And,,63
102633,,20.796759,6.008209,5.57,-0.01,A0V,Del,,13
106429,,21.556534,-44.8487,5.57,1.044,K0III,Gru,,
107517,,21.775583,-11.365954,5.57,-0.002,A1V,Cap,Lam,48
107649,,21.804363,-47.303615,5.57,0.601,G2V,Gru,,
108845,,22.049074,44.649863,5.57,-0.029,A0IV,Cyg,,
114622,,23.221098,57.168355,5.57,1.0,K3Vvar,Cas,,
118077,,23.952356,55.705705,5.57,0.478,G8Ib,Cas,,
16263,,3.493341,-12.674737,5.57,0.171,A5III/IV,Eri,,
22393,,4.820235,31.437375,5.57,1.132,K2III,Aur,,
31277,,6.560046,14.155163,5.57,1.105,K2III:,Gem,,
38152,,7.818533,-56.41036,5.57,1.116,G5II,Car,,
43903,,8.943741,64.603831,5.57,0.877,G6III,UMa,,6
47168,,9.611903,31.161734,5.57,1.594,M2III,Leo,,
124,,0.026949,61.222801,5.58,0.407,F0III,Cas,,
1921,,0.404348,52.019914,5.58,-0.11,B5IV,Cas,,
5164,,1.10143,-9.839354,5.58,0.009,A1V,Cet,,28
7679,,1.647718,-21.275384,5.58,0.346,F0V,Cet,,
51140,,10.446924,-54.877302,5.58,1.556,K3II/III,Vel,,
51364,,10.491383,-29.663832,5.58,1.42,K3III,Hya,,
54327,,11.113866,-70.87793,5.58,-0.07,B2V,Car,,
55765,,11.426771,16.456539,5.58,0.39,F2V,Leo,,81
58110,,11.917537,8.443943,5.58,0.937,K0III:,Vir,,6
61296,,12.559516,-12.830203,5.58,0.861,G8III/IV,Crv,,
63738,,13.062808,-20.583497,5.58,0.554,F7V,Vir,,
70791,,14.477197,49.844851,5.58,0.864,G3IV,Boo,,24
87569,,17.889853,-34.895125,5.58,1.098,K3III,Sco,,
89487,,18.261289,-63.055366,5.58,0.944,K0III/IV,Pav,,
90260,,18.417066,-30.75657,5.58,1.138,K0III,Sgr,,18
92728,,18.895433,36.971721,5.58,-0.138,B2.5V,Lyr,Del-1,11
92872,,18.92429,6.61529,5.58,1.041,G9III,Aql,,
94624,,19.255581,15.083651,5.58,1.067,G8II-III,Aql,,
10732,,2.302094,19.901164,5.58,0.011,A1Vn,Ari,The,22
13702,,2.940596,18.023119,5.58,0.471,F6V,Ari,Rho-3,46
100108,,20.307958,36.999803,5.58,0.056,A2V,Cyg,,36
100437,,20.368156,45.794994,5.58,1.077,K0IIIvar,Cyg,,
105411,,21.351217,23.855966,5.58,1.057,K1III,Peg,,
109352,,22.153789,33.172337,5.58,0.985,G6III:,Peg,Pi-1,27
109737,,22.229008,-25.180905,5.58,0.497,F7II,PsA,,
114924,,23.278405,53.213476,5.58,0.556,F7V,Cas,,
115271,,23.347097,30.414921,5.58,1.501,M0III,Peg,,63
16210,,3.4812,49.848384,5.58,-0.054,B6Vn,Per,,
20219,,4.332695,14.035201,5.58,0.283,F3V...,Tau,,57
20995,,4.502388,15.63784,5.58,0.324,F0V...,Tau,,80
22531,,4.848706,-53.461508,5.58,0.341,F0IV...,Pic,Iot,
31079,,6.521744,-51.825953,5.58,0.534,F8V,Car,,
35044,,7.247546,-27.037996,5.58,1.22,K3III,CMa,,
37204,,7.64246,35.04855,5.58,0.921,K0III,Gem,,70
37441,,7.686782,48.131533,5.58,1.011,K0III,Lyn,,
40944,,8.355895,-20.079058,5.58,0.771,A3V,Pup,,
41377,,8.44103,27.893583,5.58,1.421,K5III,Cnc,Phi-1,22
47963,,9.775104,-44.75506,5.58,-0.176,B2.5IV,Vel,,
377,,0.078131,-71.436891,5.59,-0.1,B8III,Tuc,,
2497,,0.528105,52.839526,5.59,1.163,K2III,Cas,,
3849,,0.823782,-13.561274,5.59,1.325,K3III,Cet,,
4283,,0.914667,83.707435,5.59,0.105,A4V,Cep,,
4770,,1.02174,-38.916527,5.59,1.185,K1III,Scl,Xi,
49569,,10.119305,-17.141733,5.59,1.49,K4III,Hya,,
50241,,10.258767,-43.112369,5.59,1.52,K4III,Vel,,
51491,,10.516622,-13.58847,5.59,-0.028,B8/B9IV/V,Hya,,
58326,,11.961118,-62.448748,5.59,-0.152,B3V,Cru,,
58427,,11.979907,-64.33956,5.59,0.174,A3Ib,Cru,,
58654,,12.027635,36.042086,5.59,1.019,K0III,UMa,,
63972,,13.109743,-41.588443,5.59,1.05,K0II/III,Cen,,
72833,,14.887097,-73.190071,5.59,0.82,G5III,Aps,,
73841,,15.090515,48.150972,5.59,-0.005,A1V,Boo,,47
74950,,15.315661,-40.788222,5.59,-0.099,B9V,Lup,,
78106,,15.948366,-33.964281,5.59,0.072,B9V,Lup,Xi-2,
94727,,19.275287,4.834795,5.59,0.101,A3IV,Aql,,22
94986,,19.327776,-35.421452,5.59,-0.122,B4III,Sgr,,
95077,,19.34393,-22.402535,5.59,0.276,A6:m...,Sgr,,
96178,,19.556007,-45.271748,5.59,-0.02,A0p,Tel,,
9573,,2.050052,64.390018,5.59,0.325,B8Ib,Cas,,53
13665,,2.932452,61.521138,5.59,0.445,F4V,Cas,,
100261,,20.334998,68.880317,5.59,1.472,M5III,Dra,,
101716,,20.617964,26.461947,5.59,-0.05,B9V,Vul,,27
102253,,20.719722,66.657447,5.59,0.218,A8V,Cep,,4
103530,,20.975009,50.461791,5.59,-0.144,B5Vn,Cyg,,
105769,,21.422083,46.714341,5.59,0.335,F0V,Cyg,,
117683,,23.866066,2.930384,5.59,1.527,K4II,Psc,,22
118277,,23.991082,-29.485168,5.59,1.599,K5III,Scl,,
17395,,3.726065,-10.485661,5.59,0.216,A5m,Eri,,
19095,,4.093728,-27.651807,5.59,0.324,F0IV/V,Eri,,
21479,,4.612677,-62.077154,5.59,1.5,M8e,Dor,,
31457,,6.590061,-36.779879,5.59,-0.13,A0V,Col,,
33575,,6.976639,-25.414157,5.59,-0.162,B2V,CMa,,
35615,,7.349524,-14.360489,5.59,0.971,G8/K0III,CMa,,
36723,,7.553241,3.290379,5.59,0.321,F2V,CMi,Del-2,8
38908,,7.962946,-60.303072,5.59,0.573,G2V...,Car,,
40678,,8.304832,-35.451703,5.59,1.246,K2III,Pup,,
43499,,8.860145,-57.633577,5.59,-0.102,B8III,Car,,
45001,,9.16567,-30.365401,5.59,0.179,A4IV,Pyx,Eps,
5626,,1.204601,79.673963,5.6,0.008,A3V,Cep,,
6514,,1.394612,37.714943,5.6,0.276,A1m,And,,47
51046,,10.428964,-7.059829,5.6,1.528,M0.5III,Sex,,
59501,,12.202581,20.542064,5.6,0.961,K0II-III,Com,,5
65072,,13.3386,40.150548,5.6,1.204,K1III,CVn,,23
66198,,13.568698,55.348434,5.6,-0.014,A0V,UMa,,81
82028,,16.756255,15.745289,5.6,1.637,M3III,Her,,
84401,,17.255346,-33.54842,5.6,-0.056,O9,Sco,,
92382,,18.826388,-43.434102,5.6,-0.077,B9IV,CrA,Eta-2,
95560,,19.437013,20.097733,5.6,-0.006,A0V,Vul,,5
97757,,19.866408,47.027339,5.6,-0.078,O9.5Ia,Cyg,,
97980,,19.912444,0.273627,5.6,0.098,A0III,Aql,,58
10723,,2.3004,1.757802,5.6,0.588,G0.5IV,Cet,,
,,2.659463,-11.871068,5.6,,F5 V,Cet,,
100469,,20.374305,-42.049548,5.6,0.002,A0V,Sgr,Kap-1,
102635,,20.797025,47.831869,5.6,1.466,K5III,Cyg,,
104371,,21.144135,30.205637,5.6,-0.048,B9V,Cyg,,
108691,,22.01806,0.604715,5.6,1.279,K4III:,Aqr,,28
110986,,22.485551,9.129034,5.6,1.578,K5III,Peg,,36
113281,,22.939897,41.603876,5.6,-0.149,B2IV,Lac,,16
114254,,23.139186,-28.823697,5.6,0.882,G8III,Scl,,
115620,,23.422062,-56.848985,5.6,1.063,K0III,Tuc,,
115770,,23.45458,70.359782,5.6,0.163,A6IV,Cep,,
17460,,3.742062,36.460103,5.6,0.062,A2m,Per,,
24169,,5.189686,-11.849089,5.6,1.35,M6.2III,Lep,,
25329,,5.417151,-10.328887,5.6,1.543,K5III,Ori,,
26093,,5.565079,14.305578,5.6,-0.118,B3V,Ori,,35
26215,,5.587011,10.240093,5.6,0.149,B9IIIMNp...,Ori,,
27629,,5.849475,27.967861,5.6,0.978,G7III:,Tau,,
27743,,5.872859,14.171787,5.6,-0.053,B9p...,Tau,,137
30342,,6.382179,-56.369969,5.6,0.242,Am,Pic,Nu,
31167,,6.539758,-5.86882,5.6,0.256,F0Vnn+...,Mon,,
32531,,6.78853,-55.539988,5.6,1.549,K5III,Car,,
36186,,7.452219,-17.864861,5.6,0.314,F2V,CMa,,
36388,,7.488519,-1.905329,5.6,1.493,K5III,Mon,,
37623,,7.719996,-36.050089,5.6,-0.13,B5V,Pup,,
38253,,7.836271,-9.183441,5.6,1.446,K3III,Mon,,
39177,,8.013141,17.308703,5.6,1.317,K3III,Cnc,,3
41375,,8.440891,-3.987479,5.6,0.218,A5III-IV,Hya,,2
44883,,9.14505,-8.589524,5.6,-0.057,B9.5III,Hya,,19
46221,,9.423343,-5.117394,5.6,1.523,K5III,Hya,,28
,,9.736603,-27.769033,5.6,,F8 V,Ant,,
1728,,0.362853,-20.058024,5.61,1.58,M5/M6Ib/II,Cet,,
51008,,10.420887,8.784845,5.61,1.63,M2IIIs,Leo,,44
52965,,10.832506,-34.058183,5.61,0.038,A1V,Ant,,
63121,Cor Caroli B,12.933468,38.314912,5.61,0.337,F0V,CVn,Alp-1,12
66656,,13.663488,-40.051708,5.61,1.301,K2/K3III,Cen,,
67384,,13.81076,31.190206,5.61,1.032,K0III,CVn,,
69598,,14.245191,-41.837495,5.61,0.929,G8III,Cen,,
72323,,14.789599,-25.624267,5.61,-0.043,B9IV/V,Hya,,55
77286,,15.77895,-34.682454,5.61,-0.117,B8V,Lup,,
78276,,15.982697,36.643773,5.61,1.529,K5III,CrB,,
79689,,16.263834,-57.91235,5.61,0.137,A5III,Nor,,
80953,,16.529786,45.598281,5.61,0.125,A4Vn,Her,,
85922,,17.55829,-5.744803,5.61,0.187,A5V,Oph,,
87044,,17.785568,17.697014,5.61,0.036,A1V,Her,,
89925,,18.349158,29.858925,5.61,0.231,A5m,Her,,108
9622,,2.061247,-4.103516,5.61,1.589,K5Iab:,Cet,,
108693,,22.018152,13.119823,5.61,0.336,F4III,Peg,,20
112864,,22.856268,61.69674,5.61,0.775,G2IV+...,Cep,,
15154,,3.255677,30.556689,5.61,0.012,A1Vs,Ari,,
18647,,3.991703,-12.574425,5.61,1.479,K4III,Eri,,
20922,,4.485257,-13.04837,5.61,-0.202,B2V:ne,Eri,,
23554,,5.064797,-24.388151,5.61,0.094,A2IV,Lep,,
30436,,6.398866,-25.577629,5.61,1.561,K5III,CMa,,
31897,,6.667474,-80.813593,5.61,0.214,A5III,Men,Zet,
38200,,7.826502,-33.28895,5.61,1.617,M0III,Pup,,
41211,,8.409726,-3.75124,5.61,0.478,F3V,Hya,,1
41723,,8.507948,-32.159285,5.61,1.509,K3III,Pyx,,
45920,,9.363909,-55.514686,5.61,0.19,A3IVs...,Vel,,
47570,,9.700098,39.757851,5.61,0.951,G8III,Lyn,,43
4587,,0.978852,-11.379975,5.62,0.949,G7III,Cet,Phi-4,23
7345,,1.57716,-15.676359,5.62,0.066,A1V,Cet,,49
57791,,11.85062,-5.333332,5.62,1.058,K0IV,Vir,,
73111,,14.942239,-47.879198,5.62,-0.035,B+...,Lup,,
74689,,15.263633,0.372139,5.62,0.181,A4V,Ser,,4
79358,,16.196682,36.425094,5.62,1.352,K3III SB,CrB,,
81733,,16.694507,-49.651552,5.62,-0.043,B1II,Ara,,
87777,,17.930781,22.464221,5.62,1.249,K3III,Her,,
91139,,18.591777,23.60553,5.62,1.015,G8III,Her,,
92969,,18.940481,65.258084,5.62,0.938,G8III,Dra,,
98863,,20.076715,32.218598,5.62,0.76,B1.5Ia comp,Cyg,,
107773,,21.833369,-64.712537,5.62,1.018,K1III,Ind,,
109081,,22.097496,-59.636072,5.62,1.468,K4III,Ind,Kap-2,
110506,,22.385535,-45.928488,5.62,0.372,F3III-IV,Gru,Pi-2,
114132,,23.114894,-38.892293,5.62,0.006,A0V,Gru,Ups,
14143,,3.039588,4.352884,5.62,-0.107,B7V,Cet,,93
15383,,3.306229,-0.930288,5.62,1.05,K1IV,Cet,,95
16489,,3.53882,84.91104,5.62,0.894,G3IIp...,Cep,,
18471,,3.947798,22.477971,5.62,0.345,F2IV,Tau,,32
19011,,4.072977,-12.792295,5.62,1.062,K1III,Eri,,
26882,,5.707347,65.697649,5.62,1.249,K5III,Cam,,
27766,,5.875883,-37.631063,5.62,1.046,K1III,Col,,
27938,,5.912119,-11.774192,5.62,1.523,K3 comp,Lep,,
29716,,6.259518,-0.512189,5.62,0.506,F6V,Ori,,
30444,,6.400281,-36.707764,5.62,1.027,K1II/III,Col,,
31362,,6.576481,-32.716255,5.62,-0.085,B9V,CMa,,
32385,,6.758664,-30.94898,5.62,-0.138,B+...,CMa,,
37751,,7.742825,-24.674079,5.62,-0.191,B2II,Pup,,
38375,,7.861952,-21.173662,5.62,0.956,K0III,Pup,,
38656,,7.91482,-57.302806,5.62,1.298,K3/K4III,Car,,
40240,,8.21913,29.656536,5.62,-0.073,B9p SiCr,Cnc,,15
42795,,8.720091,12.680876,5.62,0.435,A3V+...,Cnc,,45
47199,,9.619413,-32.178646,5.62,1.023,K1III,Ant,,
48348,,9.855481,-46.193871,5.62,1.166,K2III,Vel,,
7825,,1.677674,43.297687,5.63,0.214,A9IV:,And,,
7943,,1.700968,35.245707,5.63,-0.059,B9IV-V,Tri,,
8362,,1.795668,63.852501,5.63,0.804,K0V,Cas,,
52407,,10.711997,-32.715673,5.63,0.006,A0V,Ant,,
56510,,11.584695,54.785419,5.63,1.032,K0III,UMa,,
61015,,12.504846,-23.696419,5.63,1.67,M0III,Crv,,
64003,,13.115069,-35.862033,5.63,0.05,A0V,Cen,,
66438,,13.62008,-61.691856,5.63,0.493,F6V,Cen,,
66763,,13.683986,22.495768,5.63,1.009,G9III,Boo,,2
72573,,14.838814,82.511944,5.63,0.671,F9V,UMi,,
73100,,14.939724,49.628449,5.63,0.533,F7V,Boo,,
77984,,15.925023,-26.265993,5.63,0.141,A3V,Sco,,4
79007,,16.127094,9.891743,5.63,0.2,A7V,Ser,,45
81007,,16.543246,5.52122,5.63,-0.044,B9.5III,Her,,28
,Alrakis,17.088714,54.469093,5.63,0.47,F7 V,Dra,Mu,21
83635,,17.092294,-0.89207,5.63,0.104,B1V,Oph,,
85715,,17.515381,31.158139,5.63,0.96,G8III,Her,,
90541,,18.474198,-38.995671,5.63,0.14,A2m...,CrA,,
90687,,18.503295,-18.728794,5.63,1.057,K0III,Sgr,,
93498,,19.041022,-24.846826,5.63,1.232,K2III,Sgr,,
93718,,19.082741,31.744072,5.63,1.548,M0III,Lyr,,
97871,,19.888538,-3.114464,5.63,0.231,A5pvar,Aql,,
100907,,20.459517,38.440332,5.63,0.072,A3V,Cyg,,40
104031,,21.076292,5.502862,5.63,1.65,K5III,Equ,,3
105576,,21.38347,-22.669048,5.63,1.641,M0III,Cap,,
107575,,21.787212,2.686124,5.63,0.012,A1V,Peg,,11
115769,,23.454157,-58.47611,5.63,0.983,G8III,Tuc,,
116355,,23.577279,33.497328,5.63,1.042,K0III:,Peg,,73
15479,,3.326363,-24.122902,5.63,1.663,M1III,For,,
28814,,6.082878,4.158671,5.63,1.041,G4III,Ori,,66
34086,,7.068124,-5.323979,5.63,1.29,K3III,Mon,,
36528,,7.514638,68.465621,5.63,1.1,K2III,Cam,,
40646,,8.297338,59.571133,5.63,0.182,A7IV,Lyn,,29
40834,,8.333486,-71.505377,5.63,-0.099,A0p,Vol,Kap-2,
42438,,8.653257,65.020907,5.63,0.618,G1.5Vb,UMa,Pi-1,3
42917,,8.745844,10.08167,5.63,-0.069,A1p...,Cnc,,49
3572,,0.760862,74.988073,5.64,0.078,A2IV,Cas,,21
5081,,1.084821,14.946133,5.64,0.42,F4II-III,Psc,,72
49865,,10.182184,-8.418462,5.64,1.304,K2III,Sex,,18
56319,,11.546693,-40.436194,5.64,1.578,M1III,Cen,,
56518,,11.58703,-47.37258,5.64,1.682,M3III,Cen,,
56675,,11.621074,-75.896544,5.64,0.362,F1III,Cha,Pi,
63916,,13.097853,45.26855,5.64,1.135,K1III,CVn,,
64607,,13.242023,11.331656,5.64,1.514,M0III,Vir,,
73369,,14.993598,39.265333,5.64,0.336,F1III-IV,Boo,,40
75730,,15.470947,-16.716484,5.64,1.545,K4III,Lib,Zet-1,32
76750,,15.672598,-73.446685,5.64,-0.04,B8IV,Aps,Kap-2,
81972,,16.745165,-40.839675,5.64,-0.093,B3V,Sco,,
83187,,17.001745,-54.597179,5.64,0.194,A3V,Ara,,
90313,,18.427444,8.032006,5.64,0.884,G8III-IV+..,Oph,,
92768,,18.90368,27.909528,5.64,1.361,K4III,Lyr,,
96406,,19.600459,-24.719081,5.64,0.185,A1m...,Sgr,,51
96807,,19.6787,-0.621233,5.64,0.123,A3IV,Aql,,45
9621,,2.060927,25.935471,5.64,0.537,F8IV,Ari,,10
10212,,2.189189,8.569805,5.64,0.569,G0IV,Cet,,64
12153,,2.610531,12.447639,5.64,0.516,F7V,Ari,,31
100591,,20.398106,-42.422868,5.64,0.201,A3V,Sgr,Kap-2,
104642,,21.196733,59.98661,5.64,0.11,B0V,Cep,,
105854,,21.43968,-37.829429,5.64,1.185,K2III,Mic,,
111068,,22.500503,32.572638,5.64,-0.031,B9.5V,Peg,,38
114948,,23.282659,-62.001198,5.64,0.521,F7V,Tuc,,
14439,,3.106579,13.18725,5.64,1.087,K3III,Ari,,
20087,,4.306444,21.579297,5.64,0.277,F0V,Tau,,51
20484,,4.390294,16.77726,5.64,0.31,A1m,Tau,,63
22545,,4.852594,48.740685,5.64,1.013,G9III,Aur,,
24914,,5.339615,62.653711,5.64,1.728,K4Iab:,Cam,,
25280,,5.407914,-16.975781,5.64,-0.001,A0V,Lep,,
33804,,7.018318,-25.215634,5.64,-0.165,B2/B3III/IV,CMa,,
35181,,7.270965,-46.774533,5.64,1.441,K4III,Pup,,
36732,,7.555434,-19.412525,5.64,1.121,K0III,Pup,,
37590,,7.713376,-26.351326,5.64,0.99,K1III,Pup,,
44356,,9.032774,-0.482673,5.64,1.163,K0III,Hya,,
47701,,9.725906,29.974473,5.64,0.111,A2IV,Leo,,15
53316,,10.904938,-13.758036,5.65,0.832,K0III + (G),Crt,,
62325,,12.772928,9.539684,5.65,0.989,K1III-IV,Vir,,33
62500,,12.807297,-27.597384,5.65,0.947,G8III,Hya,,
65522,,13.430657,-70.627248,5.65,-0.018,Ap,Mus,,
65790,,13.486945,10.81831,5.65,1.052,K0III,Vir,,71
73284,,14.977572,-27.657314,5.65,0.262,A6IV,Hya,,59
73540,,15.030754,-83.227646,5.65,0.962,G8/K0III,Oct,Pi-1,
73771,,15.079711,-83.038311,5.65,1.273,G8Ib,Oct,Pi-2,
75043,,15.334763,51.958515,5.65,0.122,A4V,Boo,,
75181,,15.363507,-48.317628,5.65,0.639,G2V,Lup,Nu-2,
75308,,15.386265,-60.657176,5.65,0.489,F7V,Cir,,
76519,,15.62755,69.283344,5.65,1.371,M0III,UMi,,
85290,,17.428155,60.048398,5.65,0.024,A1Vn,Dra,,
85912,,17.55634,19.256677,5.65,0.505,F6V,Her,,
90647,,18.495823,77.547068,5.65,1.192,K4III,Dra,,
94620,,19.254822,21.232118,5.65,0.121,A4V,Sge,,1
94720,,19.274108,14.544616,5.65,-0.02,B9.5V,Aql,,
10305,,2.213206,-2.393637,5.65,0.546,F8V,Cet,,66
12247,,2.628278,-3.396175,5.65,1.021,G5III:,Cet,,81
98470,,20.005621,-33.703452,5.65,0.498,F7V,Sgr,,
99747,,20.238617,-52.44577,5.65,1.497,K4III,Tel,,
108699,,22.019232,8.257164,5.65,1.44,K5III,Peg,,19
115312,,23.354305,-26.986769,5.65,0.817,G5IV,Scl,,
17932,,3.834564,44.967856,5.65,0.779,G2III...,Per,,
23166,,4.983713,-16.376027,5.65,0.447,F5V,Lep,,
26394,,5.61916,-80.469122,5.65,0.6,G3IV,Men,Pi,
28484,,6.013661,-51.216319,5.65,0.207,A1m...,Pic,,
28756,,6.072296,-32.17243,5.65,-0.186,B2V,Col,,
33077,,6.88856,-19.032763,5.65,0.279,A9/F0III,CMa,,
36168,,7.449856,-23.086023,5.65,-0.134,B1II,CMa,,
39213,,8.020525,4.879824,5.65,0.013,A1V,CMi,,
47960,,9.773225,1.785586,5.65,0.342,F4IV,Sex,,
1288,,0.269126,-31.446394,5.66,1.35,K2III,Scl,,
3478,,0.740612,47.863984,5.66,-0.113,B5V...,Cas,,
7568,,1.624389,-84.769593,5.66,0.939,K0III,Oct,,
50520,,10.318083,-64.676258,5.66,0.042,A1V,Car,,
50609,,10.337977,-47.69909,5.66,1.667,K5/M0III,Vel,,
53043,,10.853067,56.58225,5.66,1.132,K2III,UMa,,43
59468,,12.19755,25.87028,5.66,1.401,K4III,Com,,4
60425,,12.38933,-24.840669,5.66,1.153,K1III,Crv,,6
67973,,13.920042,-52.160822,5.66,-0.072,B8V,Cen,,
80793,,16.496367,-14.550879,5.66,0.823,G5III/IV,Oph,,
84150,,17.204502,-39.506949,5.66,0.042,A0/A1V,Sco,,
85790,,17.530439,28.407499,5.66,-0.001,A1V,Her,,78
95619,,19.449022,-29.743225,5.66,-0.014,B8/B9V,Sgr,,
96496,,19.617595,-18.231052,5.66,1.237,K0III,Sgr,,
9990,,2.144606,58.423601,5.66,0.595,A1Ia,Per,,
101345,,20.539915,-9.853384,5.66,0.689,G3V,Cap,,
102949,,20.857844,28.250505,5.66,0.616,F5Ib,Vul,,
106856,,21.642205,5.771742,5.66,0.265,A9IV-Vn,Peg,,4
107144,,21.702809,1.285253,5.66,1.446,K2III,Aqr,,26
111809,,22.647629,-33.081347,5.66,0.037,A0V,PsA,,
113562,,23.001607,-25.16418,5.66,1.253,K0IICNIII,PsA,,
115908,,23.483598,-63.110656,5.66,-0.142,Ap Si,Tuc,,
116591,,23.627655,-13.060243,5.66,1.025,K0III,Aqr,,
17527,,3.752705,24.83926,5.66,-0.064,B8V,Tau,,18
17584,,3.76646,45.681899,5.66,-0.08,B6V,Per,,
18089,,3.86673,6.534907,5.66,0.046,B5V,Tau,,31
21823,,4.690032,48.300881,5.66,0.002,A0V,Per,,
21958,,4.719249,-30.765557,5.66,1.391,K3III,Cae,,
25001,,5.353524,29.569884,5.66,0.06,A1Vs,Aur,,
32474,,6.777505,-10.10736,5.66,-0.048,B9.5V,Mon,,
36981,,7.601082,-14.492771,5.66,-0.067,B2/3V(n),Pup,,
37023,,7.608789,46.180288,5.66,1.56,M0III,Lyn,,
39919,,8.152641,-48.684413,5.66,-0.101,B8Ib/II,Vel,,
39943,,8.157926,-16.248922,5.66,-0.153,B4V,Pup,,
39957,,8.159342,-56.085384,5.66,0.204,A3m...,Car,,
42372,,8.639504,53.401539,5.66,0.964,G8IV,UMa,,
46511,,9.486845,-20.749127,5.66,1.587,K4/K5III,Hya,,
655,,0.134303,-33.529326,5.67,1.119,K1III,Scl,,
2383,,0.507242,-48.21491,5.67,0.367,F2V,Phe,,
5493,,1.17188,42.081475,5.67,0.603,F8V,And,,44
51802,,10.583933,8.650425,5.67,0.059,A2V,Leo,,49
54137,,11.075343,-47.679103,5.67,0.256,A8III/IV,Vel,,
71783,,14.683721,-36.134858,5.67,-0.081,Ap Si,Cen,,
74087,,15.139939,26.301152,5.67,1.24,K2III,Boo,,46
79399,,16.204456,-28.417305,5.67,0.012,B9V,Sco,,12
80309,,16.396437,61.696461,5.67,0.956,G8III,Dra,,
80675,,16.470881,-58.599795,5.67,0.008,B9III,Nor,,
89000,,18.165004,3.119827,5.67,0.49,F5V,Oph,,
90968,,18.556426,-38.725985,5.67,-0.06,B9.5,CrA,Kap-1,
92997,,18.945851,57.814851,5.67,1.155,K1III,Dra,,48
96516,,19.621498,16.462802,5.67,1.007,G8IIIvar,Sge,Eps,4
10513,,2.25794,-67.746366,5.67,1.306,K2III,Hyi,Pi-2,
98844,,20.073098,-0.709309,5.67,1.301,K4III,Aql,,62
102962,,20.860681,-62.429335,5.67,0.203,A2,Pav,,
104440,,21.156052,-73.172968,5.67,0.59,G3IV,Pav,,
105703,,21.409445,26.17456,5.67,0.323,A8III,Vul,,
14521,,3.125541,-78.989244,5.67,0.298,F2II-III,Hyi,,
16509,,3.542992,-50.378646,5.67,1.101,K3III,Hor,,
18805,,4.029482,9.998017,5.67,0.005,B5V,Tau,,
20049,,4.299776,-80.214033,5.67,0.836,K2/K3III+..,Men,Del,
21295,,4.568963,5.568616,5.67,0.055,A2Vs,Tau,,
24109,,5.178585,46.96207,5.67,0.452,F5V,Aur,,
26064,,5.558786,18.540231,5.67,-0.022,B2IV-Ve,Tau,,120
26197,,5.583613,-6.00927,5.67,-0.228,B1Vvar,Ori,,
28812,,6.082829,5.41997,5.67,1.047,G7III:,Ori,,63
30099,,6.334507,14.651127,5.67,1.578,K3Ib,Ori,,
41191,,8.405637,-80.914202,5.67,1.018,G8III,Cha,,
41242,,8.415328,-23.153745,5.67,0.066,A1III/IV,Pup,,
42564,,8.676461,-45.191103,5.67,1.664,M0III,Vel,,
43584,,8.876284,32.474157,5.67,0.224,A8Vms,Cnc,Sig-1,51
47959,,9.773147,11.810043,5.67,1.489,K4III,Leo,,18
379,,0.078304,67.166445,5.68,1.051,K1III,Cep,,
49220,,10.046931,21.949258,5.68,-0.178,B2.5IV,Leo,,
57741,,11.840911,-62.649381,5.68,0.233,A3Iab,Cen,,
60795,,12.459754,55.712724,5.68,1.582,M2III,UMa,,73
60957,,12.495344,20.896109,5.68,0.093,A3V,Com,,20
61658,,12.639557,1.854662,5.68,1.592,M3III,Vir,,
67231,,13.776573,54.432679,5.68,-0.039,B9p EuCr,UMa,,84
72154,,14.75839,0.717271,5.68,-0.021,B9.5V,Vir,,108
72488,,14.821874,-24.25147,5.68,1.275,K3III+...,Lib,,
72524,,14.828143,48.720804,5.68,0.501,F6V+...,Boo,,39
74896,,15.306807,20.572778,5.68,0.972,G5IV,Ser,,
84691,,17.313479,28.822968,5.68,0.981,K0III,Her,,
85930,,17.560941,16.317553,5.68,1.002,K0III:,Her,,
87314,,17.84122,-53.612406,5.68,-0.099,B2V + B3V,Ara,,
91883,,18.730999,31.926613,5.68,0.36,F1III-IV,Lyr,,
92747,,18.900025,-21.359845,5.68,1.206,G8/K0II,Sgr,,33
97634,,19.843702,40.599759,5.68,-0.058,B1III,Cyg,,
98375,,19.986261,23.101281,5.68,0.345,F0,Vul,,14
10155,,2.177109,19.500338,5.68,1.641,M3III,Ari,,15
100754,,20.427925,21.409642,5.68,0.921,G6III,Vul,,
101899,,20.649867,30.334265,5.68,1.088,K2III,Cyg,,
102155,,20.699028,41.716875,5.68,-0.107,B8II-III,Cyg,,
103312,,20.930501,47.417656,5.68,0.408,B8Ia,Cyg,,
105497,,21.36678,49.388848,5.68,1.1,K0III,Cyg,,
112542,,22.795213,-14.056428,5.68,-0.016,B9V,Aqr,Tau-1,69
113657,,23.018763,-50.950028,5.68,1.411,K3III,Gru,,
114210,,23.12926,49.295776,5.68,0.449,F5V,And,,5
114365,,23.162261,59.332692,5.68,0.315,A5III,Cas,,2
114449,,23.17851,17.594372,5.68,1.33,K4III,Peg,,
116495,,23.606468,2.102222,5.68,0.449,F6Vbwvar,Psc,,16
16290,,3.4997,-78.35185,5.68,0.932,G8III,Men,,
17309,,3.705263,19.700254,5.68,-0.016,B9Vn,Tau,,13
22699,,4.879933,42.586626,5.68,0.115,A3III,Aur,,
25028,,5.358845,-0.416491,5.68,-0.125,B3V,Ori,,
32814,,6.840416,13.413177,5.68,1.329,K3III,Gem,,35
32968,,6.866664,23.601718,5.68,1.467,K5III,Gem,,
34473,,7.145098,-70.497087,5.68,0.436,F2,Vol,Gam-1,
37174,,7.638391,-48.601436,5.68,0.683,F4Iab,Pup,,
41861,,8.534712,-53.21192,5.68,0.582,G8III+...,Vel,,
44001,,8.959777,15.581281,5.68,0.209,F0IV,Cnc,Omi-2,63
47187,,9.616725,-25.296759,5.68,1.116,K0III,Ant,,
2548,,0.539939,6.955463,5.69,-0.014,B9.5V,Psc,,51
4675,,1.000988,44.713243,5.69,-0.01,B9.5Vn,And,,
7251,,1.557142,58.327334,5.69,1.435,K0Ib+...,Cas,,
7463,,1.602361,-29.907317,5.69,0.335,F2V,Scl,Tau,
9021,,1.935927,37.25183,5.69,1.06,G8III...,And,,56
54255,,11.099324,-27.287853,5.69,-0.067,B8V,Hya,Chi-2,
59831,,12.268763,40.66018,5.69,1.586,M1III,CVn,,2
65198,,13.361567,2.087243,5.69,0.045,A2V,Vir,,
65593,,13.448922,-41.497562,5.69,1.477,K3III,Cen,,
66065,,13.543307,-28.692768,5.69,0.037,A0/A1V,Hya,,
68815,,14.088903,-76.796752,5.69,1.239,M6.5III,Aps,The,
79072,,16.141132,8.53431,5.69,1.575,M3.5IIIa,Ser,,47
83254,,17.016149,22.632095,5.69,1.332,K3III,Her,,
84950,,17.3626,53.420428,5.69,1.463,K5III,Dra,,
85147,,17.400299,-62.864153,5.69,-0.147,B2IV,Ara,,
86011,,17.57847,-32.581662,5.69,0.045,O5/6(e),Sco,,
87158,,17.80688,20.565441,5.69,0.938,G5IV,Her,,
88122,,17.998946,45.501378,5.69,1.562,M0III,Her,,
90662,,18.498871,-47.220546,5.69,1.258,K2III,Tel,,
92136,,18.778701,-10.125048,5.69,0.584,F2Ib-II,Sct,,
92937,,18.935034,18.10541,5.69,1.092,K1III,Her,,
93393,,19.021488,26.291411,5.69,-0.086,B5V,Lyr,,
13942,,2.993381,-25.274133,5.69,0.427,F3V,For,Zet,
98633,,20.032944,-13.637217,5.69,0.079,A1IV,Sgr,,63
100357,,20.3532,63.980122,5.69,1.561,K5III,Dra,,
101882,,20.645552,13.315125,5.69,1.509,K3Ib,Del,The,8
103675,,21.007691,19.329581,5.69,1.588,M3III,Del,,
104148,,21.100317,-30.12512,5.69,1.047,K0/K1III,Mic,Del,
107253,,21.723791,38.283589,5.69,-0.01,A0V,Cyg,,79
108060,,21.893717,19.668437,5.69,0.011,A0Vs,Peg,,
109056,,22.092964,28.963981,5.69,-0.048,B9Vn,Peg,,23
19968,,4.281542,61.849989,5.69,-0.116,B5Vn,Cam,,
25223,,5.395086,-0.159818,5.69,-0.208,B1.5V,Ori,,
25492,,5.452298,30.208603,5.69,0.175,B9Ib,Aur,,
31137,,6.532864,-58.753835,5.69,-0.057,B9V,Pic,Mu,
33827,,7.022612,70.808296,5.69,1.337,K4III,Cam,,
34579,,7.161951,-25.231034,5.69,-0.158,B2V,CMa,,
37036,,7.611398,-19.702338,5.69,-0.165,B2II,Pup,,
37043,,7.6122,-48.830167,5.69,-0.037,B9V,Pup,,
38427,,7.871911,-14.846175,5.69,0.368,F2IV/V,Pup,,10
194,,0.041584,8.485463,5.7,0.315,F0V,Psc,,32
522,,0.105277,-49.075191,5.7,0.519,G1IV...,Phe,,
3717,,0.795339,-18.061339,5.7,1.3,K3III,Cet,,
5833,,1.246992,-0.973795,5.7,0.428,F5V,Cet,,38
7921,,1.696655,-60.789339,5.7,1.264,K2/K3III,Hyi,,
7941,,1.700833,-36.832305,5.7,-0.01,A0V,Scl,,
8714,,1.869268,50.792794,5.7,-0.067,B9p...,Per,,2
9222,,1.975973,49.204352,5.7,1.005,K0IV,Per,,3
49339,,10.072486,-24.285534,5.7,0.303,F0V,Hya,,
49934,,10.19624,-58.060544,5.7,-0.118,B2IVnpe,Car,,
53699,,10.98715,-33.737595,5.7,0.374,F2V,Hya,,
54487,,11.146969,24.658464,5.7,0.081,A3IV,Leo,,67
61571,,12.616204,17.089536,5.7,1.436,K5III,Com,,25
62703,,12.849413,-52.787424,5.7,0.127,A5V,Cen,,
64053,,13.127305,-53.459764,5.7,-0.061,B8V,Cen,,
66320,,13.592027,-5.396191,5.7,0.95,G6III,Vir,,80
67848,,13.897507,53.728677,5.7,-0.032,A0V,UMa,,86
71974,,14.720431,-24.997753,5.7,0.006,B9.5V,Lib,,4
74380,,15.199363,-48.743687,5.7,0.144,A3IV,Lup,Kap-2,
78868,,16.098851,-72.400898,5.7,1.169,K1IIICNII,Aps,,
85157,,17.40183,22.960285,5.7,0.229,F0IV,Her,,73
95690,,19.463366,-54.325272,5.7,1.406,K4III,Tel,,
95823,,19.489951,-43.445195,5.7,0.214,Am,Sgr,,
97966,,19.910459,-8.227289,5.7,-0.079,B7Vn,Aql,,57
99500,,20.193007,62.078542,5.7,0.53,F5V,Dra,,68
99841,,20.256604,33.729084,5.7,0.926,K0III,Cyg,,
103389,,20.946479,-26.296378,5.7,0.507,F7V,Cap,,
105652,,21.399672,24.274135,5.7,0.314,F1IV,Vul,,
106559,,21.580848,-20.084274,5.7,0.423,F5V,Cap,,37
107930,,21.866954,55.796743,5.7,-0.081,B6IV-V,Cep,,
111242,,22.537851,76.226441,5.7,0.02,A2V,Cep,,
117567,,23.842579,-14.40149,5.7,1.488,K4III,Aqr,,
15619,,3.35189,3.67562,5.7,0.964,G8.5III,Cet,Kap-2,97
18262,,3.906435,-40.357009,5.7,0.599,K0III...,Eri,,
19511,,4.179935,-8.819814,5.7,1.057,G9III:,Eri,,
,,5.124227,18.647141,5.7,,G4 V,Tau,,
28302,,5.981455,12.808264,5.7,0.874,K2III...,Ori,,
29151,,6.149418,2.499692,5.7,0.067,A3Vn,Ori,,
29860,,6.287816,5.100112,5.7,0.61,G0.5Vb,Ori,,
31771,,6.644317,39.390854,5.7,1.367,K5III,Aur,,51
31870,,6.66185,-30.470491,5.7,1.134,K1III,CMa,,
35487,,7.324494,-16.395244,5.7,0.346,F2III/IV,CMa,,
36348,,7.480968,48.18393,5.7,-0.092,B9MNp...,Lyn,,
38438,,7.874929,-54.367165,5.7,-0.151,B1.5IV,Car,,
43026,,8.767354,-2.048655,5.7,1.097,K0III:,Hya,,
43797,,8.919936,-54.965768,5.7,0.481,F6V,Vel,,
88,,0.017941,-48.809876,5.71,0.911,G8III,Phe,Tau,
1086,,0.22524,41.03537,5.71,0.331,F0IV,And,,23
5296,,1.129502,-9.78555,5.71,0.446,F7IV,Cet,,30
49363,,10.076759,53.891716,5.71,0.507,F5V,UMa,,
51933,,10.608994,-12.230121,5.71,0.528,F7V,Hya,,
54522,,11.155302,36.309379,5.71,1.4,M3.5III,UMa,,
56620,,11.609706,-33.570057,5.71,1.02,K0III,Hya,,
59923,,12.291827,28.937189,5.71,0.16,A4m,Com,,
60610,,12.422706,-35.186417,5.71,-0.066,B9IV/V,Cen,,
62541,,12.815059,14.122584,5.71,0.024,A1V,Com,,29
62732,,12.854994,-60.329789,5.71,0.344,A2Iab,Cru,,
67787,,13.886925,17.932868,5.71,0.845,G5III,Boo,,7
73536,,15.030255,-0.140295,5.71,1.509,M2III,Vir,,
75665,,15.459193,-64.531504,5.71,1.646,K5/M0III,TrA,,
77336,,15.788144,14.115348,5.71,0.094,A3V,Ser,Ups,31
88964,,18.159415,3.993276,5.71,0.363,F2V,Oph,,73
90096,,18.386712,-12.014755,5.71,0.006,B5V,Sct,,
90497,,18.466326,6.194104,5.71,-0.034,B8III-IV,Ser,,
90842,,18.532284,-43.507383,5.71,1.322,K2III,CrA,,
92294,,18.810538,-65.077679,5.71,0.268,A9V,Pav,The,
95557,,19.4364,-15.053251,5.71,0.007,B7IV,Sgr,,
96258,,19.572161,51.23662,5.71,0.475,F7V,Cyg,,
98085,,19.933684,16.634799,5.71,0.903,G5Ibv SB,Sge,,10
100221,,20.326863,62.257472,5.71,-0.043,B9V,Dra,,71
105761,,21.420285,-9.748552,5.71,0.208,F0IV,Aqr,,19
108102,,21.902881,-4.27618,5.71,1.185,K2III,Aqr,,
14930,,3.209209,-57.321549,5.71,2.419,C5II,Hor,,
16112,,3.459281,-35.681323,5.71,1.284,K2III,For,Chi-2,
19554,,4.188967,5.523047,5.71,0.36,F4V,Tau,,45
21278,,4.565202,-6.738908,5.71,-0.128,B9p Si,Eri,,46
22860,,4.918562,-16.74067,5.71,0.953,G8/K0III,Eri,,
22881,,4.921847,-16.417767,5.71,0.874,G6/G8III,Eri,,
23668,,5.087832,-26.152391,5.71,1.166,K2III,Lep,,
26345,,5.609915,-6.064752,5.71,-0.212,B1V...,Ori,,
28499,,6.016267,47.901923,5.71,-0.007,B9.5p SiFe,Aur,,36
29234,,6.163322,-22.774343,5.71,0.454,F5V,Lep,,
31564,,6.606347,-18.659904,5.71,0.848,G8/K0III+..,CMa,Nu-1,6
35005,,7.242395,12.115824,5.71,1.007,G6III,CMi,,
40990,,8.365169,-17.586334,5.71,1.05,K0III,Pup,,
41816,,8.525145,24.081105,5.71,0.327,F0IIIn,Cnc,Ups-1,30
43148,,8.788568,-46.155415,5.71,0.554,F0Ib,Vel,,
48613,,9.914234,-50.243959,5.71,0.006,A0V,Vel,,
1982,,0.418445,53.046786,5.72,-0.056,B9IV,Cas,,
2353,,0.500655,-3.957332,5.72,1.545,M0III,Cet,,12
3277,,0.69621,-56.501315,5.72,0.131,Ap,Phe,Xi,
59309,,12.167616,5.807008,5.72,0.352,Am,Vir,,11
59746,,12.252366,70.200008,5.72,1.179,K2III,Dra,,
66417,,13.616412,24.613297,5.72,1.593,M2III,Boo,,
69763,,14.277423,-66.587894,5.72,-0.095,B1.5III,Cir,,
72012,,14.72901,40.459254,5.72,1.398,K4III,Boo,,
73166,,14.953244,16.388128,5.72,0.951,G5III:,Boo,,
73184,,14.957765,-21.415475,5.72,1.024,K4V,Lib,,
75260,,15.377341,63.341439,5.72,1.315,K4III,Dra,,
75352,,15.397844,-12.369501,5.72,1.039,G8III,Lib,,
78970,,16.121168,-36.755676,5.72,0.298,F0/F2V,Lup,,
79666,,16.257955,18.808087,5.72,1.126,K3III,Her,,16
85470,,17.466002,-52.297168,5.72,1.169,K2III,Ara,,
85888,,17.55202,41.243449,5.72,1.089,K1III:,Her,,
88298,,18.031772,-22.780298,5.72,-0.03,B0Iab...,Sgr,,
88636,,18.097114,32.230674,5.72,1.179,K0III,Her,,
95485,,19.422665,-13.89713,5.72,1.372,K2III,Sgr,,
10328,,2.217584,15.27986,5.72,1.551,M0III,Ari,,19
12072,,2.594095,37.312263,5.72,1.389,K4III,And,,
12530,,2.687222,-0.695653,5.72,0.511,F7IV,Cet,,84
109831,,22.245656,42.95391,5.72,0.014,A2Vnn,Lac,,
111362,,22.561281,56.624737,5.72,0.966,G8III-IV,Lac,,
111974,,22.681299,14.549161,5.72,0.723,G3V+...,Peg,,
113184,,22.919711,-4.987899,5.72,0.881,K0III-IV,Aqr,,
113307,,22.946613,-47.969221,5.72,0.226,Am...,Gru,Tau-3,
118114,,23.959159,-82.169804,5.72,1.055,K0III,Oct,Gam-2,
15411,,3.311429,-18.559794,5.72,0.381,F3V,Eri,,
16168,,3.472416,33.807557,5.72,0.048,A2V,Per,,
17534,,3.75441,-47.359476,5.72,0.961,K1III,Hor,,
19983,,4.28558,57.860355,5.72,1.108,K1III,Cam,,
20400,,4.367643,14.077198,5.72,0.315,A3m,Tau,,60
20842,,4.466883,21.619907,5.72,0.27,Am,Tau,,
22086,,4.751156,-21.283383,5.72,1.476,K4III,Eri,,
27316,,5.786987,14.488322,5.72,0.077,A3Vn,Tau,,131
28909,,6.102603,-66.039621,5.72,-0.024,A0V,Dor,Eta-1,
29294,,6.1763,-27.154343,5.72,1.072,K1III,Lep,,
31637,,6.62051,-36.990651,5.72,-0.112,B6IV,Col,,
32740,,6.828143,32.606756,5.72,1.298,K3II,Gem,,
35029,,7.246117,-46.849672,5.72,-0.109,A0p,Pup,,
42146,,8.591166,-7.982292,5.72,-0.004,A1spe...,Hya,,3
43644,,8.889601,61.962268,5.72,0.305,F2III,UMa,,5
43923,,8.947218,45.631646,5.72,1.125,K1IV,Lyn,,
45158,,9.19965,-19.747628,5.72,0.977,G8III,Hya,,
46457,,9.474771,8.188298,5.72,1.045,K0III,Leo,,3
47594,,9.704137,69.237537,5.72,1.131,G9III:,UMa,,
48287,,9.844985,-46.933923,5.72,1.085,K0IIICN...,Vel,,
48561,,9.904905,-45.283516,5.72,-0.114,B+...,Vel,,
4200,,0.893839,-62.871352,5.73,1.574,M4III,Tuc,,
50786,,10.369607,41.22953,5.73,0.531,F7V,UMa,,
53377,,10.916163,34.034798,5.73,1.032,G7III:,UMa,,
55797,,11.43254,55.850459,5.73,0.988,K0III,UMa,,
57029,,11.69286,31.746058,5.73,0.44,F4V,UMa,,62
57670,,11.828258,34.931758,5.73,0.467,F5IV,UMa,,
60329,,12.370009,-68.307316,5.73,1.038,K0III,Mus,Zet-1,
66400,,13.61346,-26.495198,5.73,0.22,A7V+...,Hya,,
66727,,13.677909,19.955719,5.73,0.017,A1V,Boo,,1
67664,,13.863174,-69.401258,5.73,1.704,K5/M0III,Cir,,
77986,,15.925166,42.566193,5.73,-0.102,B9p,Her,,4
78661,,16.058718,76.793939,5.73,0.051,A3V,UMi,,
82422,,16.844155,29.806538,5.73,1.626,M1III,Her,,50
83535,,17.073534,-57.712166,5.73,-0.097,B5IV,Ara,,
86731,,17.722659,24.327821,5.73,0.683,G2IIIb,Her,,84
91973,,18.746722,37.594615,5.73,0.285,F0IVvar,Lyr,Zet-2,7
93552,,19.054915,-38.253147,5.73,0.328,F2III/IV,CrA,,
95656,,19.457212,52.320436,5.73,-0.002,A1V,Cyg,Iot-1,7
12871,,2.757629,-63.704553,5.73,0.932,G8III/IV,Hor,Gam,
98754,,20.058338,16.031255,5.73,-0.095,B9MNp...,Aql,,
98767,,20.060373,29.896805,5.73,0.749,G6IV+...,Cyg,,
99825,,20.254806,-27.032977,5.73,0.878,K3V,Cap,,
100859,,20.450624,49.383367,5.73,0.339,F0V:,Cyg,,43
104978,,21.262738,-53.263084,5.73,0.191,A6IV,Ind,,
106654,,21.603046,-26.171516,5.73,0.234,A7/A8IV,PsA,,8
107162,,21.706376,41.077019,5.73,0.055,A0V,Cyg,,77
111546,,22.597857,39.634331,5.73,-0.16,B1Ve,Lac,,
113222,,22.929029,36.35139,5.73,-0.051,B7III,Lac,,
117088,,23.736676,-64.404451,5.73,1.393,K3II,Tuc,,
20579,,4.408098,34.130758,5.73,-0.054,B8V,Per,,55
21819,,4.688822,28.614994,5.73,0.018,A2V,Tau,,
25194,,5.390006,-39.678423,5.73,1.626,M2III,Col,,
26966,,5.722686,-18.557475,5.73,-0.014,A0V,Lep,,
31190,,6.54416,-32.030447,5.73,-0.18,B2V,CMa,,
33715,,7.004396,16.078998,5.73,1.641,K3Ib,Gem,,41
37322,,7.662171,-38.139287,5.73,-0.125,B5V,Pup,,
40023,,8.174218,25.507334,5.73,0.825,G8IV,Cnc,Psi,14
40772,,8.321437,62.507159,5.73,0.891,G8III,UMa,,
44923,,9.15117,-18.328548,5.73,0.0,A0/A1V,Hya,,
47189,,9.617384,16.437952,5.73,1.223,K1III,Leo,,8
1354,,0.282513,61.533185,5.74,0.898,G8III,Cas,,
3765,96 G. Psc,0.806382,5.280615,5.74,0.89,K2V,Psc,,
50448,,10.300583,65.108351,5.74,0.163,A8III,UMa,,32
52338,,10.696747,68.443499,5.74,1.315,K3III,UMa,,
52487,,10.73089,-64.249042,5.74,0.012,B3:V,Car,,
54829,,11.225219,-59.619318,5.74,-0.106,B1.5V,Car,,
56080,,11.494957,15.413269,5.74,1.371,K4III,Leo,,85
61212,,12.543334,-13.859105,5.74,0.376,F3IV/V,Crv,,
65595,,13.449205,78.643869,5.74,0.769,G2.5IIIb,Cam,,
66666,,13.666622,-49.949956,5.74,1.496,M8III,Cen,,
67942,,13.913646,-67.6521,5.74,1.49,K2III,Cir,,
71111,,14.541926,55.39801,5.74,1.529,K5III,Dra,,
71280,,14.577676,49.368354,5.74,1.56,M1III,Boo,,
71453,,14.61226,-40.21158,5.74,-0.112,B8V,Cen,,
71568,,14.636837,43.64213,5.74,1.481,K2III,Boo,,
72250,,14.774724,-47.441116,5.74,0.066,A1V,Lup,,
74750,,15.276859,-60.903996,5.74,-0.057,B0.5V,Cir,,
75974,,15.515514,64.208693,5.74,0.976,K0III-IV,Dra,,
77645,,15.851891,-55.055533,5.74,0.017,B2II,Nor,,
78279,,15.982821,-65.037585,5.74,-0.066,B7III,TrA,,
79349,,16.193899,23.494801,5.74,1.519,M4IIIa,Her,,10
81734,,16.695134,1.181231,5.74,0.336,F2.7III-IV,Oph,,14
82110,,16.772563,-58.503595,5.74,-0.101,B2IV-V,Ara,,
83196,,17.002641,-24.98907,5.74,0.407,F3V,Oph,,26
84769,,17.326961,80.136399,5.74,1.499,K5III,UMi,,
86313,,17.635973,-10.926268,5.74,1.228,K0III,Ser,,
88038,,17.982135,-36.858376,5.74,0.915,G8III,Sgr,,
88136,,18.002526,80.004095,5.74,0.516,K2Vvar,Dra,,41
88684,,18.104221,-4.751252,5.74,0.968,K1IV,Ser,,
90664,,18.499086,-57.523143,5.74,0.987,K0III,Pav,,
90991,,18.560839,-14.853614,5.74,0.043,A0/A1V,Sct,,
91315,,18.625974,62.526591,5.74,-0.045,A0V,Dra,,
98332,,19.978116,-69.163957,5.74,0.224,Am,Pav,,
12002,,2.578507,-7.859445,5.74,1.393,K4III,Cet,,77
12122,,2.602574,-30.044978,5.74,1.017,G8/K0III,For,Iot-1,
12640,,2.706094,20.011465,5.74,-0.017,A0V,Ari,Mu,34
106886,,21.649339,57.489037,5.74,0.2,O6 (f),Cep,,
108165,,21.914766,56.611227,5.74,0.655,B8Ibvar,Cep,,13
109209,,22.124608,19.475526,5.74,0.331,F2V:,Peg,,
117125,,23.744643,-78.791442,5.74,1.108,K1III,Oct,,
117314,,23.787754,-11.911126,5.74,1.068,K0III,Aqr,,
14677,,3.160206,29.07708,5.74,0.115,B8III,Ari,,55
16142,,3.46693,-11.2866,5.74,1.102,K2III,Eri,,
17342,,3.711871,59.969391,5.74,1.736,K4Ib,Cam,,
20825,,4.462788,-62.521206,5.74,1.005,K0III,Ret,,
23474,,5.045828,-22.795052,5.74,1.188,K1IV,Lep,,1
26344,,5.609784,54.428658,5.74,1.671,M0III,Aur,,
28984,,6.115976,-21.812299,5.74,1.584,M3II/III,Lep,,
30840,,6.477568,-32.371279,5.74,-0.16,B5IV,CMa,,
32810,,6.839819,-31.706057,5.74,0.094,B3V,CMa,,
33277,,6.921853,25.375697,5.74,0.573,G0V,Gem,,37
34387,,7.130414,7.471214,5.74,1.176,K0III:,CMi,,
35643,,7.354864,45.2282,5.74,0.342,A7s,Lyn,,
38783,,7.938514,-60.526436,5.74,1.554,K4II,Car,,
41299,,8.426538,2.102209,5.74,1.528,K5III,Hya,,
42923,,8.747758,-37.147249,5.74,-0.139,B2III,Pyx,,
44504,,9.066778,54.283887,5.74,0.034,A2V,UMa,,
45962,,9.373331,-46.047445,5.74,0.903,G6/G8III,Vel,,
46813,,9.539003,-19.400303,5.74,0.135,A4III,Hya,,
7276,,1.561899,-7.025341,5.75,0.639,G2IV,Cet,,
7916,,1.695787,-11.324669,5.75,0.443,F5V+...,Cet,,
54840,,11.227611,-53.231813,5.75,1.309,K2III,Cen,,
59229,,12.148281,-44.325989,5.75,0.24,A3III,Cen,,
62894,,12.889416,-60.328489,5.75,0.295,B9Ia,Cru,,
63024,,12.915702,47.196722,5.75,1.451,M5III,CVn,,
65466,,13.418522,23.854419,5.75,0.09,A3IV,Com,,
74066,,15.136703,-40.58393,5.75,-0.113,B8IV Si,Lup,,
74239,,15.171843,-26.332621,5.75,1.045,K0III,Lib,,
74582,,15.238658,-70.079476,5.75,3.271,N0v,TrA,,
79005,,16.126782,-12.74541,5.75,0.018,B9V,Sco,,11
80375,,16.407037,55.205096,5.75,0.001,A2svar...,Dra,,
85185,,17.40876,16.301006,5.75,0.074,A3V,Her,,
86782,Alruba,17.733103,53.801715,5.75,0.017,A2V,Dra,,
97473,,19.811683,11.815896,5.75,0.546,F2V:+...,Aql,Pi,52
10718,,2.29996,57.89982,5.75,1.175,K3III,Per,,8
98478,,20.006418,-66.94936,5.75,1.033,K0IV,Pav,Mu-1,
102092,,20.689902,-31.598289,5.75,1.551,M1III,Mic,,
102208,,20.709755,82.531158,5.75,0.0,A0V,Dra,,76
104364,,21.142417,-63.92826,5.75,1.18,K0III,Pav,,
104516,,21.17099,53.5631,5.75,-0.111,B9III,Cyg,,
105282,,21.324652,49.510294,5.75,-0.119,B6V,Cyg,,
106003,,21.468955,32.22533,5.75,0.333,F0V,Cyg,,
109023,,22.086481,26.673689,5.75,1.249,K2III,Peg,,
110023,,22.285139,-5.387164,5.75,0.878,G6III,Aqr,,44
110103,,22.303505,62.804388,5.75,1.256,K3III,Cep,,25
115537,,23.403681,-51.891174,5.75,1.611,M0III,Gru,,
115755,,23.45205,42.91201,5.75,-0.007,B9III,And,,13
14060,,3.019451,-7.663012,5.75,1.043,K0II,Eri,Rho-1,8
19525,,4.183061,33.586792,5.75,1.412,K1II-III,Per,,
22936,,4.935299,52.869761,5.75,0.105,A2Vs,Cam,,
24426,,5.241346,-35.976996,5.75,1.009,G8III,Col,,
26019,,5.552049,-35.139376,5.75,1.085,K0III,Col,,
29225,,6.162218,23.113466,5.75,0.192,B2.5Ib,Gem,,3
30827,,6.476136,30.493034,5.75,0.779,F5.5Ibv,Aur,,48
31940,,6.674679,77.995782,5.75,1.488,K5III,Cam,,
32617,,6.805296,-1.318922,5.75,0.292,F1V,Mon,,
32698,,6.821225,-2.272038,5.75,-0.098,B8IIIn,Mon,,
33024,,6.880408,8.380373,5.75,0.27,F0Vn,Mon,,
34360,,7.122941,-23.840722,5.75,-0.117,B2V:nn,CMa,,
34722,,7.189741,26.856587,5.75,0.13,A4IV,Gem,,47
35152,,7.26588,27.897419,5.75,1.605,M1III,Gem,,53
36396,,7.489474,-10.326664,5.75,1.616,K5III,Mon,,
41515,,8.466506,-35.113761,5.75,-0.151,B2V,Pyx,,
43798,,8.920119,-18.241189,5.75,1.327,K2/K3III,Hya,,
46657,,9.512804,-31.889222,5.75,0.066,A0,Ant,Zet-1,
48982,,9.993395,29.645233,5.75,1.059,G9III:,Leo,,
7751,p Eridani,1.663169,-56.1964,5.76,0.88,K0V,Eri,,
8993,,1.930844,23.577322,5.76,1.185,K1III,Ari,,7
51561,,10.532622,-45.06671,5.76,-0.194,B9,Vel,,
56445,,11.572764,3.060165,5.76,0.48,F5V,Leo,,89
61379,,12.578448,-44.673018,5.76,0.683,G4IV,Cen,,
62576,,12.821516,27.552379,5.76,0.051,A2V,Com,,30
64445,,13.209145,11.556096,5.76,1.499,M0III,Vir,,
65144,,13.349367,-46.880008,5.76,1.106,K1III,Cen,,
65420,,13.40923,-5.16401,5.76,0.415,F3V,Vir,,66
68276,,13.977479,21.696219,5.76,-0.002,A0Vs,Boo,,10
72378,,14.799322,-26.646155,5.76,-0.007,B9.5V,Hya,,57
72487,Merga,14.821853,46.116205,5.76,0.482,F7IVw,Boo,,38
74184,,15.15831,-67.084133,5.76,0.675,F8Iab-Ib,TrA,,
76568,,15.637833,46.797751,5.76,0.353,F2V,Boo,,
78045,,15.934982,-60.482477,5.76,0.087,A3V,TrA,,
80054,,16.340345,-55.139706,5.76,0.97,G6III,Nor,,
80898,,16.520398,22.195458,5.76,1.605,K5III,Her,,
83367,,17.038526,25.50562,5.76,1.018,G7III:,Her,,
84690,,17.313287,-44.129746,5.76,-0.049,B9V,Sco,,
85068,,17.38531,-56.525547,5.76,0.994,G8/K0III,Ara,,
85169,,17.405221,-60.673799,5.76,-0.067,B8Ib/II,Ara,,
86254,,17.625304,24.309991,5.76,0.114,A2Vn,Her,,79
87836,,17.944955,-28.065394,5.76,0.207,A7III/IV,Sgr,,
89968,,18.356385,-18.859999,5.76,0.67,F8II,Sgr,,
90762,,18.517903,16.928556,5.76,0.053,A2V,Her,,
91322,,18.626656,-0.309472,5.76,0.067,A2V,Ser,,
91854,,18.727035,-64.551425,5.76,0.967,K0III,Pav,,
95572,,19.440037,13.023801,5.76,0.456,F6III,Aql,,
96141,,19.54828,-53.185618,5.76,0.3,Am,Tel,,
97816,,19.877143,-54.971026,5.76,0.915,G8/K0III,Tel,,
97928,,19.902299,-8.574211,5.76,1.664,K5III,Aql,,56
12692,,2.717451,55.106019,5.76,-0.11,B7IIIp...,Per,,11
13654,,2.930138,18.33164,5.76,1.452,M6IIIvar,Ari,Rho-2,45
100097,,20.306876,55.397095,5.76,0.118,A2Vs,Cyg,,
101427,,20.554894,-80.964862,5.76,1.122,G6/G8II,Oct,,
103673,,21.005976,-51.265312,5.76,0.48,F5IV-V,Ind,,
105696,,21.406893,-41.006695,5.76,-0.036,A0III,Mic,The-2,
109620,,22.206235,63.291035,5.76,1.645,M3III,Cep,,
110602,,22.407517,-13.529369,5.76,0.97,K0III,Aqr,,50
110785,,22.443718,4.393766,5.76,0.519,F7V,Peg,,34
111196,,22.527168,-85.967253,5.76,1.02,K0III,Oct,Ups,
113503,,22.986615,11.728844,5.76,0.293,A7V,Peg,,52
117756,,23.880702,-8.996756,5.76,1.171,K0III,Aqr,,
16285,,3.498656,-42.634256,5.76,0.205,A5V,Eri,,
16511,,3.543319,9.373438,5.76,-0.072,B9IV,Tau,,6
17579,Asterope,3.765132,24.554511,5.76,-0.036,B8V,Tau,,21
18212,,3.894081,48.650495,5.76,1.04,K0III,Per,,
20268,,4.34479,6.130798,5.76,0.914,G8III-IV,Tau,,
21192,,4.543765,-3.209541,5.76,-0.117,B9III,Eri,,
22325,,4.809037,-16.329484,5.76,0.537,F8V,Eri,,59
26219,,5.587631,-33.079724,5.76,1.12,K0III,Col,,
29433,,6.200372,19.790543,5.76,-0.071,B9.5V,Ori,,68
30069,,6.328043,-34.396591,5.76,-0.08,B9V,Col,,
30591,,6.428793,-48.176898,5.76,-0.061,B9V,Pup,,
30836,,6.477061,-17.466009,5.76,1.118,K0III,CMa,,
31737,,6.639725,28.984354,5.76,-0.001,B9npe...,Aur,,53
37329,,7.663299,-38.260652,5.76,-0.071,B3III,Pup,,
38474,,7.879961,-5.428257,5.76,0.412,F5IVs,Mon,,
42090,,8.578858,36.419619,5.76,0.051,A2Vnn,Lyn,,33
44936,,9.153198,-12.357706,5.76,0.937,G6III,Hya,,
1191,,0.248476,-9.569571,5.77,-0.084,B9V,Cet,,
2006,,0.423391,1.939692,5.77,0.855,G5III,Psc,,44
5361,,1.142627,58.263449,5.77,-0.019,B8V,Cas,,
50027,,10.213435,4.61468,5.77,1.178,K0III:,Sex,,19
52452,,10.722478,4.747669,5.77,1.168,K3III+...,Sex,,35
54811,,11.220746,-44.372216,5.77,1.661,K5/M0III,Cen,,
56078,,11.494061,-24.464011,5.77,0.067,A0V,Crt,,
59607,,12.223623,-38.929188,5.77,-0.144,B4III,Cen,,
64692,,13.258882,40.855199,5.77,0.198,A7V,CVn,,19
67663,,13.863117,-46.898666,5.77,-0.153,B2Vp,Cen,,
68390,,14.000037,-25.010403,5.77,0.48,F6V,Hya,,48
74006,,15.123874,-49.088612,5.77,0.92,G8III,Lup,,
76376,,15.599182,54.630567,5.77,0.051,A2V,Dra,,
81300,,16.605958,-2.324584,5.77,0.827,K2V,Oph,,12
81641,,16.677413,4.219789,5.77,-0.004,A1V,Her,,37
85139,,17.399338,8.852571,5.77,1.251,K1III,Oph,,
87558,,17.887274,6.101424,5.77,0.425,F4IV-V,Oph,,
90804,,18.523804,-10.795836,5.77,0.379,B2V,Sct,,
104185,,21.108401,31.184657,5.77,0.554,F7.5Ib-IIv,Cyg,,
106393,,21.549052,49.977629,5.77,-0.042,A0V,Cyg,,
106897,,21.650329,20.265451,5.77,0.314,F2V,Peg,,
114775,,23.249611,-41.105397,5.77,1.16,K2III,Gru,,
115280,,23.348123,38.182326,5.77,0.468,F5V,And,,12
117491,,23.824299,1.076131,5.77,0.167,A5m,Psc,,21
117628,,23.855902,9.313351,5.77,1.661,M3III,Peg,,80
20591,,4.410404,33.959686,5.77,0.4,F4V,Per,,56
22336,,4.810107,-5.674045,5.77,0.631,F8V,Eri,,
25583,,5.467114,17.23913,5.77,1.634,M1III,Tau,,117
25751,,5.498548,1.78926,5.77,-0.192,B2V,Ori,,
32809,,6.83938,-17.084555,5.77,1.435,K3III,CMa,,
34888,,7.218665,-11.251341,5.77,1.508,K0,CMa,,
35941,,7.409292,27.637857,5.77,0.368,F0:III:,Gem,,59
37369,,7.67075,38.344539,5.77,1.654,M0III,Lyn,,
38994,,7.98071,-60.824462,5.77,-0.082,B2IVnpe,Car,,
40155,,8.199991,-46.644351,5.77,0.626,F7p,Vel,,
40344,,8.237017,-35.490019,5.77,1.024,K1III,Pup,,
46225,,9.424253,-61.950476,5.77,0.137,A4V+...,Car,,
47013,,9.581508,72.205679,5.77,0.53,F7V,UMa,,22
343,,0.072165,-16.529036,5.78,1.084,K0III,Cet,,
1074,,0.222099,-84.993978,5.78,1.71,M0/M1III,Oct,,
2876,,0.607595,60.326215,5.78,0.294,A4III,Cas,,
8046,,1.722151,60.551332,5.78,-0.01,B8IIIn,Cas,,44
8433,,1.81155,32.69021,5.78,0.572,F8V,Tri,,
8778,,1.881142,-16.92925,5.78,0.26,F0V,Cet,,
50078,,10.224448,-51.755788,5.78,0.136,A3IV/V,Vel,,
58952,Tonatiuh,12.087451,76.905734,5.78,1.029,G9III,Cam,,
60969,,12.498388,-56.52494,5.78,1.572,M1III,Cru,,
61498,,12.600289,-39.869505,5.78,0.003,A0V,Cen,,
64332,,13.185805,-42.232891,5.78,0.521,F7IV,Cen,,
72208,,14.768319,15.131788,5.78,1.335,M5III,Boo,,
72934,,14.906354,-11.898348,5.78,0.982,G7III,Lib,Xi-1,13
77562,,15.835304,-53.20977,5.78,-0.076,B8V,Nor,,
77990,,15.925665,-60.177647,5.78,0.355,Amvar,Nor,,
78142,,15.955924,-36.185344,5.78,1.095,K0/K1III+..,Lup,,
79497,,16.222984,-55.540947,5.78,0.365,F2III,Nor,Zet,
82775,,16.916251,-41.150858,5.78,0.132,O8Iab+...,Sco,,
85699,,17.513056,86.968047,5.78,0.239,A2m,UMi,,24
86552,,17.687844,-46.92183,5.78,-0.004,A0V,Ara,,
87393,,17.859853,-60.164056,5.78,1.008,K0III,Pav,,
91405,,18.641865,-23.504893,5.78,-0.018,B8III,Sgr,,
93845,,19.110665,24.250793,5.78,0.104,A4III,Vul,,
12186,,2.616281,-34.577977,5.78,0.653,G1V,For,Lam-2,
12803,,2.742493,15.311862,5.78,-0.024,B9Vn,Ari,Omi,37
101475,,20.565234,46.693866,5.78,-0.14,B9sp...,Cyg,,
103226,,20.913283,-17.922894,5.78,1.122,K0III,Cap,,19
105928,,21.454117,-21.19621,5.78,1.44,K3III,Cap,,35
107887,,21.859513,19.826682,5.78,-0.1,B8III,Peg,,
109471,,22.177065,11.624539,5.78,1.617,M1III,Peg,,
110668,,22.419573,-70.431622,5.78,0.396,F3III,Ind,,
117887,,23.912951,0.109309,5.78,1.466,M5IIb,Psc,,
14893,,3.203957,27.256968,5.78,-0.106,B9p Si,Ari,,56
15876,,3.408249,33.535962,5.78,-0.001,A0V,Per,,
18081,,3.864922,34.359119,5.78,-0.036,B1V,Per,,
20297,,4.349455,-81.57992,5.78,0.359,F0/F2III,Men,Nu,
21148,,4.533845,53.91083,5.78,0.119,B0III SB,Cam,,1
21588,,4.635956,16.033291,5.78,0.312,F0V,Tau,,89
22024,,4.734811,-8.503571,5.78,-0.076,B2Ve,Eri,,56
25041,,5.3621,8.428556,5.78,-0.114,B1V...,Ori,,
25397,,5.433285,-19.695399,5.78,0.441,F5V,Lep,,
27280,,5.781149,9.522343,5.78,0.888,G8III,Ori,,
29388,,6.193496,48.710989,5.78,0.1,A3V+...,Aur,,41
29451,,6.20559,32.69338,5.78,1.646,M1III,Aur,,
30463,,6.40385,-60.281325,5.78,-0.001,A0V,Pic,,
31446,,6.58773,0.890216,5.78,0.004,B8Ib,Mon,,
32851,,6.847176,-0.540882,5.78,0.396,F2V,Mon,,
33914,,7.038193,15.336008,5.78,1.14,K1III:,Gem,,
34215,,7.094174,9.1858,5.78,1.513,M0III,Mon,,
35120,,7.260953,7.977742,5.78,1.537,M4III,CMi,,
36362,,7.484699,-31.456216,5.78,-0.185,B2IV,Pup,,
36848,,7.576333,-27.012275,5.78,1.045,K1III,Pup,,
37223,,7.645528,-36.49683,5.78,-0.148,B3III,Pup,,
38160,,7.820257,-60.283688,5.78,0.428,F1V,Car,,
38210,,7.828054,-66.195974,5.78,-0.04,B9V,Vol,,
39221,,8.022434,59.047398,5.78,0.421,F2:V:,Lyn,,
43669,,8.896851,-60.353909,5.78,-0.088,B5III,Car,,
45122,,9.192607,-46.583911,5.78,-0.218,B2IV-V,Vel,,
1657,,0.345978,32.911186,5.79,1.595,K5III,And,,
7118,,1.52868,-30.283081,5.79,1.073,K0III,Scl,,
51420,,10.501792,38.925132,5.79,0.087,A4V,LMi,,32
52478,,10.728702,57.199203,5.79,-0.038,A0Vs,UMa,,39
54561,,11.164831,-32.367529,5.79,0.027,A1V,Hya,,
54863,,11.233843,8.060695,5.79,1.128,K3III,Leo,,
60463,,12.395765,-38.911381,5.79,-0.064,B8/B9V,Cen,,
63414,,12.99431,-3.811926,5.79,0.203,A3V,Vir,,44
64179,,13.153454,10.022468,5.79,1.025,K0III,Vir,,
66681,,13.669656,-64.576553,5.79,0.401,F3III-IV,Cen,,
76532,,15.630011,-23.141698,5.79,1.074,K0III,Lib,,
78649,,16.055379,36.631787,5.79,0.586,A2V+...,CrB,,
80672,,16.470685,-37.179881,5.79,1.104,K1IIICN...,Sco,,
83150,,16.992771,-69.268164,5.79,-0.103,Ap Si,TrA,,
88817,,18.130417,26.09734,5.79,0.127,A3V,Her,,100
91118,,18.586834,18.20341,5.79,0.006,A0Vn,Her,,
94434,,19.220463,-25.906786,5.79,1.387,K2III,Sgr,,
95793,,19.483608,1.950448,5.79,0.088,A0V,Aql,,35
97985,,19.913403,36.995676,5.79,0.773,Fp,Cyg,,
10540,,2.262789,25.782937,5.79,0.439,F6IV-V,Ari,,20
12114,268 G. Cet,2.601357,6.88687,5.79,0.918,K3V,Cet,,
12444,,2.670117,-9.452875,5.79,0.524,F6V,Cet,,
102026,,20.6757,-16.12418,5.79,0.997,K0III,Cap,,
106592,,21.588228,-3.983305,5.79,1.11,G9III:,Aqr,,
108758,,22.030718,52.882253,5.79,-0.106,B5III,Cyg,,
109240,,22.130641,21.702926,5.79,-0.077,B7Vn,Peg,,25
110578,,22.401912,-4.83702,5.79,-0.033,A0V,Aqr,,51
110992,,22.486174,26.763198,5.79,1.252,K2II,Peg,,
113048,,22.894488,44.749163,5.79,0.282,A3m,Lac,,
113902,,23.066566,-41.478896,5.79,1.069,K0III,Gru,,
15192,,3.263325,57.14062,5.79,0.644,A0Ia,Per,,
16591,,3.559731,39.899478,5.79,0.139,A5m,Per,,
17585,,3.766907,67.201605,5.79,0.347,F0IV,Cam,,
21253,,4.559453,-62.823677,5.79,1.028,K1III,Ret,,
22913,,4.930598,15.040278,5.79,-0.085,B9V,Ori,,
23068,,4.963513,23.948562,5.79,1.109,G8III:,Tau,,99
23088,,4.969275,25.050405,5.79,0.018,A0V,Tau,,98
26169,,5.579106,-73.741277,5.79,1.717,M2/M3III,Men,,
27549,,5.834079,9.871218,5.79,0.876,G8III,Ori,,
28899,,6.101538,-29.758624,5.79,0.041,A1V,Col,,
30011,,6.316382,-20.925611,5.79,-0.155,B3II/III,CMa,,
31992,,6.684845,0.495323,5.79,-0.094,B8III,Mon,,
35998,,7.418977,-13.751978,5.79,0.432,F3V,CMa,,
36024,,7.423686,-25.217767,5.79,-0.103,B5III,CMa,,
36251,,7.46435,-11.556867,5.79,0.583,B8Vv comp VB,CMa,,
37508,,7.697735,13.480453,5.79,1.669,M2III,Gem,,
42177,,8.597787,-50.969651,5.79,-0.132,B8 Si,Vel,,
43012,,8.765339,-79.504373,5.79,1.595,K5III,Cha,,
43603,,8.880005,-38.724086,5.79,1.508,K5/M0III,Vel,,
45743,,9.32587,-15.834663,5.79,1.285,K1/K2III,Hya,,
45915,,9.362026,56.699219,5.79,1.511,M4IIIa,UMa,,
48339,,9.853347,-59.425774,5.79,1.354,K2IIICNp...,Car,,
171,,0.036139,27.082256,5.8,0.69,G3V,Peg,,85
418,,0.085039,61.31397,5.8,-0.067,B8MNp...,Cas,,
3583,,0.76265,-47.551985,5.8,0.635,G5IV,Phe,,
4267,,0.909785,19.188417,5.8,-0.016,A1Vn,Psc,,66
5550,,1.186189,37.724121,5.8,-0.095,B7III-IV,And,,45
,p Eridani,1.663003,-56.19462,5.8,0.86,K2 V,Eri,,
49764,,10.158386,-68.682779,5.8,0.015,A0IV,Car,,
50493,,10.310561,-56.110393,5.8,0.481,F6V,Vel,,
52980,,10.838349,-8.897763,5.8,0.156,A3m,Sex,,41
55716,,11.416369,11.430292,5.8,1.376,K4III,Leo,,
55849,,11.446467,-53.159915,5.8,0.517,K0III+...,Cen,,
56601,,11.604987,27.781351,5.8,0.248,F0V,Leo,,
59920,,12.291551,53.191331,5.8,1.33,K6III,UMa,,
72210,,14.768547,-23.153018,5.8,0.98,K0III,Lib,,
72552,,14.832888,28.615832,5.8,0.046,A4V,Boo,,
76878,,15.698532,18.464037,5.8,0.207,A2m,Ser,Tau-7,22
79757,,16.279107,29.150261,5.8,0.063,A3V,CrB,Ups,18
85998,,17.57686,9.5867,5.8,0.04,A2V,Oph,,53
92367,,18.824257,-45.8101,5.8,0.891,G6IV,Tel,,
12239,,2.626676,65.745336,5.8,1.561,K5III,Cas,,
13055,,2.796568,81.448475,5.8,1.3,G8p...,Cep,,
13834,,2.968114,20.668733,5.8,0.415,F5IV,Ari,,47
98512,,20.013424,-45.112918,5.8,0.295,A8III,Sgr,,
98819,,20.068399,17.070173,5.8,0.6,G1V,Sge,,15
109332,,22.14972,-18.519592,5.8,-0.154,B2III,Aqr,,35
110009,,22.281268,-9.040067,5.8,1.158,K3III:,Aqr,,
111660,,22.620247,75.371811,5.8,1.594,M1III,Cep,,
113031,,22.891307,-11.616514,5.8,-0.082,B8IV/V,Aqr,,74
18217,,3.895345,57.975141,5.8,0.182,A5m,Cam,,
19571,,4.193389,-20.356157,5.8,0.165,A1V + (F/G),Eri,,
23916,,5.138942,-8.665324,5.8,-0.059,B8V,Eri,,
25708,,5.489913,-3.446394,5.8,1.149,K1III...,Ori,,
28855,,6.090882,-35.513647,5.8,0.027,A0V,Col,,
33248,,6.917427,-20.404876,5.8,0.048,A2V,CMa,,17
34339,,7.118633,-40.893268,5.8,-0.158,B3V,Pup,,
34975,,7.236347,-3.901779,5.8,1.585,K5III,Mon,,
35785,,7.381127,55.281392,5.8,-0.078,B8V,Lyn,,19
35984,,7.415857,51.887258,5.8,1.61,K5III,Lyn,,
37710,,7.736027,-36.062505,5.8,0.32,F0IV,Pup,,
38848,,7.949848,15.790281,5.8,1.285,K3III,Cnc,,1
40866,,8.339158,20.747721,5.8,1.137,K1III,Cnc,,
42028,,8.567116,-2.151555,5.8,0.007,A1V,Hya,,
44075,,8.978869,-16.132727,5.8,0.521,F7/F8IV/V,Hya,,
44256,,9.012707,-60.963828,5.8,1.211,G8II,Car,,
47498,,9.68393,-57.259542,5.8,1.083,K0/K1III,Car,,
47943,,9.769457,6.708556,5.8,1.639,M1III,Leo,,
5494,,1.17207,25.457763,5.81,1.466,K5III,Psc,,
50384,,10.287378,23.10622,5.81,0.5,F8Vw,Leo,,39
53762,,10.999831,-43.80711,5.81,-0.064,B8/B9V,Vel,,
64927,,13.307701,34.098304,5.81,1.366,K4.5III,CVn,,
65247,,13.371191,-52.182956,5.81,0.072,B2.5Ib,Cen,,
66563,,13.645021,-29.560867,5.81,0.431,F3V,Hya,,
67143,,13.760249,-26.116009,5.81,0.023,A0V,Hya,,
77738,,15.871269,55.826713,5.81,0.972,G8III:,Dra,,
86620,Dziban B,17.699461,72.156911,5.81,0.53,G0V,Dra,Psi-1,31
89609,,18.286563,-17.373886,5.81,1.569,K2III,Sgr,,
90342,,18.432996,29.82893,5.81,0.068,A2IV,Her,,
95222,,19.372651,-0.252345,5.81,1.093,G8III:,Aql,,
10871,,2.331739,-55.944796,5.81,1.57,K5III,Hor,,
11090,,2.380644,41.396297,5.81,0.289,F0III-IV,And,,
12148,,2.609742,7.730026,5.81,1.04,K0III:,Cet,,
99026,,20.103823,53.165688,5.81,0.445,F5V,Cyg,,
99663,,20.224331,60.640569,5.81,1.476,K5III,Cep,,
105413,,21.35134,7.354503,5.81,1.663,M2III,Equ,,9
114167,,23.120774,-50.686681,5.81,0.486,F6.5IV-V+..,Gru,,
115191,,23.331225,42.078044,5.81,1.512,M0III,And,,10
116582,,23.625567,44.428994,5.81,-0.064,B8V,And,,
118281,,23.991472,33.723878,5.81,0.539,F8,And,,
14187,,3.048849,-46.975036,5.81,1.304,K2/K3III,Eri,,
16368,,3.514359,-66.489714,5.81,-0.055,B8V,Ret,,
17798,,3.809918,-20.902977,5.81,1.602,K5III,Eri,,
20465,,4.384909,-24.892157,5.81,1.507,K5III,Eri,,
24732,,5.30368,73.268071,5.81,-0.023,A0V,Cam,,
26545,,5.645424,-40.707306,5.81,-0.078,B8V,Col,,
28287,,5.977097,-44.034562,5.81,1.061,G8II,Pic,,
32402,,6.764922,-52.409691,5.81,1.551,K3III,Car,,
35202,,7.275515,-38.318928,5.81,-0.133,B4V,Pup,,
7078,,1.520444,70.264604,5.82,0.489,F6V,Cas,,38
55581,,11.385596,-56.779355,5.82,-0.004,A4:p,Cen,,
59728,,12.249884,-20.84422,5.82,1.052,K0IIICN...,Crv,,
60584,,12.41756,56.777828,5.82,1.622,M3III,UMa,,71
64822,,13.2872,-43.979479,5.82,0.187,Am,Cen,,
65536,,13.435566,72.391476,5.82,1.652,M1III,UMi,,
68079,,13.938837,-46.592948,5.82,1.14,K0IV,Cen,,
74096,,15.143212,25.108635,5.82,1.233,K1III,Boo,,
75944,,15.511223,-16.609464,5.82,1.056,K0III,Lib,Zet-3,34
76207,,15.567143,-40.066432,5.82,1.695,M2III,Lup,,
76569,,15.637855,-21.016327,5.82,1.077,K0III,Lib,,
78442,,16.014204,4.427363,5.82,1.003,K0III:,Ser,,
85207,,17.411675,-21.441479,5.82,0.939,K0III,Oph,,
87812,,17.938445,0.670355,5.82,0.058,B2IV-V,Oph,,
91532,,18.666774,-7.790799,5.82,1.536,K4III,Sct,,
91974,,18.747112,-25.010914,5.82,0.033,B8III,Sgr,,
92027,,18.757879,5.500128,5.82,0.041,A1V,Ser,,
92488,,18.849586,-9.774096,5.82,0.594,F2Ib,Sct,,
93580,,19.058959,1.818768,5.82,0.182,A4V,Aql,,
95785,,19.482523,24.768723,5.82,1.023,K0III,Vul,,8
13835,,2.968258,-23.606012,5.82,1.334,K2III,Eri,,6
100276,,20.339279,17.792928,5.82,1.5,K5III,Sge,,
111600,,22.609846,-31.663789,5.82,1.074,K2III,PsA,,
112590,,22.803067,37.416688,5.82,1.024,G8III:,Lac,,
113084,,22.901935,40.376907,5.82,1.136,K0III,Lac,,
116250,,23.555432,-77.385327,5.82,0.681,G2V,Oct,,
16340,,3.510262,48.103596,5.82,-0.033,B8V,Per,,
16846,,3.613136,0.587758,5.82,0.885,G5IV/V +K1IV,Tau,,
17891,,3.826836,63.296967,5.82,0.189,A5Vn,Cam,,
22573,,4.857837,-34.906286,5.82,0.105,A2/A3V,Cae,,
28992,,6.117686,-34.312021,5.82,-0.137,B4Vnn,Col,,
30703,,6.451147,-58.002116,5.82,1.279,K3III,Pic,,
31072,,6.520304,-35.25884,5.82,0.813,G8III+...,Col,,
31173,,6.540885,32.454898,5.82,0.188,A3m + A3m,Aur,,
38159,,7.82024,-46.857717,5.82,-0.142,B1.5IV,Pup,,
41621,,8.485436,-44.160413,5.82,-0.16,B2V,Vel,,
3299,,0.700953,66.147592,5.83,1.042,G9III-IV,Cas,,
5021,,1.072084,61.580184,5.83,0.569,F6V,Cas,,
8544,,1.835714,22.275338,5.83,0.743,K1III+...,Ari,,1
56035,,11.484621,61.778368,5.83,0.382,F5Vawvar,UMa,,
58181,,11.932892,56.59856,5.83,1.101,K1III,UMa,,66
62512,,12.810944,60.319822,5.83,0.467,F5V,UMa,,
67861,,13.899234,-47.128164,5.83,-0.053,B2IIIe,Cen,,
70663,,14.453392,-46.134254,5.83,0.311,Am,Lup,,
71573,,14.63756,54.023339,5.83,0.007,A1V,Boo,,
73566,,15.035119,-28.060611,5.83,0.164,A4IV,Hya,,60
80351,,16.403008,6.948207,5.83,0.018,A2sp...,Her,,21
81289,,16.603113,46.613333,5.83,1.044,G8II,Her,,
81472,,16.640637,-43.398426,5.83,-0.053,B2.5IV,Sco,,
85379,,17.445623,48.260065,5.83,0.121,A4V,Her,,77
85760,,17.524298,-80.859134,5.83,1.617,M3III,Aps,,
88818,,18.130434,26.10128,5.83,0.158,A3V,Her,,100
97376,,19.79105,38.407614,5.83,-0.087,B8Vn,Cyg,,
13108,,2.808913,18.28379,5.83,1.216,K1III,Ari,,40
100069,,20.301941,40.732082,5.83,0.073,O9V,Cyg,,
103359,,20.940407,50.728598,5.83,0.337,F0III,Cyg,,
103810,,21.035834,56.669614,5.83,-0.058,B8III,Cep,,
104680,,21.203806,-40.269362,5.83,0.45,F5IV,Mic,,
105164,,21.303076,-4.519478,5.83,-0.13,B5V,Aqr,,15
108875,,22.055287,11.386552,5.83,-0.05,B9.5V,Peg,,21
110787,,22.445122,78.785853,5.83,0.171,A2m,Cep,Rho-1,28
114382,,23.165955,-42.861292,5.83,0.475,F4IV,Gru,,
26396,,5.619123,26.924473,5.83,-0.075,B9IV-V,Tau,,
29379,,6.192307,24.420253,5.83,1.11,K0III,Gem,,5
29575,,6.231732,-3.741374,5.83,0.91,G8III,Ori,,
29629,,6.243529,-4.568457,5.83,-0.155,B5V,Mon,,
35749,,7.373719,-5.982829,5.83,0.352,F3IV,Mon,,
36812,,7.571081,3.371725,5.83,-0.018,A0Vnn,CMi,Del-3,9
39380,,8.051156,-32.463548,5.83,1.225,K2/K3III,Pup,,
40077,,8.186332,-48.461994,5.83,-0.146,B3V,Vel,,
45559,,9.285478,-14.574069,5.83,1.049,K0III,Hya,,
45675,,9.311766,-51.560651,5.83,0.474,B7Iab,Vel,,
48748,,9.943192,-33.418496,5.83,1.202,K1III,Ant,,
840,,0.171908,-5.248588,5.84,0.973,K1III,Psc,,
873,,0.178565,-12.579897,5.84,1.0,K0III,Cet,,
6502,,1.391933,-30.945617,5.84,1.612,M0III,Scl,,
9132,,1.962151,27.804381,5.84,1.576,M2III,Tri,,
50336,,10.278268,25.370705,5.84,1.206,K2III:,Leo,,
52139,,10.65213,37.91,5.84,0.595,F9V,LMi,,38
56606,,11.606215,-61.052433,5.84,-0.102,B2.5IV,Cen,,
61916,,12.689723,-46.145581,5.84,1.475,K3II,Cen,,
63143,,12.938221,54.099489,5.84,0.204,A5m,UMa,,
64587,,13.238153,-78.447454,5.84,1.04,F8Ib,Cha,,
64623,,13.245361,-48.957022,5.84,1.061,K0IV,Cen,,
69829,,14.291237,15.26338,5.84,1.678,M3III,Boo,,
71002,,14.521224,-67.717197,5.84,1.006,K1III,Cir,,
74539,,15.231476,-26.193569,5.84,1.139,G8/K0II,Lib,,
76594,,15.642833,50.423283,5.84,0.847,G8III,Boo,,
78168,,15.96124,-20.98308,5.84,0.012,B3V,Sco,,
81741,,16.695961,-33.145759,5.84,0.653,G1II,Sco,,
82716,,16.907484,-42.478891,5.84,0.626,F5Ib-II,Sco,,
85889,,17.552052,-41.173066,5.84,0.041,B9Ib/II,Sco,,
87472,,17.872156,-34.416842,5.84,1.129,G8/K0III,Sco,,
88670,,18.102055,-8.323956,5.84,0.184,B8III-IV,Ser,,
91461,,18.653968,-47.909767,5.84,0.233,A3V,Tel,,
92822,,18.913095,48.859401,5.84,0.452,F3III,Dra,,
95188,,19.364137,-18.308388,5.84,1.062,K0III,Sgr,Rho-2,45
95582,,19.441302,19.891493,5.84,1.558,M0III,Vul,,
95732,,19.472444,2.93003,5.84,-0.003,B6III,Aql,,
10035,,2.152584,-43.516596,5.84,1.197,K1III,Phe,,
11840,,2.547952,34.54241,5.84,1.083,K0III,Tri,,
12288,,2.638515,-30.194062,5.84,0.476,F5V,For,Iot-2,
99572,,20.207186,-12.617497,5.84,0.476,F5V,Cap,Xi-2,2
106062,,21.483271,22.179436,5.84,1.37,M4III,Peg,,
108226,,21.925276,65.320809,5.84,-0.037,B2.5Ve,Cep,,
111810,,22.647942,19.522263,5.84,0.922,G8II,Peg,,40
112417,,22.769497,44.546054,5.84,0.358,F0III-IV,Lac,,
14110,,3.032255,-9.961407,5.84,1.092,G6III:,Eri,,
15305,,3.290722,-47.751664,5.84,1.228,K2III,Hor,,
19454,,4.166752,86.626139,5.84,0.393,F5IV,Cep,,
22407,,4.821965,32.588191,5.84,0.25,A8m,Aur,,
23148,,4.980829,-82.470512,5.84,0.932,G8III,Men,Xi,
23883,,5.132066,21.704821,5.84,0.168,B2Ve,Tau,,105
34758,,7.19489,-20.883063,5.84,-0.038,A0IV/V,CMa,,
35025,,7.244993,24.884984,5.84,1.554,M1IIIvar,Gem,,52
36721,,7.552716,-24.710731,5.84,0.156,A3III,Pup,,
52922,,10.823457,-59.323793,5.85,0.008,B9.5IV/V,Car,,
52948,,10.828747,-9.852695,5.85,1.074,G8III:,Sex,,
57841,,11.861559,-30.834809,5.85,0.554,F8V,Hya,,
59608,,12.223872,10.262341,5.85,0.262,A2m,Vir,,12
66798,,13.691625,64.822411,5.85,0.073,A2V,Dra,,
72959,,14.910532,-33.300575,5.85,1.429,K2III,Cen,,
74100,,15.144223,-42.867921,5.85,-0.123,B7V,Lup,,
76509,,15.625562,54.508733,5.85,1.098,K1III:,Dra,,
77370,,15.793867,55.376627,5.85,0.249,A3m,Dra,,
91438,,18.648168,-21.051871,5.85,0.673,G5V,Sgr,,
94336,,19.201416,49.855755,5.85,0.666,G4V+...,Cyg,,
95352,,19.399027,43.388171,5.85,0.924,G6.5IIIa,Lyr,,
12686,,2.716528,53.526105,5.85,1.125,K0II-III,Per,,
111643,,22.616346,-40.591034,5.85,0.06,A1V,Gru,Sig-2,
113622,,23.011917,3.011805,5.85,1.343,K4III,Psc,,
114641,,23.224029,11.065001,5.85,1.004,G5III:,Peg,,
117722,,23.874998,-14.251217,5.85,1.252,K2III,Aqr,,
18606,,3.981221,-5.469947,5.85,1.001,G9V,Eri,,
20271,,4.345232,-7.592493,5.85,-0.124,B5III,Eri,,
21604,,4.637731,20.684722,5.85,-0.019,B8V,Tau,,
33377,,6.942238,46.273998,5.85,-0.079,B8III,Aur,Psi-9,
34819,,7.207327,24.128594,5.85,0.397,F5IV,Gem,,48
44406,,9.045783,7.298267,5.85,1.1,K3III:,Cnc,,
45314,,9.235615,-44.145822,5.85,-0.113,B6IV,Vel,,
45386,,9.249213,-37.602396,5.85,0.827,K0/K1III+..,Vel,,
48734,,9.940549,8.933157,5.85,1.129,K2III:,Leo,,
1372,,0.285845,47.947405,5.86,-0.079,B7III,Cas,,
3750,,0.802487,72.674482,5.86,1.01,K0IV,Cas,,
8387,,1.803038,16.955551,5.86,-0.039,B9.5V,Ari,,4
49893,,10.186884,37.4019,5.86,1.282,K3III,LMi,,
53778,,11.003248,-14.083368,5.86,1.501,K5III,Crt,,
61420,,12.585602,21.881384,5.86,1.242,K1III,Com,,
61720,,12.650962,-30.422387,5.86,1.207,K2/K3III,Hya,,
69929,,14.310627,-18.715968,5.86,0.013,Ap Si(Cr),Vir,,
71182,,14.558325,-52.679522,5.86,1.085,K0III,Lup,,
71184,,14.559004,-54.998628,5.86,0.482,F6IV-V,Lup,,
72567,,14.837723,23.911844,5.86,0.576,G2V,Boo,,
77052,,15.733839,2.515173,5.86,0.684,G5V,Ser,Psi,23
77541,,15.83264,-48.912408,5.86,0.068,A2IV,Nor,,
79098,,16.145478,-23.685416,5.86,0.02,B9V,Sco,,
79320,,16.188256,-41.119803,5.86,0.273,F0IV,Sco,,
82172,,16.788818,42.238918,5.86,1.504,M4IIIa,Her,,
82621,,16.89034,-20.415555,5.86,0.685,G5IV,Oph,,
85049,,17.382007,-58.010327,5.86,1.075,G8Ib/II,Ara,,
88101,,17.993545,-4.821126,5.86,1.561,K5III,Oph,,
89099,,18.184876,-41.359113,5.86,0.295,F0Vn,CrA,,
89115,,18.187714,-75.89151,5.86,1.253,K3III,Aps,,
89234,,18.209482,-73.672417,5.86,0.464,F5V,Aps,,
94157,,19.166015,-41.892256,5.86,-0.08,B5V,CrA,,
97081,,19.729192,41.773108,5.86,1.598,M0III,Cyg,,
10326,,2.21694,-21.000137,5.86,1.006,K0III,Cet,,
13339,,2.861594,46.841939,5.86,0.903,G8III,Per,,
100062,,20.300388,-21.80996,5.86,1.002,G8III,Cap,,4
100738,,20.424119,-28.663269,5.86,1.101,G8II/III,Sgr,,
102772,,20.821559,-25.78124,5.86,-0.069,B8II,Cap,,
112997,,22.883963,16.841194,5.86,1.132,K1III SB,Peg,,
116380,,23.583065,71.642043,5.86,1.681,K0Ib,Cep,,
117503,,23.828044,36.425281,5.86,0.806,G1IIIe,And,,
16989,,3.641459,-7.391863,5.86,0.98,G5III:,Eri,,
20341,,4.357511,-0.09817,5.86,1.32,K2,Eri,,
21972,,4.722665,49.973789,5.86,0.013,B9III,Per,,
23475,,5.045943,-4.210121,5.86,1.212,K3,Eri,,
25488,,5.451478,-40.94351,5.86,0.239,A7m,Col,,
25887,,5.526666,-45.925317,5.86,1.349,K3III,Pic,,
29616,,6.241273,17.906353,5.86,0.253,A6m,Ori,,
31039,,6.51309,58.162633,5.86,0.934,K0IV,Lyn,,6
33937,,7.04258,16.674447,5.86,1.659,M2III,Gem,,
35347,,7.301181,-43.986786,5.86,-0.117,B8II/III,Pup,,
36399,,7.490455,-7.551168,5.86,0.487,F8V,Mon,,
38712,,7.925398,8.86284,5.86,0.369,F2IV,CMi,,
40357,,8.239965,-45.834522,5.86,-0.176,B2IV-V,Vel,,
43370,,8.833953,-29.462997,5.86,0.948,G8III,Pyx,,
45585,,9.291005,-74.734591,5.86,-0.024,A0V,Car,,
46618,,9.506246,-15.577352,5.86,1.193,K2III,Hya,,
46736,,9.52584,-35.71475,5.86,1.287,K3III,Ant,,
48893,,9.973019,72.879509,5.86,1.155,K3III:,UMa,,
207,,0.043357,66.098966,5.87,1.073,G8III,Cas,,
5926,,1.269972,71.743842,5.87,2.042,K1V,Cas,,
6226,,1.330082,-0.509029,5.87,0.635,A7V...,Cet,,42
52841,,10.803921,-31.68785,5.87,0.028,A1V,Hya,,
55763,,11.425862,-37.747575,5.87,1.503,M3III,Cen,,
62360,,12.779508,-33.315483,5.87,1.326,K3III,Cen,,
62641,,12.836321,37.516937,5.87,0.17,A3V,CVn,,
67836,,13.895306,-53.373323,5.87,0.009,B5III,Cen,,
69965,,14.316922,-25.815426,5.87,0.518,F7Vw,Hya,,
70657,,14.451973,-65.821646,5.87,1.502,K3III,Cir,,
77909,,15.910981,-25.243741,5.87,-0.065,B8III/IV,Sco,,3
84248,,17.221673,-67.196591,5.87,1.07,K0III-IV,Ara,,
86219,,17.619125,72.455794,5.87,1.016,G9III,Dra,,
86847,,17.745002,-42.729302,5.87,0.163,A2/A3IV/V,Sco,,
90637,,18.493253,23.866202,5.87,-0.096,B6IV,Her,,
98416,,19.996485,-9.958238,5.87,0.598,F8V,Aql,,
9572,,2.049602,-15.305932,5.87,0.966,K0II/III,Cet,,
99889,,20.266837,45.579525,5.87,0.447,F5V:,Cyg,,
100574,,20.395658,37.476449,5.87,-0.173,B2Vne,Cyg,,
102891,,20.844938,-12.544906,5.87,1.075,K1III,Aqr,,
105412,,21.351199,-4.560125,5.87,0.912,G7III:,Aqr,,16
109730,,22.227415,28.608017,5.87,1.169,K2III,Peg,,
20804,,4.457991,11.2123,5.87,0.049,B8IV,Tau,,
26487,,5.633644,7.54142,5.87,-0.061,B8III,Ori,,
27533,,5.831528,-22.971872,5.87,0.055,A1V,Lep,,
28011,,5.925048,-4.616546,5.87,1.173,K2III:,Ori,,
30666,,6.444329,-1.507336,5.87,0.07,A3Vn,Mon,,
31665,,6.627332,56.857531,5.87,0.006,A2V,Lyn,,11
32753,,6.83051,16.202888,5.87,-0.136,B7III,Gem,,33
35341,,7.300616,40.883392,5.87,0.181,A5Vn,Aur,,64
35626,,7.351204,-25.891643,5.87,1.604,M3III,CMa,,
36444,,7.499925,-52.651157,5.87,1.01,K0III,Car,,
37915,,7.769596,-37.93367,5.87,-0.111,B5V,Pup,,
39184,,8.013875,-54.151275,5.87,-0.134,B5Vn,Car,,
39191,,8.01552,25.392836,5.87,1.021,G8III:,Cnc,Ome-1,2
46652,,9.512006,33.655711,5.87,1.032,G8III:,LMi,,7
1493,,0.310625,31.517227,5.88,-0.014,A0IV,And,,
2475,,0.523787,33.581642,5.88,1.133,K1III...,And,,
3093,,0.656063,21.250472,5.88,0.85,K0V,Psc,,54
4346,,0.928444,-7.347149,5.88,1.52,K5III,Cet,,
7601,,1.631959,-82.974995,5.88,0.62,G2V,Oct,,
50685,,10.350943,68.747651,5.88,0.241,A7Vn,UMa,,
53723,,10.991925,-16.353701,5.88,1.6,M1III,Crt,,
55086,,11.278299,49.47625,5.88,1.102,K0III:,UMa,,
61181,,12.536089,-73.001056,5.88,1.078,K1III,Mus,,
61558,,12.613154,-5.831898,5.88,0.072,A3V,Vir,,25
62402,,12.788594,62.781155,5.88,0.215,A9V,UMa,,
65323,,13.388582,-4.924427,5.88,1.431,K3III,Vir,,65
65550,,13.437943,46.028055,5.88,0.985,K0III:,CVn,,
67194,,13.770435,41.088746,5.88,0.211,A5V,CVn,,
71353,,14.592079,-41.517436,5.88,-0.085,B6V,Cen,,
73310,,14.98155,-11.144014,5.88,1.274,K3III-IV,Lib,,18
73493,,15.020303,-38.058398,5.88,1.246,K2/K3III,Cen,,
74296,,15.185777,-84.787812,5.88,-0.031,B9.5V,Oct,Ome,
74901,,15.307257,-0.461234,5.88,1.507,K5III,Ser,,
83176,,16.999363,-25.092198,5.88,1.607,M1/M2III,Oph,,
87460,,17.870461,-34.799196,5.88,-0.111,B6Ib,Sco,,
90915,,18.546154,23.616801,5.88,1.49,K5III,Her,,
90930,,18.548704,-73.965596,5.88,0.992,K0III,Pav,,
94013,,19.140507,52.425731,5.88,1.086,K1IV,Cyg,,
94630,,19.256905,30.526381,5.88,1.665,M0III,Lyr,,
97783,,19.870001,-19.044991,5.88,0.979,K0III,Sgr,,57
11348,,2.433431,-15.341247,5.88,0.116,Ap SrCrEu,Cet,,
11670,,2.508986,25.235036,5.88,0.412,F6IV,Ari,,
98609,,20.029086,24.800423,5.88,-0.134,B4V,Vul,,
104171,,21.10649,71.431797,5.88,0.386,F3IV,Cep,,
107232,,21.717888,-14.399709,5.88,0.255,A9/F0V,Cap,,44
109972,,22.274039,57.220238,5.88,0.95,G8III,Cep,,
111259,,22.54066,39.779733,5.88,0.166,A6V,Lac,,
111394,,22.567476,-1.57427,5.88,0.977,G6III,Aqr,,60
111934,,22.672866,-30.658871,5.88,1.297,K2/K3III,PsA,,
114366,,23.162397,-28.088572,5.88,1.311,K2III,Scl,,
14086,,3.027115,-28.091554,5.88,0.794,G8/K0V,For,Eps,
19129,,4.100882,68.679972,5.88,1.543,K2III,Cam,,
20020,,4.294519,-63.255405,5.88,-0.061,B+...,Ret,The,
21323,,4.57722,28.96115,5.88,-0.048,B9p...,Tau,,
24203,,5.195931,1.037028,5.88,0.662,F5,Ori,,
26865,,5.703877,-22.373715,5.88,0.08,A2/A3V,Lep,,12
28854,,6.090842,-10.242596,5.88,0.374,F4V:,Mon,,
29679,,6.252334,-20.272186,5.88,1.322,K2III,CMa,,
29852,,6.285991,-37.253498,5.88,0.139,A2V,Col,,
30545,,6.421263,-0.945883,5.88,0.564,F8V,Mon,,
30972,,6.500827,46.685554,5.88,1.448,K4III,Aur,,47
31159,,6.538668,4.855999,5.88,0.997,K0V,Mon,,12
31946,,6.675624,71.748786,5.88,1.223,K0III,Cam,,
32226,,6.727402,3.932528,5.88,-0.046,B0III,Mon,,
33415,,6.94891,46.705352,5.88,1.093,K0III:,Aur,,
40305,,8.230607,56.452246,5.88,1.016,G9III,Lyn,,
41074,,8.380538,-26.34822,5.88,0.379,F2Iab,Pup,,
41935,,8.54861,38.016368,5.88,1.106,K2III,Lyn,,
44024,,8.965434,-48.57291,5.88,1.06,G8/K0II,Vel,,
46620,,9.50651,-58.361839,5.88,1.676,M2III,Car,,
1630,,0.340111,30.935614,5.89,-0.098,B7V,And,,
2903,,0.613142,15.231725,5.89,-0.146,B2.5IV,Psc,,53
3170,,0.673659,-59.454604,5.89,0.564,G1V,Tuc,,
9001,,1.9318,37.277786,5.89,1.599,K5III,And,,
9307,,1.993244,21.05857,5.89,1.031,K0III-IV,Ari,,
50860,,10.385091,33.908145,5.89,0.147,A6V,LMi,,27
52043,,10.63407,-57.256309,5.89,-0.128,B3IV,Car,,
54537,,11.160699,43.207736,5.89,1.564,M2III,UMa,,
56287,,11.538888,-66.961823,5.89,1.136,K1IIICN...,Mus,,
58103,,11.916672,-63.27918,5.89,0.21,A3Ib,Cen,,
58720,,12.043815,-69.192288,5.89,-0.08,B9V,Mus,,
58858,,12.071277,21.459153,5.89,0.248,F0IV-V,Com,,2
62931,,12.896923,-60.376244,5.89,0.2,B5Ia,Cru,Kap,
63033,,12.916269,-44.151968,5.89,0.633,G2IV,Cen,,
65241,,13.369358,5.154764,5.89,0.109,A2m,Vir,,64
67605,,13.85256,34.664399,5.89,1.635,M2III,CVn,,
69493,,14.227997,-0.845463,5.89,0.489,F7Vw,Vir,,
72432,,14.810569,-36.634697,5.89,1.369,M5III,Cen,,
75565,,15.437389,-68.309167,5.89,1.0,K0III,TrA,,
77442,,15.80956,28.156749,5.89,0.608,C00 (F8pe),CrB,,
79357,,16.196556,42.374569,5.89,1.464,K4II+...,Her,,
80212,,16.374741,-43.912051,5.89,1.121,G2Ib,Nor,,
81710,,16.689756,-68.296123,5.89,-0.078,B7IV,TrA,Eta-1,
84500,,17.275477,1.210545,5.89,0.023,B5Vnn,Oph,,
86248,,17.624253,-50.059702,5.89,1.109,K0III-IV,Ara,,
88469,,18.064568,-24.36073,5.89,0.031,O6,Sgr,,9
92117,,18.77461,-0.961692,5.89,0.131,A2m,Aql,,5
92312,,18.814829,19.32872,5.89,0.022,A1V,Her,,
93104,,18.967194,38.266188,5.89,-0.09,B7IV,Lyr,,
93574,,19.058242,-68.755544,5.89,0.553,F8V,Pav,,
96016,,19.522672,26.617171,5.89,0.915,K0III-IV,Vul,,
96234,,19.569024,-40.034638,5.89,0.105,A5IV-III,Sgr,,
96620,,19.644769,54.973793,5.89,0.482,F6Vasv,Cyg,,
97229,,19.761096,7.613158,5.89,0.18,A3IV,Aql,Ups,49
9353,,2.002544,3.097015,5.89,0.61,G2IV,Psc,,112
11033,,2.368051,-17.662169,5.89,1.231,K2III,Cet,,
11381,,2.443115,-20.042617,5.89,1.247,K2III,Cet,,
11548,,2.480139,29.93176,5.89,0.591,G0V,Tri,,13
13121,,2.81275,25.188064,5.89,-0.033,A0V,Ari,,
13949,,2.99441,41.032941,5.89,1.445,K2,Per,,
101084,,20.490863,56.06819,5.89,-0.052,B9Vn,Cyg,,
101843,,20.638501,-81.289063,5.89,1.692,K5III,Oct,,
103460,,20.96129,-16.031539,5.89,0.18,A2/A3III,Cap,,
105269,,21.322828,38.237473,5.89,0.505,F2Ib,Cyg,,
112833,,22.850818,85.373739,5.89,1.34,K5,Cep,,
114745,,23.243622,74.231268,5.89,-0.01,A0V,Cep,,
116853,,23.685809,-11.680655,5.89,0.984,K0III,Aqr,,
116918,,23.699081,7.250546,5.89,0.101,A3Vn,Psc,,
14502,,3.121947,64.057594,5.89,-0.02,B9V,Cas,,
18735,,4.013545,18.194,5.89,0.319,F4V...,Tau,,
19284,,4.133171,17.339897,5.89,1.497,K5III,Tau,,
24162,,5.18866,-2.490782,5.89,0.462,F5V,Ori,,
28139,,5.947069,11.521058,5.89,1.111,K2III,Ori,,
28271,,5.973456,1.837108,5.89,0.223,A5me del Del,Ori,,59
37031,,7.609641,5.862171,5.89,0.602,G0V,CMi,,
37752,,7.74283,-37.942917,5.89,-0.115,B8V,Pup,,
38267,,7.839957,-50.509468,5.89,1.088,K2III,Pup,,
40875,,8.340564,57.743278,5.89,0.421,F4V,Lyn,,30
41081,,8.381991,-52.12373,5.89,0.018,A0V,Vel,,
41676,,8.496182,67.297441,5.89,0.972,G8III,UMa,,
42008,,8.562077,4.757,5.89,1.066,G5III,Hya,,
43121,,8.782227,12.109952,5.89,0.12,A1V,Cnc,,50
44283,,9.019027,-68.683916,5.89,1.634,M1III,Vol,,
44307,,9.023369,32.252296,5.89,0.088,A2V,Cnc,,66
330,,0.070462,62.287664,5.9,0.274,A1III,Cas,,9
3193,,0.678437,-4.351841,5.9,1.091,K0III,Cet,,
3456,,0.736683,-38.421686,5.9,1.144,K1III,Scl,Lam-2,
3834,,0.82054,-24.136672,5.9,0.944,K0III,Cet,,
7321,,1.571279,37.237146,5.9,-0.067,B9IV,And,,
7359,,1.580296,18.460512,5.9,1.536,M2III,Psc,,
51556,,10.530937,32.379554,5.9,0.114,A0IV,LMi,,33
53530,,10.952183,-50.765018,5.9,0.173,A7Vni,Vel,,
55249,,11.315266,1.650395,5.9,1.04,K0III:,Leo,,76
57606,,11.810753,14.28421,5.9,0.303,F0V,Leo,,
60030,,12.311199,-0.787184,5.9,0.168,A5Vn,Vir,,13
64515,,13.223156,-50.699829,5.9,-0.011,B9V,Cen,,
68092,,13.941077,1.050581,5.9,0.217,A8V,Vir,,92
71571,,14.637219,18.298379,5.9,1.099,K2III:,Boo,,
72296,,14.784747,-38.290639,5.9,1.336,K3III,Cen,,
73087,,14.937008,14.446266,5.9,-0.031,A0V,Boo,,
74386,,15.201184,18.976031,5.9,1.414,M4III,Ser,,
75696,,15.464287,60.670217,5.9,1.441,K5III,Dra,,
78877,,16.101772,-23.606315,5.9,-0.071,B8V,Sco,,
85409,,17.453462,-50.63037,5.9,0.063,B9II,Ara,,
90485,,18.463745,-29.816865,5.9,0.517,F8V,Sgr,,
97122,,19.738446,69.337065,5.9,0.072,A2III,Dra,,
11102,,2.381852,-51.092129,5.9,0.213,A5V,Eri,,
98526,,20.016383,8.557735,5.9,1.529,K5III,Aql,,
101067,,20.488997,36.454729,5.9,0.407,A1Ib,Cyg,,42
,,23.165305,-22.457364,5.9,,A3 (IV),Aqr,,
114407,,23.16937,-40.591547,5.9,1.565,M4III,Gru,,
19076,,4.088958,22.008905,5.9,0.62,G5V,Tau,,39
20873,,4.473167,14.740974,5.9,0.325,F0IV,Tau,,76
24294,,5.213369,-6.05719,5.9,0.96,G7III,Ori,,
27973,,5.916387,31.701496,5.9,0.144,A5IV,Aur,,
28343,,5.989384,49.92454,5.9,1.194,G5III,Aur,,
28823,,6.084276,42.981635,5.9,0.358,F3V,Aur,,39
33372,,6.940509,9.956578,5.9,-0.085,B8Vn,Mon,,
34982,,7.237644,-9.947533,5.9,1.528,K3III,Mon,,
35476,,7.322881,2.740694,5.9,1.069,G9III,CMi,,
36143,,7.44513,-34.140692,5.9,-0.153,B4V,Pup,,
36640,,7.534934,-8.881326,5.9,0.54,F5V,Mon,,
37995,,7.786821,-22.51951,5.9,-0.18,B1/B2V,Pup,,
39251,,8.027091,-37.28372,5.9,0.147,A3IV,Pup,,
42614,,8.684812,-48.92268,5.9,-0.186,B1.5V,Vel,,
43894,,8.941814,40.201474,5.9,0.378,F3III,Lyn,,
46460,,9.47516,-66.701877,5.9,0.012,A0V,Car,,
47544,,9.693087,31.277817,5.9,1.579,K6III,Leo,,
48519,,9.895257,5.958573,5.9,1.662,M2III,Sex,,
8404,,1.807227,3.685447,5.91,0.97,G9III,Psc,,
49812,,10.168761,-8.40817,5.91,0.026,A1V,Sex,,17
50103,,10.229427,-40.346056,5.91,1.204,K1III,Ant,,
51610,,10.54267,-44.618508,5.91,0.92,G6/G8III,Vel,,
53257,,10.891986,69.853881,5.91,1.01,G9IV,UMa,,
53423,,10.928444,0.736922,5.91,0.425,F2III,Leo,,55
53449,,10.933742,6.185371,5.91,1.256,M5IIIvar,Leo,,56
59517,,12.206106,-62.950773,5.91,0.253,B9Ia,Cru,,
60308,,12.365953,-56.374385,5.91,1.533,K4III + (F),Cru,,
62103,,12.727236,-1.576996,5.91,0.85,G8IIIp,Vir,,
62861,,12.884502,-54.952473,5.91,1.309,K3III,Cen,,
64226,,13.163291,16.848611,5.91,1.45,K5III,Com,,
64246,,13.167563,38.498981,5.91,0.294,A9III-IV,CVn,,17
64466,,13.21355,-66.226747,5.91,0.048,A0V(n),Mus,,
64580,,13.236699,-58.683937,5.91,1.084,K0/K1III,Cen,,
66454,,13.623189,-46.427879,5.91,-0.11,B8V,Cen,,
66903,,13.71093,78.064437,5.91,1.0,G7III:,UMi,,
67782,,13.886192,28.648131,5.91,0.202,A7V,CVn,,
71115,,14.542374,22.260059,5.91,0.391,F2IV,Boo,,26
72438,,14.812377,-66.593563,5.91,-0.106,B2.5V,Cir,,
72773,,14.876462,-63.809827,5.91,0.66,F8II + A/F,Cir,,
73350,,14.989754,4.567761,5.91,1.615,M1III,Vir,,
73507,,15.024195,60.204453,5.91,0.107,A4V,Dra,,
78747,,16.076899,-37.862951,5.91,0.409,F3V,Lup,,
79596,,16.239546,-33.011088,5.91,1.021,K0III,Sco,,
82350,,16.826294,13.261141,5.91,0.015,A1V,Her,,
82672,,16.900106,-57.909507,5.91,1.592,M0III,Ara,,
83478,,17.060917,13.605346,5.91,0.01,A1V,Her,,
83491,,17.064146,-38.152572,5.91,0.409,F3V,Sco,,
84709,,17.315842,-34.989792,5.91,1.082,K4V,Sco,,
85048,,17.381874,-37.220786,5.91,1.075,K1III,Sco,,
87491,,17.876512,1.305014,5.91,1.573,K5III,Oph,,
92133,,18.778634,52.98796,5.91,-0.096,B2.5V,Dra,,
92931,,18.93352,-23.173751,5.91,-0.021,B6III,Sgr,,
93179,,18.979701,13.906648,5.91,0.251,F0spe...,Aql,,10
94556,,19.244319,-45.193527,5.91,0.902,G8III,CrA,,
95038,,19.337783,57.645129,5.91,1.626,M1III,Dra,,
95456,,19.41779,-29.309359,5.91,1.278,K3III,Sgr,,
97598,,19.837238,-47.557392,5.91,1.678,M1III,Tel,,
97774,,19.868658,47.931795,5.91,-0.174,B2III,Cyg,,
10440,,2.242208,-41.166765,5.91,0.965,G9III,Phe,,
11867,,2.551952,-34.649967,5.91,1.064,K0/K1III,For,Lam-1,
12181,,2.615879,38.733581,5.91,0.502,F5V,And,,
99531,,20.200195,26.478806,5.91,-0.107,B7Ve...,Vul,,20
100017,,20.291918,66.853687,5.91,0.602,G3V,Dra,,
101870,,20.643053,23.680494,5.91,0.953,K0II-III+..,Vul,,
102358,,20.739457,56.488405,5.91,1.643,M3III,Cep,,
102487,,20.769441,-21.514032,5.91,0.066,A1V,Cap,,17
104105,,21.09145,78.126392,5.91,-0.065,B8Vn,Cep,,
112778,,22.839381,41.953394,5.91,0.062,B3IV:var,Lac,,14
113174,,22.917399,37.076827,5.91,0.397,F5II,Lac,,
114430,,23.174235,43.544232,5.91,0.45,F5IV,And,,6
116323,,23.569171,-1.247567,5.91,0.299,A2m,Psc,,14
14109,,3.031706,26.462354,5.91,0.141,A3m,Ari,,49
15514,,3.332166,27.071134,5.91,0.86,G8IV,Ari,,59
16518,,3.544449,35.461729,5.91,-0.084,B1V,Per,,
17595,,3.769267,6.80352,5.91,0.992,G9III,Tau,,
17618,,3.774286,-29.338157,5.91,0.11,A2V,For,Sig,
17805,,3.810821,0.227857,5.91,1.224,K3III,Eri,,
20380,,4.364392,56.506317,5.91,0.112,A3V,Cam,,
20417,,4.372981,20.821416,5.91,1.66,M0III,Tau,,
21452,,4.606727,64.261602,5.91,-0.009,A1V,Cam,,
23408,,5.030654,0.722112,5.91,1.267,K0,Ori,,
29678,,6.252353,13.851098,5.91,-0.231,B1V,Ori,,
33421,,6.950145,33.681039,5.91,0.878,G5III,Gem,,
34798,,7.203393,-25.942588,5.91,-0.17,B2IV/V,CMa,,26
35509,,7.329901,7.142947,5.91,0.537,F8V,CMi,,
39995,,8.167719,58.248242,5.91,1.365,K4III:,Lyn,,
42172,,8.597493,6.62022,5.91,0.53,F8V,Cnc,,
42452,,8.654898,52.711623,5.91,1.167,K1III:,UMa,,
46482,,9.479763,-62.273134,5.91,1.102,K1III,Car,,
46734,,9.525601,-31.871831,5.91,0.258,A9IV,Ant,Zet-2,
3760,,0.804836,7.299928,5.92,1.104,G8III,Psc,,62
4962,,1.06028,61.074823,5.92,0.512,F0II,Cas,,
6564,,1.405695,-6.914656,5.92,0.407,F4V,Cet,,
6631,,1.418136,-64.369478,5.92,1.561,M0III,Hyi,,
7016,,1.506362,-26.207851,5.92,1.327,K2III,Scl,,
8588,,1.84777,11.043378,5.92,0.302,F2Vw,Ari,,
52863,,10.811266,-1.958896,5.92,1.608,M2III,Sex,,
62561,,12.81855,83.417832,5.92,0.015,A0V,Cam,,
64390,,13.197612,-69.942017,5.92,0.415,F3IV/V,Mus,,
66247,,13.577903,-13.214324,5.92,0.02,A0V,Vir,,
66878,,13.706379,82.752408,5.92,0.993,G9III,Cam,,
67210,,13.771964,38.503626,5.92,0.948,G9III,CVn,,
67292,,13.791005,-50.249291,5.92,0.279,A3m...,Cen,,
68333,,13.988187,-50.369647,5.92,0.957,G8/K0III,Cen,,
73415,,15.003147,-77.16055,5.92,1.052,G8II,Aps,,
80991,,16.540463,60.823323,5.92,0.039,A2V,Dra,,
81729,,16.693527,26.91688,5.92,0.402,F2III,Her,,39
98383,,19.989006,45.772541,5.92,0.185,A5III,Cyg,,
13225,,2.837438,-35.843636,5.92,0.899,K0III,For,Eta-2,
103360,,20.940526,49.195847,5.92,1.054,G8II-III,Cyg,,
104968,,21.261779,77.012296,5.92,1.531,K5III,Cep,,
108195,,21.919823,-61.886608,5.92,0.393,F1III,Ind,,
110532,,22.392264,-7.194421,5.92,0.998,G6V,Aqr,,
112067,,22.699293,14.516393,5.92,1.114,K0III:,Peg,,
114921,,23.277719,-44.489166,5.92,1.053,K1III,Gru,,
14844,,3.195229,81.47071,5.92,0.149,A7III-IV,Cep,,
14913,,3.207146,-44.41966,5.92,0.44,F3V+...,Eri,,
23446,,5.039668,-31.771333,5.92,1.17,K2III,Cae,,
25471,,5.44689,34.39181,5.92,0.138,A1p,Aur,,
26108,,5.567791,-1.470253,5.92,1.535,K5III,Ori,,
27965,,5.915746,19.749614,5.92,-0.145,B2V,Ori,,57
30986,,6.503132,-10.081511,5.92,1.373,K0,Mon,,
31037,,6.512858,-27.769575,5.92,-0.156,B3IV/V,CMa,,
32366,,6.756378,-31.793661,5.92,0.491,F7V,CMa,,
32463,,6.775671,8.587153,5.92,-0.173,B2.5V,Mon,,16
37364,,7.670425,-19.660861,5.92,1.158,K0III,Pup,,
40881,Piautos,8.34226,24.022314,5.92,-0.039,B9.5V,Cnc,Lam,19
41080,,8.381693,-7.54312,5.92,1.635,M1III,Hya,,
42001,,8.560676,-38.848815,5.92,-0.114,B5III,Vel,,
42265,,8.61827,9.65558,5.92,0.083,A3V,Cnc,,36
43589,,8.877391,-48.359097,5.92,-0.148,B3Vn,Vel,,
45270,,9.226239,-47.338407,5.92,-0.051,B9V,Vel,,
46897,,9.557237,-22.863883,5.92,0.023,B9.5V,Hya,,
636,,0.129693,-22.50856,5.93,0.141,A1V,Cet,,
2611,,0.552879,54.894985,5.93,1.037,K0III,Cas,,
5594,,1.195419,-2.251079,5.93,1.403,K4III,Cet,,34
49164,,10.033361,-60.42089,5.93,0.263,A9IV,Car,,
50885,,10.390688,-4.074035,5.93,-0.048,B9p Si(CrSr),Sex,,25
50993,,10.416516,-58.576303,5.93,0.315,F2III,Car,,
53394,,10.921456,-60.517003,5.93,1.065,K0III,Car,,
55874,,11.452644,-12.356749,5.93,0.49,F4III-IV,Crt,Kap,16
58158,,11.927814,-28.477103,5.93,1.499,K4III,Hya,,
63165,,12.942142,-72.185212,5.93,1.115,G8III,Mus,,
63688,,13.051487,-71.475729,5.93,0.002,B1.5IIIne,Mus,,
68670,,14.057371,-56.213434,5.93,1.207,K2III,Cen,,
69995,,14.323302,-37.002907,5.93,0.082,A1V,Cen,,
71759,,14.678442,13.534325,5.93,0.238,F0V,Boo,,
76424,,15.608121,16.119085,5.93,0.354,F3V,Ser,Tau-5,18
77086,,15.739633,-41.819089,5.93,-0.007,A0V + B,Lup,,
78542,,16.034877,52.915917,5.93,1.498,K5III,Dra,,
79120,,16.149689,3.454475,5.93,1.471,K5III,Ser,,
79137,,16.153115,6.378695,5.93,0.988,K1+...,Ser,,
79953,,16.319783,49.038159,5.93,1.369,K6III,Her,,
81523,,16.651452,-37.21737,5.93,-0.035,B9.5V+...,Sco,,
83896,,17.146539,-30.40373,5.93,0.276,Fm,Sco,,
84731,,17.320142,-59.694612,5.93,1.389,K2IIICN...,Ara,,
85520,,17.477476,-55.169686,5.93,1.113,G8II/III,Ara,,
87074,,17.79355,-14.725824,5.93,0.009,B9V,Ser,,
87813,,17.938621,-15.812521,5.93,0.024,A0V,Ser,,
90844,,18.532498,-1.002977,5.93,0.17,A4III,Ser,,61
91347,,18.631785,-21.397725,5.93,0.189,A5IV,Sgr,,
92398,,18.82942,32.81282,5.93,-0.154,B3IV,Lyr,Nu-1,8
93624,,19.065985,-51.018604,5.93,1.236,K0/K1III,Tel,,
93763,,19.094772,-15.660419,5.93,-0.015,B8IIIsp...,Sgr,,
94311,,19.196114,31.283456,5.93,-0.062,B9p Si,Lyr,,19
96977,,19.71239,32.426741,5.93,0.118,A5III,Cyg,,
13473,,2.892885,-38.437004,5.93,0.437,F5V,For,Psi,
13479,,2.893144,-22.376308,5.93,1.041,G8/K0III,Eri,,
103836,,21.040873,-38.53097,5.93,1.106,K2III,Mic,,
103956,,21.063225,53.2859,5.93,1.001,K0III,Cyg,,
105811,,21.429729,36.667386,5.93,0.033,B0Ib,Cyg,,69
109577,,22.197592,16.040551,5.93,0.951,K1III,Peg,,
112041,,22.69334,41.549123,5.93,0.998,G9III,Lac,,
112241,,22.734782,39.465348,5.93,1.49,K5III+...,Lac,,
117541,,23.837425,-9.974136,5.93,1.133,K0IV,Aqr,,
117761,,23.882101,-3.155482,5.93,1.069,G9III,Psc,,24
14036,,3.012261,10.870388,5.93,1.593,K6,Ari,,
15004,,3.223297,48.176953,5.93,0.972,G9III,Per,,
15357,,3.300717,-28.797075,5.93,0.337,F3V+...,For,,
16029,,3.43959,-27.317479,5.93,0.934,K0III,For,,
16358,,3.512617,6.188703,5.93,0.953,G8III,Tau,,
18199,,3.892587,-46.893674,5.93,1.22,K3III,Hor,,
18723,,4.011292,-30.490697,5.93,0.036,A1V,Eri,,
24019,,5.162524,28.030461,5.93,0.311,A5m,Tau,,
25790,,5.507268,15.360449,5.93,0.103,A3Vn,Ori,,
26762,,5.684888,0.337753,5.93,0.311,F0IV,Ori,,
27249,,5.775106,56.115575,5.93,0.164,A4Vn,Cam,,26
27737,,5.872276,-57.156191,5.93,0.656,F7IV,Pic,,
28790,,6.077811,-45.078932,5.93,0.493,F4V,Pup,,
29196,,6.15901,22.190262,5.93,1.626,K4III,Gem,,
31448,,6.588221,9.988335,5.93,1.508,K4III,Mon,,
34017,,7.058457,29.337081,5.93,0.595,G4V,Gem,,
35304,,7.2927,52.131071,5.93,1.259,K1III:,Lyn,,
37046,,7.613067,55.75506,5.93,1.123,K2III,Lyn,,
37140,,7.631628,48.773842,5.93,0.221,A5m,Lyn,,
37428,,7.682922,23.018527,5.93,1.561,K5,Gem,,
37949,,7.777793,65.455676,5.93,1.183,K2III:,Cam,,51
45461,,9.264639,72.946326,5.93,0.179,F0III,UMa,,
1096,,0.228401,-26.022345,5.94,1.548,K5III,Scl,,
2377,,0.505534,59.977554,5.94,-0.003,B9IIIn,Cas,,
2787,,0.592454,-0.50561,5.94,0.444,F5IV,Cet,,14
3521,,0.749187,-42.676558,5.94,0.297,A7V,Phe,,
7643,,1.640968,-36.528251,5.94,1.045,K0III,Scl,,
8423,,1.810808,37.95287,5.94,0.975,K0III,And,,
8593,,1.848459,-50.206138,5.94,0.154,A1V,Phe,,
56148,,11.508651,43.173242,5.94,0.524,F4V,UMa,,58
56318,,11.546538,-7.827523,5.94,1.38,K4III,Crt,,
56727,,11.630127,-67.620379,5.94,1.013,K0III,Mus,,
60157,,12.336326,-22.1757,5.94,0.824,K0III+...,Crv,,
70384,,14.400243,8.243969,5.94,0.066,A3V,Boo,,
77272,,15.776337,55.474791,5.94,1.404,K3III,Dra,,
82902,,16.941328,-52.283746,5.94,-0.069,A0III,Ara,,
84105,,17.194077,-48.873399,5.94,1.786,M1/M2III,Ara,,
85382,,17.446153,34.695802,5.94,-0.017,A0V,Her,,
86266,,17.626724,-15.571038,5.94,0.357,F0IV,Ser,,
87390,,17.85904,-40.772461,5.94,1.572,M2III,Sco,,
88694,,18.106585,-36.019788,5.94,0.615,G3V,Sgr,,
10234,,2.193287,-1.825429,5.94,0.967,G9III:,Cet,,63
13367,,2.866319,68.888497,5.94,0.7,F5:Ib-II,Cas,,
101123,,20.498307,-18.583178,5.94,0.062,A1V,Cap,Omi,12
104101,,21.090756,5.958199,5.94,0.538,F8V,Equ,,4
107374,,21.748134,62.460567,5.94,0.312,O9II,Cep,,
108849,,22.051044,-76.118427,5.94,0.399,F3III,Oct,,
111925,,22.671779,53.845927,5.94,0.946,B8V,Lac,,
113686,,23.025475,-4.711461,5.94,0.992,K0,Aqr,,
15669,,3.364577,49.070905,5.94,0.468,F6V,Per,,
19376,,4.150436,13.398281,5.94,0.052,B9.5V,Tau,,
20619,,4.418153,-61.238193,5.94,1.533,K4/K5III,Ret,,
21247,,4.558511,72.528605,5.94,0.306,A8m,Cam,,
25291,,5.4107,31.143148,5.94,0.034,B9III,Aur,,
31676,,6.6282,61.481233,5.94,0.899,G8IV-V,Lyn,,8
32938,,6.861785,-36.23027,5.94,0.183,A3V,Pup,,
34358,,7.122889,34.009288,5.94,1.507,K4III,Gem,,
34817,,7.207173,-36.544381,5.94,-0.145,B4V,Pup,,
36156,,7.448981,20.257557,5.94,0.336,F2Vn,Gem,,61
38167,,7.820736,-35.243286,5.94,-0.051,B9V,Pup,,
41117,,8.3894,18.3322,5.94,0.175,A9V,Cnc,,20
41578,,8.477039,14.210822,5.94,0.201,A5V,Cnc,,29
45661,,9.307199,35.36408,5.94,0.177,A8V,Lyn,,
4903,,1.048407,41.345157,5.95,0.161,A5m,And,,39
5661,,1.212616,-37.856479,5.95,0.281,A9IV: (+F/G),Scl,,
7447,,1.598542,17.433841,5.95,0.259,F0IV,Psc,,
50319,,10.275639,23.503095,5.95,0.655,G2IV,Leo,,35
52577,,10.751118,67.411384,5.95,2.382,C5II,UMa,,
53035,,10.851502,-3.092667,5.95,1.475,K2,Sex,,
53334,,10.908222,-61.826622,5.95,1.736,K4III,Car,,
54049,,11.060164,-0.000833,5.95,1.218,K3III,Leo,,62
56473,,11.57847,16.796915,5.95,-0.156,B4V,Leo,,90
56970,,11.678468,-53.968607,5.95,1.67,M1III,Cen,,
58460,,11.988205,33.167004,5.95,1.153,K1III,UMa,,
58921,,12.082564,-60.968252,5.95,1.691,M2III,Cru,,
59050,,12.106404,-65.709453,5.95,0.613,G8/K0III,Mus,,
59285,,12.161475,1.897889,5.95,1.12,K3III,Vir,,10
60595,,12.419935,-11.61059,5.95,0.043,A1V,Vir,,
62207,,12.749852,39.278916,5.95,0.557,G0V,CVn,,10
64224,,13.162578,-10.329327,5.95,1.49,K5III,Vir,,50
68009,,13.927493,-82.66619,5.95,1.411,K2/K3III:p,Cha,,
76716,,15.665726,-59.908338,5.95,0.505,F6V,Nor,,
76877,,15.698527,-76.081959,5.95,-0.034,B9V,Aps,,
77939,,15.916768,-19.382926,5.95,-0.013,B2/B3V,Lib,,47
79797,,16.284849,-67.941285,5.95,0.159,A4V,TrA,,
82650,,16.895119,-43.050968,5.95,1.643,M3II/III,Sco,,
83235,,17.010275,-35.934133,5.95,1.161,K2IIICN...,Sco,,
84226,,17.216266,-32.438332,5.95,0.071,B1Ib,Sco,,
84425,,17.259994,-38.593896,5.95,0.58,G0V,Sco,,
87875,,17.951199,0.066665,5.95,0.11,A3V,Oph,,
90606,,18.488891,-80.232708,5.95,1.173,K2III,Oct,,
93862,,19.115445,-48.299144,5.95,-0.017,A0V,Tel,,
12821,,2.747133,67.82463,5.95,0.136,A5III,Cas,,
98461,,20.004425,-37.701719,5.95,0.989,G8/K0III,Sgr,,
100501,,20.379249,41.026012,5.95,1.632,M0III,Cyg,,
103545,,20.978289,-14.483128,5.95,0.244,A9V,Aqr,,
111045,,22.496114,-27.107284,5.95,0.362,F0V,PsA,,
116368,,23.580378,-15.246005,5.95,1.35,K4III,Aqr,,
116714,,23.652823,75.292882,5.95,0.124,A3V,Cep,,
117265,,23.776869,66.782244,5.95,-0.049,B2IV,Cep,,
117500,,23.827608,28.842389,5.95,0.187,A2m,Peg,,79
118092,,23.955508,-62.956584,5.95,0.101,A2p,Tuc,,
16664,,3.574062,24.464393,5.95,0.123,A3V,Tau,,7
17846,,3.818922,43.963095,5.95,0.279,A9IV,Per,,
19996,,4.288673,-6.472177,5.95,1.078,G8III:,Eri,,
20241,,4.337341,41.80807,5.95,0.962,K0III,Per,,
20892,,4.47751,-19.458874,5.95,1.215,K2III,Eri,,
21042,,4.511203,-35.653504,5.95,1.005,K0II,Eri,,
23261,,5.005095,39.394701,5.95,0.415,F5V,Aur,,5
27253,,5.776364,1.168193,5.95,0.773,G4V,Ori,,
27713,,5.868814,-9.0419,5.95,0.1,A2Vn,Ori,,
28085,,5.937296,-22.839975,5.95,1.107,K0/K1III,Lep,,
31599,,6.612944,-13.321036,5.95,1.562,K4/K5III,CMa,,
33729,,7.006599,-8.406821,5.95,-0.075,B9III,Mon,,
35054,,7.249209,-41.426394,5.95,-0.146,B4III/IV,Pup,,
35127,,7.262011,-10.583605,5.95,1.173,K0,Mon,,
36345,,7.480876,-31.848401,5.95,-0.156,B3V+...,Pup,,
36496,,7.508587,-54.399365,5.95,1.585,M1III,Car,,
37478,,7.693099,3.624779,5.95,-0.032,A0V,CMi,,
40693,,8.306651,-12.632173,5.95,0.754,K0V,Pup,,
41321,,8.431002,-64.600618,5.95,0.971,G8/K0III,Vol,,
42147,,8.591307,-26.843487,5.95,0.393,A1V+...,Pyx,,
43899,,8.942813,-16.708748,5.95,1.544,K3III,Hya,,
44892,,9.146483,26.629112,5.95,0.654,G5IV,Cnc,,75
44897,,9.147526,33.882217,5.95,0.585,F9V,Lyn,,
46859,,9.548826,-13.516804,5.95,1.501,K4III,Hya,,
48191,,9.824471,-37.186765,5.95,1.245,K2III,Ant,,
48527,,9.897251,-51.146713,5.95,-0.152,B2V,Vel,,
1706,,0.357986,-77.426873,5.96,1.397,K3III,Hyi,,
8598,,1.849198,51.933417,5.96,0.419,F5V,Per,,
52127,,10.649906,-58.816854,5.96,1.692,M1III,Car,,
56452,,11.574878,-32.83134,5.96,0.811,K0V,Hya,,
61158,,12.53226,-63.505838,5.96,0.263,A8III,Cru,,
66427,,13.618339,-44.143203,5.96,0.936,G8/K0III,Cen,,
66924,,13.715287,-41.401043,5.96,1.019,K0III,Cen,,
66984,,13.727802,-42.067521,5.96,-0.075,B8III,Cen,,
68455,,14.014596,-66.26891,5.96,0.352,F0V,Cir,,
69174,,14.159734,-51.504672,5.96,-0.053,B9IV,Cen,,
70894,,14.497366,0.828929,5.96,0.159,A5IV,Vir,,
,,15.063245,47.653692,5.96,,dG2,Boo,,
74696,,15.264907,-48.073661,5.96,0.21,A3m,Lup,,
,,15.38663,30.2862,5.96,,G2 V,CrB,Eta,2
81966,,16.744374,-53.152313,5.96,1.23,G8III,Ara,,
89440,,18.253603,-20.387974,5.96,-0.023,B0.5Ib/II,Sgr,,16
89448,,18.254739,68.75581,5.96,1.055,K1III:,Dra,,37
93537,,19.051057,-19.245686,5.96,1.158,K0II/III,Sgr,,
9631,,2.063381,-0.340251,5.96,0.851,G5V...,Cet,,61
10296,,2.210427,24.167778,5.96,1.366,K0,Ari,,
100256,,20.333386,13.548091,5.96,0.299,A5m,Del,,
101082,,20.490931,81.091277,5.96,0.942,K0III+...,Dra,,74
103371,,20.942994,44.924722,5.96,0.02,O6...,Cyg,,
106642,,21.600689,45.374591,5.96,1.341,M4IIIe-M6e,Cyg,,
107302,,21.733602,-14.74937,5.96,0.219,A7IV/V,Cap,,45
107350,,21.742035,14.771939,5.96,0.587,G0V,Peg,,
108505,,21.981532,62.697986,5.96,1.64,M3III,Cep,,
110179,,22.316872,-13.304995,5.96,1.075,K0III,Aqr,,45
115144,,23.323363,-18.075376,5.96,1.534,K2/K3III,Aqr,,
15968,,3.426737,-69.336436,5.96,0.415,F3V,Hyi,,
22361,,4.813968,75.941219,5.96,0.283,A9IV,Cam,,
24786,,5.314017,-18.13005,5.96,0.572,G0V,Lep,,
26535,,5.643881,-6.573959,5.96,-0.216,B1.5IV,Ori,,
27560,,5.836962,4.423406,5.96,1.361,K2III,Ori,,
27747,,5.873168,19.867849,5.96,0.549,B9V + G,Ori,,
33603,,6.982507,3.602355,5.96,1.056,G8III,Mon,,
33929,,7.040426,17.755521,5.96,1.518,M1.5,Gem,,
34002,,7.054977,9.138355,5.96,0.126,A3Vs,Mon,,
34349,,7.120359,-51.968283,5.96,0.996,K0III,Car,,
35084,,7.255901,-52.499226,5.96,1.099,K0V,Car,,
39527,,8.078445,-50.590396,5.96,1.213,G5II,Vel,,
39659,,8.10511,22.63549,5.96,1.652,M3III,Cnc,Mu-1,9
40932,,8.353361,-57.97322,5.96,-0.092,B1.5III,Car,,
41328,,8.432108,-14.929661,5.96,0.167,A3m...,Pup,,
42365,,8.638607,32.802021,5.96,1.111,K2III:,Cnc,,
43553,,8.869936,45.312819,5.96,1.233,K0III,Lyn,,
43587,Copernicus,8.876625,28.330819,5.96,0.869,G8V,Cnc,Rho-1,55
45590,,9.291993,46.817228,5.96,0.063,A1V,UMa,,
47224,,9.624557,-36.095994,5.96,1.118,K2III,Ant,,
47401,,9.65775,67.27223,5.96,1.528,K5,UMa,,
4572,,0.975285,66.351793,5.97,-0.008,A0III,Cas,,
5510,,1.175987,2.44567,5.97,1.491,K4III,Cet,,33
5778,,1.235453,16.133479,5.97,-0.082,B8III,Psc,,87
6492,,1.390264,20.468967,5.97,1.677,K5,Psc,,
7906,,1.694233,30.04712,5.97,1.015,K0III,Tri,,
50480,,10.307847,-41.66849,5.97,-0.063,B9V,Vel,,
52340,,10.697657,-79.783288,5.97,-0.071,B5IV,Cha,,
63533,,13.019337,17.123147,5.97,0.971,K0III,Com,,38
65545,,13.436504,-1.192471,5.97,0.183,A7III,Vir,,
67239,,13.778701,25.702236,5.97,0.523,F6IV-V,Boo,,3
67485,,13.829296,61.489313,5.97,0.974,G3V,UMa,,
73937,,15.109222,-30.918483,5.97,-0.076,Ap Si,Lup,,
76311,,15.587835,53.922144,5.97,1.184,K4III:,Dra,,
79938,,16.316783,-14.872825,5.97,1.475,K3IIICNpvar,Sco,,
84656,,17.306465,38.811395,5.97,1.011,G7III:,Her,,
86575,,17.692312,6.313156,5.97,1.271,G7III,Oph,,
86871,,17.748848,-57.54554,5.97,0.912,G8III,Pav,,
89047,,18.175443,54.286552,5.97,0.943,K1III,Dra,,
96760,,19.668657,-23.429086,5.97,1.038,K0III,Sgr,,
9533,,2.043077,13.476716,5.97,1.584,M2III,Ari,,
13679,,2.937158,8.381563,5.97,0.478,F7IV,Cet,,
99171,,20.13384,-0.678185,5.97,1.023,K1IV,Aql,,64
101986,,20.667549,43.458878,5.97,1.186,K2III,Cyg,,
104752,,21.221933,-36.423527,5.97,0.967,K0III,Mic,,
105224,,21.314452,11.203373,5.97,1.612,K5III,Equ,,
105727,,21.413729,80.524826,5.97,0.95,G6III:,Cep,,
106340,,21.537381,-33.944623,5.97,0.051,A2V,PsA,,6
108975,,22.076879,-26.822359,5.97,-0.167,B3V (+B),PsA,,
109602,,22.202248,24.950641,5.97,1.5,K0,Peg,,
111515,,22.593437,-23.991094,5.97,0.984,K1III,Aqr,,
113801,,23.045626,-20.870712,5.97,0.946,K0III,Aqr,,
114189,,23.124642,21.134251,5.97,0.259,A5V,Peg,,
14764,,3.177443,11.872627,5.97,-0.061,B8V,Ari,,
15334,,3.296042,39.283373,5.97,0.056,A2IV,Per,,
17027,,3.65031,-5.62621,5.97,0.921,K1V,Eri,,21
18170,,3.886123,17.327083,5.97,0.354,F4V,Tau,,
20614,,4.415868,19.042013,5.97,0.378,F4V,Tau,,
21847,,4.697283,38.280182,5.97,0.593,G0V,Per,,
22697,,4.879754,27.897485,5.97,0.368,F2IV,Tau,,
23831,,5.1236,-12.491269,5.97,0.606,G2V,Lep,,
26386,,5.617884,11.035005,5.97,1.592,K4II SB,Ori,,
26926,,5.714976,-6.796168,5.97,0.447,F3V,Ori,,
27435,,5.809706,-4.094648,5.97,0.639,G4V,Ori,,
27588,,5.841674,2.0247,5.97,0.953,G8III+...,Ori,,
28110,,5.941121,9.509396,5.97,-0.038,A0IV,Ori,,
29771,,6.268803,-16.618006,5.97,-0.167,B2/B3V,CMa,,
41250,,8.415891,-42.769834,5.97,-0.159,B3V,Pup,,
48802,,9.953776,57.418196,5.97,0.895,G8III,UMa,,
518,,0.104356,58.436733,5.98,0.687,G5V,Cas,,
3697,,0.789898,6.740956,5.98,0.941,G8III,Psc,,60
6711,,1.438517,43.457739,5.98,0.52,F7V,And,,
7740,,1.661338,16.405858,5.98,1.119,K2III,Psc,,105
49844,,10.177142,-41.715247,5.98,1.239,K3III,Vel,,
51623,,10.546615,-58.666745,5.98,0.29,A2Iab,Car,,
52827,,10.801503,-59.919163,5.98,0.274,A0Ia,Car,,
57165,,11.724219,-37.190155,5.98,1.449,K3III,Cen,,
64033,,13.123418,-59.86051,5.98,0.435,B9IV+...,Cen,,
66907,,13.712063,34.989021,5.98,0.857,G5III,CVn,,
68498,,14.022341,8.894906,5.98,0.089,A2V,Boo,,
,,14.26783333,18.91194444,5.98,,A8III,Boo,,
74224,,15.168702,-38.792511,5.98,0.867,G6III,Lup,,
74561,,15.235011,31.787845,5.98,1.552,K5,Boo,,
77412,,15.803696,13.789078,5.98,1.272,K2III,Ser,,
83216,,17.00749,-48.647759,5.98,0.883,G5IV,Ara,,
83693,,17.105608,-37.22759,5.98,0.076,A2IV,Sco,,
83854,,17.13746,-17.609052,5.98,1.011,K0III,Oph,,
84402,,17.255635,-14.58414,5.98,1.096,K1III,Oph,,
85442,,17.460431,-29.724567,5.98,0.01,B9.5IV,Oph,,
85543,,17.482247,-36.77828,5.98,1.112,K0III,Sco,,
88550,,18.080662,-35.901442,5.98,1.16,K2III,Sgr,,
89156,,18.195866,33.447057,5.98,0.045,A3V,Her,,
93287,,19.000987,-66.653618,5.98,0.977,K0III,Pav,,
95999,,19.519709,-68.43392,5.98,1.638,K4/K5III,Pav,,
96481,,19.61457,11.273206,5.98,0.881,G0Ib,Aql,,
96840,,19.684869,13.815682,5.98,-0.078,B5V,Aql,,
12562,,2.692814,-14.549276,5.98,0.429,F5V,Cet,,
103652,,21.001106,7.516197,5.98,0.283,A7V,Equ,,
107129,,21.700301,35.5102,5.98,2.5,C6.3,Cyg,,
109466,,22.176041,-4.266855,5.98,0.981,K0III-IV,Aqr,,
111967,,22.680247,-57.422322,5.98,1.45,K4III,Tuc,,
115065,,23.306479,41.773676,5.98,0.215,A7m,And,,9
116728,,23.655878,74.002628,5.98,0.889,G8III,Cep,,
15241,,3.276442,32.184018,5.98,0.988,G8IV,Per,,
16339,,3.51026,-47.375125,5.98,0.116,A2V,Hor,,
16599,,3.560855,54.974857,5.98,0.114,A3V,Cam,,
21986,,4.726318,-8.794317,5.98,0.645,F4IIIp (Sr),Eri,,55
22840,,4.914086,0.467167,5.98,-0.116,B5V,Ori,,
24831,,5.323246,-27.368884,5.98,-0.022,A0V,Col,,
26606,,5.655087,29.215213,5.98,0.144,B2IV-V,Aur,,
28562,,6.028627,48.959445,5.98,1.437,K0,Aur,,
,,6.39380555,-52.18111111,5.98,,G8III,Car,,
36055,,7.430889,-5.774961,5.98,0.901,CIb...,Mon,,
36236,,7.461927,-22.859199,5.98,-0.088,B5III,Pup,,
39014,,7.983835,-45.215844,5.98,-0.143,B4V,Pup,,
41674,,8.496011,-46.331693,5.98,-0.127,B7IV,Vel,,
43550,,8.869453,42.002735,5.98,1.251,K0III,Lyn,,
45412,,9.253963,34.633516,5.98,0.839,G6III,Lyn,,
671,,0.138204,-8.824112,5.99,1.034,G8III:,Cet,,
2159,,0.454085,-25.54717,5.99,1.022,K0III,Scl,,
3352,,0.711609,-60.262807,5.99,1.318,K5III,Tuc,,
4552,,0.970615,33.950885,5.99,1.0,K0,And,,
4998,,1.06733,52.502161,5.99,1.447,K2,Cas,,
53272,,10.895031,-70.720337,5.99,-0.02,B6V,Car,,
53726,,10.992438,36.0931,5.99,1.595,M2III,UMa,,
55280,,11.321297,-64.582491,5.99,0.471,F6IV,Car,,
62058,,12.719221,-56.176224,5.99,-0.074,B9Vn,Cru,,
62786,,12.865815,-39.680431,5.99,-0.098,B7/B8V,Cen,,
63494,,13.009985,-3.368488,5.99,1.119,K2III,Vir,,46
70363,,14.396834,-53.176233,5.99,1.099,K1III,Lup,,
70987,,14.519678,-38.869708,5.99,1.06,K1III,Cen,,
75256,,15.377014,62.047076,5.99,-0.033,A0sp...,Dra,,
81854,,16.71838,77.513973,5.99,0.43,F4V,UMi,,
81992,,16.750053,-28.509657,5.99,0.103,A3IV,Sco,,
82611,,16.888213,47.416725,5.99,1.325,K2III,Her,,
82806,,16.923523,-63.269659,5.99,0.059,A0III,Ara,,
84431,,17.26152,23.742761,5.99,1.335,K2III,Her,,
85751,,17.523134,-56.920964,5.99,-0.045,B7II/III,Ara,,
88012,,17.977514,-28.759089,5.99,-0.077,B3II/III,Sgr,,
89587,,18.281417,-3.007401,5.99,0.89,G3III,Ser,,
90052,,18.376477,12.02968,5.99,0.056,A2V,Oph,,
92391,,18.828043,-5.912863,5.99,1.568,K2Ib,Sct,,
92833,,18.914588,33.968576,5.99,0.922,G8III+...,Lyr,,
96895,,19.696945,50.52506,5.99,0.643,G2V,Cyg,,16
10729,,2.301275,57.516321,5.99,1.039,G7III,Per,,7
11095,,2.38123,-73.645792,5.99,1.088,K0III,Hyi,Kap,
12608,,2.701834,-38.383686,5.99,0.917,G8III,For,,
98738,,20.054555,18.500993,5.99,1.42,K3Iab:,Sge,,
101909,,20.65138,15.838199,5.99,-0.145,B3V,Del,,
102162,,20.700731,-76.180592,5.99,0.45,F4III-IV,Oct,Mu-1,
102945,,20.857152,-5.626633,5.99,0.464,F5IV-V,Aqr,,4
103219,,20.912304,75.92557,5.99,0.946,G5III,Cep,,
105574,,21.382293,-9.31933,5.99,1.516,M0III,Aqr,,17
112117,,22.710245,-47.210813,5.99,0.584,G0,Gru,,
112862,,22.855817,-29.536309,5.99,0.907,G8/K0III,PsA,,21
115806,,23.461218,25.167281,5.99,-0.066,A0MNp...,Peg,,69
116653,,23.639926,-76.869552,5.99,0.907,K0II/III,Oct,,
116768,,23.665289,9.677294,5.99,0.212,A2m,Peg,,
18339,,3.921147,-12.099105,5.99,0.323,Ap SrEu(Cr),Eri,,
22176,,4.771341,18.734693,5.99,1.221,K4III,Tau,,
22220,,4.779021,40.31259,5.99,0.934,G9III,Per,,
24575,,5.271708,34.312317,5.99,0.199,O9.5Vvar,Aur,,
25187,,5.388475,-8.415595,5.99,-0.037,B8+...,Ori,,
25816,,5.513514,41.461994,5.99,1.112,K0IIIp,Aur,,
26624,,5.658653,-3.564704,5.99,0.294,A8Vs,Ori,,
27939,,5.912232,0.968615,5.99,1.328,K0III,Ori,,
29692,,6.254923,-18.477163,5.99,1.058,K1III,CMa,,
29711,,6.258243,-4.914719,5.99,0.097,A5IVs,Mon,,
31876,,6.663255,12.982768,5.99,0.063,A2V,Gem,,
34914,,7.22334,-22.674241,5.99,1.481,K4III,CMa,,
35712,,7.367633,0.177121,5.99,-0.069,B8III,CMi,,
37345,,7.666109,-37.579422,5.99,-0.04,B4III,Pup,,
39236,,8.02508,16.455309,5.99,-0.024,B9.5Vn,Cnc,,5
46101,,9.401526,-61.648902,5.99,1.06,K0III,Car,,
47559,,9.696648,-55.213762,5.99,-0.119,B4V,Vel,,
,,0.545644,-63.03121,6.0,,A,Tuc,,
3137,,0.664428,-44.796293,6.0,1.142,K1IIICN...,Phe,,
50546,,10.324117,48.396762,6.0,1.022,K0,UMa,,
51194,,10.457042,-65.704664,6.0,0.091,A2V,Car,,
51200,,10.457792,41.601035,6.0,0.166,A2V,UMa,,
59384,,12.183354,81.709832,6.0,1.618,K5III:,Cam,,
60979,,12.499413,-41.735901,6.0,1.515,M2II/III,Cen,,
61688,,12.645726,-18.2501,6.0,0.31,F0V,Crv,,
62983,,12.905184,-11.64857,6.0,0.068,A2V,Vir,,
63340,,12.979809,75.472508,6.0,1.03,K0III,Dra,,
63948,,13.105901,21.153397,6.0,0.393,F4V,Com,,39
65129,,13.346761,-55.800688,6.0,0.236,B0.5Ia,Cen,,
66575,,13.646933,-57.622717,6.0,1.138,G5Ib,Cen,,
66925,,13.715587,-56.767971,6.0,-0.096,B0.5III,Cen,,
67545,,13.840189,5.497224,6.0,0.899,K0,Vir,,
68101,,13.942489,-54.704665,6.0,0.78,G8V,Cen,,
71094,,14.538953,26.677284,6.0,0.23,A7Vn,Boo,,
72848,,14.889939,19.152798,6.0,0.841,K2V,Boo,,
76810,,15.683083,16.024588,6.0,0.908,G8III,Ser,Tau-6,19
77678,,15.858736,-47.0608,6.0,1.152,K1IV,Nor,,
78665,,16.059545,-32.000538,6.0,0.47,F5IV/V,Lup,,
83601,,17.088005,0.702559,6.0,0.578,F9V,Oph,,
84631,,17.301372,17.317886,6.0,0.015,A1V,Her,,
86561,,17.689386,51.818182,6.0,1.068,K0III:,Dra,,
87616,,17.898548,-34.752721,6.0,-0.06,B9IV/V,Sco,,
,,18.09099,2.498264,6.0,1.15,K5 Ve,Oph,,
91525,,18.66467,52.196075,6.0,-0.067,A0p...,Dra,,
93855,,19.114477,-16.229276,6.0,-0.025,B7V,Sgr,,
96198,,19.561557,49.262319,6.0,1.545,M4.5III,Cyg,,
97402,,19.796816,25.384058,6.0,0.993,K0II-III,Vul,,
97499,,19.817279,-10.870763,6.0,1.233,K5III,Aql,,
9564,,2.047913,64.901466,6.0,0.029,A1Vn,Cas,,52
10215,,2.189507,-10.052162,6.0,0.418,F5V,Cet,,
11687,,2.512556,0.255749,6.0,0.168,A7III-IVs,Cet,,
11843,,2.548372,15.034554,6.0,0.572,F8V,Ari,,29
105080,,21.287289,55.798001,6.0,1.447,K3III,Cep,,
107487,,21.771186,-9.275935,6.0,1.629,M3III,Cap,,47
108612,,22.002202,6.717437,6.0,-0.112,B3III,Peg,,18
110873,,22.462847,31.840045,6.0,1.442,K2,Peg,,
20075,,4.304466,-20.71526,6.0,1.597,M4III,Eri,,
20493,,4.392324,20.982044,6.0,0.029,B8IV-V,Tau,,
23766,,5.108245,61.169756,6.0,1.38,K5II,Cam,,
27265,,5.779305,15.822497,6.0,-0.061,B8IIIMNp...,Tau,,129
29808,,6.276553,-39.264394,6.0,0.163,A2Vm...,Col,,
30318,,6.376776,12.570237,6.0,0.319,F0III,Ori,,
34182,,7.088436,22.637458,6.0,-0.027,B8Vn,Gem,,44
34561,,7.159268,-16.234509,6.0,0.04,B1Ib/II,CMa,,
35611,,7.348588,-26.963838,6.0,-0.172,B3V,CMa,,
40183,,8.208554,-46.264285,6.0,-0.113,B5V,Vel,,
40889,,8.344533,72.407232,6.0,1.537,M0III,UMa,,
43392,,8.839172,-42.089791,6.0,-0.114,O9V,Vel,,
